// ===================================================================
//  pf_milky.h -- GENERATED FILE, DO NOT EDIT
//  Milky mood sprites, RGB565 + 1bpp alpha mask.
//  Source art: plusecore/docs/assets   Regenerate: tools/build_assets.py
// ===================================================================
#pragma once
#include <Arduino.h>
#include <stdint.h>

struct MilkySprite {
  const uint16_t* pixels;
  const uint8_t*  mask;   // 1 bit per pixel, row-padded to bytes
  int16_t w, h;
};

// idle: milky-standing-happy.png  72x96
static const uint16_t MILKY_IDLE_PX[] PROGMEM = {
  0x0000,0x0000,0x0000,0x0000,0x0000,0x0000,0x0000,0x0000,0x0000,0x0000,0x0000,0x0000,
  0x0000,0x0000,0x0000,0x0000,0x0000,0x0000,0x0000,0x0000,0x0000,0x0000,0x0000,0x0000,
  0x0000,0x0000,0x0000,0x0000,0x0000,0x0000,0x0000,0x0000,0x0000,0x0000,0x0000,0x0000,
  0x0000,0x0000,0x0000,0x0000,0x0000,0x0000,0x0000,0x0000,0x0000,0x0000,0x0000,0x0000,
  0x0000,0x0000,0x0000,0x0000,0x0000,0x0000,0x0000,0x0000,0x0000,0x0000,0x0000,0x0000,
  0x0000,0x0000,0x0000,0x0000,0x0000,0x0000,0x0000,0x0000,0x0000,0x0000,0x0000,0x0000,
  0x0000,0x0000,0x0000,0x0000,0x0000,0x0000,0x0000,0x0000,0x0000,0x0000,0x0000,0x0000,
  0x0000,0x0000,0x0000,0x0000,0x0000,0x0000,0x0000,0x0000,0x0000,0x0000,0x0000,0x0000,
  0x0000,0x0000,0x0000,0x0000,0x0000,0x0000,0x0000,0x0000,0x0000,0x0000,0x0000,0x0000,
  0x0000,0x0000,0x0000,0x0000,0x0000,0x0000,0x0000,0x0000,0x0000,0x0000,0x0000,0x0000,
  0x0000,0x0000,0x0000,0x0000,0x0000,0x0000,0x0000,0x0000,0x0000,0x0000,0x0000,0x0000,
  0x0000,0x0000,0x0000,0x0000,0x0000,0x0000,0x0000,0x0000,0x0000,0x0000,0x0000,0x0000,
  0x0000,0x0000,0x0000,0x0000,0x0000,0x0000,0x0000,0x0000,0x0000,0x0000,0x0000,0x0000,
  0x0000,0x0000,0x0000,0x0000,0x0000,0x0000,0x0000,0x0000,0x0000,0x0000,0x0000,0x0000,
  0x0000,0x0000,0x0000,0x0000,0x0000,0x0000,0x0000,0x0000,0x0000,0x0000,0x0000,0x0000,
  0x0000,0x0000,0x0000,0x0000,0x0000,0x0000,0x0000,0x0000,0x0000,0x0000,0x0000,0x0000,
  0x0000,0x0000,0x0000,0x0000,0x0000,0x0000,0x0000,0x0000,0x0000,0x0000,0x0000,0x0000,
  0x0000,0x0000,0x0000,0x0000,0x0000,0x0000,0x0000,0x0000,0x0000,0x0000,0x0000,0x0000,
  0x0000,0x0000,0x0000,0x0000,0x0000,0x0000,0x0000,0x0000,0x0000,0x0000,0x0000,0x0000,
  0x0000,0x0000,0x0000,0x0000,0x0000,0x0000,0x0000,0x0000,0x0000,0x0000,0x0000,0x0000,
  0x0000,0x0000,0x0000,0x0000,0x0000,0x0000,0x0000,0x0000,0x0000,0x0000,0x0000,0x0000,
  0x0000,0x0000,0x0000,0x0000,0x0000,0x0000,0x0000,0x0000,0x0000,0x0000,0x0000,0x0000,
  0x0000,0x0000,0x0000,0x0000,0x0000,0x0000,0x0000,0x0000,0x0000,0x0000,0x0000,0x0000,
  0x0000,0x0000,0x0000,0x0000,0x0000,0x0000,0x0000,0x0000,0x0000,0x0000,0x0000,0x0000,
  0x0000,0x0000,0x0000,0x0000,0x0000,0x0000,0x0000,0x0000,0x0000,0x0000,0x0000,0x0000,
  0x0000,0x0000,0x0000,0x0000,0x0000,0x0000,0x0000,0x0000,0x0000,0x0000,0x0000,0x0000,
  0x0000,0x0000,0x0000,0x0000,0x0000,0x0000,0x0000,0x0000,0x0000,0x0000,0x0000,0x0000,
  0x0000,0x0000,0x0000,0x0000,0x0000,0x0000,0x0000,0x0000,0x0000,0x0000,0x0000,0x0000,
  0x0000,0x0000,0x0000,0x0000,0x0000,0x0000,0x0000,0x0000,0x0000,0x0000,0x0000,0x0000,
  0x0000,0x0000,0x0000,0x0000,0x0000,0x0000,0x0000,0x0000,0x0000,0x0000,0x0000,0x0000,
  0x0000,0x0000,0x0000,0x0000,0x0000,0x0000,0x0000,0x0000,0x0000,0x0000,0x0000,0x0000,
  0x0000,0x0000,0x0000,0x0000,0x0000,0x0000,0x0000,0x0000,0x0000,0x0000,0x0000,0x0000,
  0x0000,0x0000,0x0000,0x0000,0x10c3,0x11a8,0x1a6c,0x22ef,0x2351,0x2392,0x2b92,0x2371,
  0x230f,0x1a8d,0x11ea,0x0126,0x0082,0x0000,0x0000,0x0000,0x0000,0x0000,0x0000,0x0000,
  0x0000,0x0000,0x0000,0x0000,0x0000,0x0000,0x0000,0x0000,0x0000,0x0000,0x0000,0x0000,
  0x0000,0x0000,0x0000,0x0000,0x0000,0x0000,0x0000,0x0000,0x0000,0x0000,0x0000,0x0000,
  0x0000,0x0000,0x0000,0x0000,0x0000,0x0000,0x0000,0x0000,0x0000,0x0000,0x0000,0x0000,
  0x0000,0x0000,0x0000,0x0000,0x0000,0x0000,0x0000,0x0000,0x0000,0x0000,0x0000,0x0000,
  0x0000,0x0000,0x2209,0x2bf4,0x2479,0x24fc,0x2d5d,0x359f,0x3dff,0x3e1f,0x4e5f,0x569f,
  0x5ebf,0x76ff,0x7eff,0x7edf,0x6e3d,0x4d39,0x3bf3,0x224a,0x0882,0x0000,0x0000,0x0000,
  0x0000,0x0000,0x0000,0x0000,0x0000,0x0000,0x0000,0x0000,0x0000,0x0000,0x0000,0x0000,
  0x0000,0x0000,0x0000,0x0000,0x0000,0x0000,0x0000,0x0000,0x0000,0x0000,0x0000,0x0000,
  0x0000,0x0000,0x0000,0x0000,0x0000,0x0000,0x0000,0x0000,0x0000,0x0000,0x0000,0x0000,
  0x0000,0x0000,0x0000,0x0000,0x0000,0x0000,0x0000,0x0000,0x0000,0x0000,0x0000,0x0000,
  0x0000,0x224b,0x2cfb,0x0b56,0x0b76,0x13d7,0x1c59,0x24ba,0x2cfb,0x353c,0x3d7d,0x3dbd,
  0x4dde,0x5e3e,0x869f,0x9eff,0xa73f,0x971f,0x76ff,0x66bf,0x5dfc,0x4bd1,0x0861,0x0000,
  0x0000,0x0000,0x0000,0x0000,0x0000,0x0000,0x0000,0x0000,0x0000,0x0000,0x0000,0x0000,
  0x0000,0x0000,0x0000,0x0000,0x0000,0x0000,0x0000,0x0000,0x0000,0x0000,0x0000,0x0000,
  0x0000,0x0000,0x0000,0x0000,0x0000,0x0000,0x0000,0x0000,0x0000,0x0000,0x0000,0x0000,
  0x0000,0x0000,0x0000,0x0000,0x0000,0x0000,0x0000,0x0000,0x0000,0x0000,0x0000,0x0000,
  0x0000,0x3c56,0x1c18,0x02f3,0x0b55,0x13d8,0x1c59,0x24bb,0x2d1c,0x355d,0x359d,0x3dbe,
  0x45de,0x461f,0x5e5f,0x665f,0x667f,0x665f,0x5e3f,0x563f,0x4e3f,0x66ff,0x6cf6,0x0020,
  0x0000,0x0000,0x0000,0x0000,0x0000,0x0000,0x0000,0x0000,0x0000,0x0000,0x0000,0x0000,
  0x0000,0x0000,0x0000,0x0000,0x0000,0x0000,0x0000,0x0000,0x0000,0x0000,0x0000,0x0000,
  0x0000,0x0000,0x0000,0x0000,0x0000,0x0000,0x0000,0x0000,0x0000,0x0000,0x0000,0x0000,
  0x0000,0x0000,0x0000,0x0000,0x0000,0x0000,0x0000,0x0000,0x0000,0x0000,0x0000,0x0000,
  0x0000,0x4497,0x1c18,0x0b13,0x0b96,0x1418,0x1c7a,0x24db,0x2d3d,0x357d,0x3dbe,0x45de,
  0x45ff,0x4e3f,0x665f,0x6e7f,0x6e7f,0x665f,0x563f,0x4e3f,0x4e1f,0x3dff,0x96ff,0x1924,
  0x0000,0x0000,0x0000,0x0000,0x0000,0x0000,0x0000,0x0000,0x0000,0x0000,0x0000,0x0000,
  0x0000,0x0000,0x0000,0x0000,0x0000,0x0000,0x0000,0x0000,0x0000,0x0000,0x0000,0x0000,
  0x0000,0x0000,0x0000,0x0000,0x0000,0x0000,0x0000,0x0000,0x0000,0x0000,0x0000,0x0000,
  0x0000,0x0000,0x0000,0x0000,0x0000,0x0000,0x0000,0x0000,0x0000,0x0000,0x0000,0x0000,
  0x0020,0x44f8,0x13f8,0x0314,0x0b76,0x13d7,0x1c38,0x2479,0x24da,0x2cfb,0x355c,0x359d,
  0x3dde,0x4e1f,0x5e5f,0x6e9f,0x6ebf,0x6ebf,0x5e7f,0x565f,0x4e1f,0x45ff,0x96df,0x1925,
  0x0000,0x0000,0x0000,0x0000,0x0000,0x0000,0x0000,0x0000,0x0000,0x0000,0x0000,0x0000,
  0x0000,0x0000,0x0000,0x0000,0x0000,0x0000,0x0000,0x0000,0x0000,0x0000,0x0000,0x0000,
  0x0000,0x0000,0x0000,0x0000,0x0000,0x0000,0x0000,0x0000,0x0000,0x0000,0x0000,0x0000,
  0x0000,0x0000,0x0000,0x0000,0x0000,0x0000,0x0000,0x0000,0x0000,0x0000,0x0000,0x0000,
  0x0861,0x3cf9,0x2bf5,0x3bb3,0x3b71,0x3b30,0x330f,0x330f,0x330f,0x330f,0x330f,0x3330,
  0x3331,0x3b92,0x5475,0x5496,0x4cb7,0x4519,0x459c,0x45fe,0x3e1f,0x4e3f,0x96be,0x10c3,
  0x0000,0x0000,0x0000,0x0000,0x0000,0x0000,0x0000,0x0000,0x0000,0x0000,0x0000,0x0000,
  0x0000,0x0000,0x0000,0x0000,0x0000,0x0000,0x0000,0x0000,0x0000,0x0000,0x0000,0x0000,
  0x0000,0x0000,0x0000,0x0000,0x0000,0x0000,0x0000,0x0000,0x0000,0x0000,0x0000,0x0000,
  0x0000,0x0000,0x0000,0x0000,0x0000,0x0000,0x0000,0x0000,0x0000,0x0000,0x0000,0x0000,
  0x0000,0x2a4b,0xc67a,0x7c52,0x5bd1,0x5391,0x4b90,0x4b70,0x4b90,0x4b70,0x4b70,0x4b50,
  0x432f,0x5390,0x94f5,0x9d35,0x9d35,0x84b4,0x3b0f,0x3b71,0x33f5,0x34da,0x867e,0x0882,
  0x0000,0x0000,0x0000,0x0000,0x0000,0x0000,0x0000,0x0000,0x0000,0x0000,0x0000,0x0000,
  0x0000,0x0000,0x0000,0x0000,0x0000,0x0000,0x0000,0x0000,0x0000,0x0000,0x0000,0x0000,
  0x0000,0x0000,0x0000,0x0000,0x0000,0x0000,0x0000,0x0000,0x0000,0x0000,0x0000,0x0000,
  0x0000,0x0000,0x0000,0x0000,0x0000,0x0000,0x0000,0x0000,0x0000,0x0000,0x0000,0x0000,
  0x0000,0x0000,0xa534,0xb619,0x7494,0x4bf3,0x2b10,0x2b10,0x2af0,0x2aef,0x2b10,0x3310,
  0x32ef,0x53d2,0x84d5,0x84b4,0x84d4,0x7453,0x4b91,0x434f,0x7411,0xa5d9,0x2b71,0x0020,
  0x0000,0x0000,0x0000,0x0000,0x0000,0x0000,0x0000,0x0000,0x0000,0x0000,0x0000,0x0000,
  0x0000,0x0000,0x0000,0x0000,0x0000,0x0000,0x0000,0x0000,0x0000,0x0000,0x0000,0x0000,
  0x0000,0x0000,0x0000,0x0000,0x0000,0x0000,0x0000,0x0000,0x0000,0x0000,0x0000,0x0000,
  0x0000,0x0000,0x0000,0x0000,0x0000,0x0000,0x0000,0x0000,0x0000,0x0000,0x0000,0x0000,
  0x0000,0x0000,0x9492,0xd6fc,0xce9a,0xb619,0x8d36,0x74b5,0x6454,0x53f2,0x4bb2,0x4371,
  0x2b10,0x5c13,0xb639,0xb619,0xbe59,0x8d16,0x3330,0x5bf2,0xbe5a,0x9d14,0x0000,0x0000,
  0x0000,0x0000,0x0000,0x0000,0x0000,0x0000,0x0000,0x0000,0x0000,0x0000,0x0000,0x0000,
  0x0000,0x0000,0x0000,0x0000,0x0000,0x0000,0x0000,0x0000,0x0000,0x0000,0x0000,0x0000,
  0x0000,0x0000,0x0000,0x0000,0x0000,0x0000,0x0000,0x0000,0x0000,0x0000,0x0000,0x0000,
  0x0000,0x0000,0x0000,0x0000,0x0000,0x0000,0x0000,0x0000,0x0000,0x0000,0x0000,0x0000,
  0x0000,0x0000,0xc638,0xcebb,0xd6db,0xcebb,0xc67a,0xc67a,0xbe5a,0xbe39,0xb619,0xb619,
  0xadd8,0xbe5a,0xe75d,0xef7e,0xef9e,0xcebb,0xa5b7,0x9d76,0xd71c,0x39e7,0x0000,0x0000,
  0x0000,0x0000,0x0000,0x0000,0x0000,0x0000,0x0000,0x0000,0x0000,0x0000,0x0000,0x0000,
  0x0000,0x0000,0x0000,0x0000,0x0000,0x0000,0x0000,0x0000,0x0000,0x0000,0x0000,0x0000,
  0x0000,0x0000,0x0000,0x0000,0x0000,0x0000,0x0000,0x0000,0x0000,0x0000,0x0000,0x0000,
  0x0000,0x0000,0x0000,0x0000,0x0000,0x0000,0x0000,0x0000,0x0000,0x0000,0x0000,0x0000,
  0x0000,0x4a49,0xe75d,0xc67a,0xd6fc,0xc69a,0xbe5a,0xbe39,0xbe39,0xbe39,0xb639,0xbe39,
  0xb619,0xcebb,0xf7bf,0xffff,0xffff,0xe75d,0xadf8,0x9d97,0xd6fc,0x528a,0x0000,0x0000,
  0x0000,0x0000,0x0000,0x0000,0x0000,0x0000,0x0000,0x0000,0x0000,0x0000,0x0000,0x0000,
  0x0000,0x0000,0x0000,0x0000,0x0000,0x0000,0x0000,0x0000,0x0000,0x0000,0x0000,0x0000,
  0x0000,0x0000,0x0000,0x0000,0x0000,0x0000,0x0000,0x0000,0x0000,0x0000,0x0000,0x0000,
  0x0000,0x0000,0x0000,0x0000,0x0000,0x0000,0x0000,0x0000,0x0000,0x0000,0x0000,0x0000,
  0x0841,0xc639,0xcebb,0xcebb,0xcebb,0xc67a,0xc67a,0xbe5a,0xbe59,0xbe39,0xbe39,0xbe39,
  0xb619,0xc69a,0xef7e,0xf7df,0xffff,0xef9e,0xbe59,0xa5b7,0xcebb,0x8c71,0x0000,0x0020,
  0x0000,0x0000,0x0000,0x0000,0x0000,0x0000,0x0000,0x0000,0x0000,0x0000,0x0000,0x0000,
  0x0000,0x0000,0x0000,0x0000,0x0000,0x0000,0x0000,0x0000,0x0000,0x0000,0x0000,0x0000,
  0x0000,0x0000,0x0000,0x0000,0x0000,0x0000,0x0000,0x0000,0x0000,0x0000,0x0000,0x0000,
  0x0000,0x0000,0x0000,0x0000,0x0000,0x0000,0x0000,0x0000,0x0000,0x0000,0x0020,0x0000,
  0x8c51,0xe79e,0xdefc,0xef7d,0xe75d,0xe75d,0xe75d,0xe75d,0xe73d,0xdf3c,0xdf1c,0xd6fc,
  0xd6db,0xd6db,0xd6dc,0xd6fc,0xdf1c,0xdf1c,0xbe5a,0xb619,0xb619,0xce9a,0x1061,0x0000,
  0x0000,0x0000,0x0000,0x0000,0x0000,0x0000,0x0000,0x0000,0x0000,0x0000,0x0000,0x0000,
  0x0000,0x0000,0x0000,0x0000,0x0000,0x0000,0x0000,0x0000,0x0000,0x0000,0x0000,0x0000,
  0x0000,0x0000,0x0000,0x0000,0x0000,0x0000,0x0000,0x0000,0x0000,0x0000,0x0000,0x0000,
  0x0000,0x0000,0x0000,0x0000,0x0000,0x0000,0x0000,0x0000,0x0000,0x0000,0x0000,0x528a,
  0xef9e,0xdedb,0xef3c,0xef5c,0xf77d,0xf79d,0xffbe,0xffde,0xffde,0xffdf,0xffff,0xffff,
  0xffff,0xffff,0xffff,0xffdf,0xf7be,0xef9e,0xe73d,0xdefc,0xbe39,0xd6fc,0x7bef,0x0000,
  0x0000,0x0000,0x0000,0x0000,0x0000,0x0000,0x0000,0x0000,0x0000,0x0000,0x0000,0x0000,
  0x0000,0x0000,0x0000,0x0000,0x0000,0x0000,0x0000,0x0000,0x0000,0x0000,0x0000,0x0000,
  0x0000,0x0000,0x0000,0x0000,0x0000,0x0000,0x0000,0x0000,0x0000,0x0000,0x0000,0x0000,
  0x0000,0x0000,0x0000,0x0000,0x0000,0x0000,0x0000,0x0000,0x0000,0x0000,0x2104,0xdf1c,
  0xdeda,0xd679,0xdeb9,0xe71b,0xef3c,0xef5c,0xf77d,0xf79d,0xf79d,0xffbe,0xffbe,0xffde,
  0xffde,0xffde,0xffff,0xffff,0xffff,0xffff,0xffff,0xffff,0xffdf,0xef7d,0xdf1c,0x2104,
  0x0000,0x0000,0x0000,0x0000,0x0000,0x0000,0x0000,0x0000,0x0000,0x0000,0x0000,0x0000,
  0x0000,0x0000,0x0000,0x0000,0x0000,0x0000,0x0000,0x0000,0x0000,0x0000,0x0000,0x0000,
  0x0000,0x0000,0x0000,0x0000,0x0000,0x0000,0x0000,0x0000,0x0000,0x0000,0x0000,0x0000,
  0x0000,0x0000,0x0000,0x0000,0x0000,0x0000,0x0000,0x0000,0x0000,0x0000,0xad96,0xe73c,
  0xd679,0xd699,0xe6fb,0xef3c,0xef7c,0xf77d,0xf79d,0xf79d,0xffbe,0xffbe,0xffde,0xffde,
  0xffde,0xffde,0xffff,0xffff,0xffff,0xffff,0xffff,0xffde,0xffde,0xffbe,0xf7be,0x9cd3,
  0x0000,0x0000,0x0000,0x0000,0x0000,0x0000,0x0000,0x0000,0x0000,0x0000,0x0000,0x0000,
  0x0000,0x0000,0x0000,0x0000,0x0000,0x0000,0x0000,0x0000,0x0000,0x0000,0x0000,0x0000,
  0x0000,0x0000,0x0000,0x0000,0x0000,0x0000,0x0000,0x0000,0x0000,0x0000,0x0000,0x0000,
  0x0000,0x0000,0x0000,0x0000,0x0000,0x0000,0x0000,0x0000,0x0000,0x5aeb,0xef7d,0xce38,
  0xd679,0xdeba,0xe71b,0xef5c,0xf77d,0xf79d,0xf79d,0xf7be,0xffbe,0xffde,0xffde,0xffde,
  0xffde,0xffde,0xffff,0xffff,0xffff,0xffff,0xffff,0xffde,0xffde,0xffde,0xf79d,0xef7d,
  0x39c7,0x0000,0x0000,0x0000,0x0000,0x0000,0x0000,0x0000,0x0000,0x0000,0x0000,0x0000,
  0x0000,0x0000,0x0000,0x0000,0x0000,0x0000,0x0000,0x0000,0x0000,0x0000,0x0000,0x0000,
  0x0000,0x0000,0x0000,0x0000,0x0000,0x0000,0x0000,0x0000,0x0000,0x0000,0x0000,0x0000,
  0x0000,0x0000,0x0000,0x0000,0x0000,0x0000,0x0000,0x0000,0x1082,0xd6ba,0xd699,0xce37,
  0xd679,0xe6fa,0xef3c,0xef5c,0xf77d,0xf79d,0xf79d,0xffbe,0xffbe,0xffde,0xffde,0xffde,
  0xffde,0xffde,0xffff,0xffff,0xffff,0xffff,0xffff,0xffff,0xffde,0xffde,0xffbe,0xffdf,
  0xa535,0x0000,0x0000,0x0000,0x0000,0x0000,0x0000,0x0000,0x0000,0x0000,0x0000,0x0000,
  0x0000,0x0000,0x0000,0x0000,0x0000,0x0000,0x0000,0x0000,0x0000,0x0000,0x0000,0x0000,
  0x0000,0x0000,0x0000,0x0000,0x0000,0x0000,0x0000,0x0000,0x0000,0x0000,0x0000,0x0000,
  0x0000,0x0000,0x0000,0x0000,0x0000,0x0000,0x0020,0x0000,0x738e,0xef5d,0xc5f6,0xce38,
  0xd699,0xe71b,0xef5c,0xf77d,0xf77d,0xf79d,0xf7be,0xffbe,0xffbe,0xffde,0xffde,0xffde,
  0xffde,0xffde,0xffff,0xffff,0xffff,0xffff,0xffff,0xffff,0xfffe,0xffde,0xffde,0xf79d,
  0xe75d,0x2965,0x0000,0x0000,0x0000,0x0000,0x0000,0x0000,0x0000,0x0000,0x0000,0x0000,
  0x0000,0x0000,0x0000,0x0000,0x0000,0x0000,0x0000,0x0000,0x0000,0x0000,0x0000,0x0000,
  0x0000,0x0000,0x0000,0x0000,0x0000,0x0000,0x0000,0x0000,0x0000,0x0000,0x0000,0x0000,
  0x0000,0x0000,0x0000,0x0000,0x0000,0x0000,0x0000,0x0841,0xce79,0xd679,0xc5f7,0xce58,
  0xdeda,0xe71b,0xef5c,0xf77d,0xf77d,0xf79d,0xf79d,0xffbe,0xffbe,0xffde,0xffde,0xffde,
  0xffde,0xffde,0xffff,0xffff,0xffff,0xffff,0xffff,0xffff,0xffff,0xfffe,0xffde,0xffbe,
  0xffdf,0x8431,0x0000,0x0000,0x0000,0x0000,0x0000,0x0000,0x0000,0x0000,0x0000,0x0000,
  0x0000,0x0000,0x0000,0x0000,0x0000,0x0000,0x0000,0x0000,0x0000,0x0000,0x0000,0x0000,
  0x0000,0x0000,0x0000,0x0000,0x0000,0x0000,0x0000,0x0000,0x0000,0x0000,0x0000,0x0000,
  0x0000,0x0000,0x0000,0x0000,0x0000,0x0020,0x0000,0x528a,0xef5d,0xbdd6,0xc617,0xd678,
  0xdeda,0xe71b,0xef5c,0xef5c,0xf79d,0xffde,0xffbe,0xf7bd,0xffbe,0xffde,0xffde,0xffde,
  0xffde,0xffde,0xffff,0xffff,0xffff,0xffff,0xffff,0xffff,0xffff,0xfffe,0xffde,0xffde,
  0xffbe,0xce59,0x0841,0x0000,0x0000,0x0000,0x0000,0x0000,0x0000,0x0000,0x0000,0x0000,
  0x0000,0x0000,0x0000,0x0000,0x0000,0x0000,0x0000,0x0000,0x0000,0x0000,0x0000,0x0000,
  0x0000,0x0000,0x0000,0x0000,0x0000,0x0000,0x0000,0x0000,0x0000,0x0000,0x0000,0x0000,
  0x0000,0x0000,0x0000,0x0000,0x0000,0x0000,0x0000,0xa534,0xdedb,0xbdb6,0xce37,0xd679,
  0xe6fa,0xef3b,0xef5c,0xffde,0xe71b,0xce58,0xef5c,0xffff,0xffbe,0xffde,0xffde,0xffde,
  0xffde,0xffde,0xffdf,0xffff,0xffff,0xffdf,0xffff,0xffdf,0xffdf,0xffde,0xfffe,0xffde,
  0xffbe,0xef7e,0x39c7,0x0000,0x0000,0x0000,0x0000,0x0000,0x0000,0x0000,0x0000,0x0000,
  0x0000,0x0000,0x0000,0x0000,0x0000,0x0000,0x0000,0x0000,0x0000,0x0000,0x0000,0x0000,
  0x0000,0x0000,0x0000,0x0000,0x0000,0x0000,0x0000,0x0000,0x0000,0x0000,0x0000,0x0000,
  0x0000,0x0000,0x0000,0x0000,0x0000,0x0000,0x1082,0xdeda,0xce38,0xc5d6,0xce38,0xd699,
  0xe6fa,0xe71b,0xf77d,0x7bef,0x0861,0x0000,0x2945,0xce59,0xffff,0xffbe,0xffde,0xffde,
  0xffde,0xffde,0xffde,0xffff,0xffff,0xffff,0xffff,0xffff,0xffff,0xffde,0xfffe,0xffde,
  0xffbe,0xffff,0x738e,0x0000,0x0020,0x0000,0x0000,0x0000,0x0000,0x0000,0x0000,0x0000,
  0x0000,0x0000,0x0000,0x0000,0x0000,0x0000,0x0000,0x0000,0x0000,0x0000,0x0000,0x0000,
  0x0000,0x0000,0x0000,0x0000,0x0000,0x0000,0x0000,0x0000,0x0000,0x0000,0x0000,0x0000,
  0x0000,0x0000,0x0000,0x0000,0x0000,0x0000,0x4228,0xef5d,0xbdd6,0xc5f7,0xce37,0xde99,
  0xe6fa,0xf79d,0x9491,0x2124,0x8430,0x9cd2,0x5aca,0xad75,0xffff,0xffbe,0xffde,0xffde,
  0xffde,0xffde,0xffde,0xffff,0xffdf,0x9492,0x632c,0x9cf3,0xffbe,0xffff,0xffde,0xffde,
  0xffbe,0xffff,0x9cf4,0x0000,0x0000,0x0000,0x0000,0x0000,0x0000,0x0000,0x0000,0x0000,
  0x0000,0x0000,0x0000,0x0000,0x0000,0x0000,0x0000,0x0000,0x0000,0x0000,0x0000,0x0000,
  0x0000,0x0000,0x0000,0x0000,0x0000,0x0000,0x0000,0x0000,0x0000,0x0000,0x0000,0x0000,
  0x0000,0x0000,0x0000,0x0000,0x0020,0x0000,0x73ae,0xef3c,0xbd95,0xc5f7,0xce38,0xdeb9,
  0xe6fb,0xef3b,0xd679,0xef5c,0xffff,0xffde,0xffff,0xffde,0xf7bd,0xffbe,0xffde,0xffde,
  0xffde,0xffde,0xffde,0xffff,0xe71c,0x39c7,0x4228,0x18c3,0x528a,0xffbe,0xffde,0xffde,
  0xffde,0xffde,0xbdf8,0x0000,0x0000,0x0000,0x0000,0x0000,0x0000,0x0000,0x0000,0x0000,
  0x0000,0x0000,0x0000,0x0000,0x0000,0x0000,0x0000,0x0000,0x0000,0x0000,0x0000,0x0000,
  0x0000,0x0000,0x0000,0x0000,0x0000,0x0000,0x0000,0x0000,0x0000,0x0000,0x0000,0x0000,
  0x0000,0x0000,0x0000,0x0000,0x0000,0x0000,0x9cf3,0xdedb,0xb595,0xc617,0xce38,0xdeb9,
  0xe6fb,0xef3b,0xf77d,0xf79d,0xffde,0xffde,0xf77d,0xf79d,0xffbe,0xffbe,0xffde,0xffde,
  0xffde,0xffde,0xffde,0xffde,0xffde,0xffff,0xffff,0xe71c,0x528a,0xc617,0xffff,0xffde,
  0xffde,0xffbe,0xd69a,0x0841,0x0000,0x0000,0x0000,0x0000,0x0000,0x0000,0x0000,0x0000,
  0x0000,0x0000,0x0000,0x0000,0x0000,0x0000,0x0000,0x0000,0x0000,0x0000,0x0000,0x0000,
  0x0000,0x0000,0x0000,0x0000,0x0000,0x0000,0x0000,0x0000,0x0000,0x0000,0x0000,0x0000,
  0x0000,0x0000,0x0000,0x0000,0x0000,0x0000,0xb5b6,0xd69a,0xbdb5,0xc617,0xce38,0xdeb9,
  0xe71b,0xe73b,0xf79d,0xe73b,0xbdb6,0xbdd6,0xf79d,0xffde,0xffbe,0xffbe,0xffde,0xffde,
  0xffde,0xffde,0xffde,0xffde,0xffde,0xfffe,0xffff,0xffff,0xffff,0xf7be,0xffde,0xffde,
  0xffde,0xffbe,0xdefc,0x10a2,0x0000,0x0000,0x0000,0x0000,0x0000,0x0000,0x0000,0x0000,
  0x0000,0x0000,0x0000,0x0000,0x0000,0x0000,0x0000,0x0000,0x0000,0x0000,0x0000,0x0000,
  0x0000,0x0000,0x0000,0x0000,0x0000,0x0000,0x0000,0x0000,0x0000,0x0000,0x0000,0x0000,
  0x0000,0x0000,0x0000,0x0000,0x0000,0x0020,0xc638,0xce79,0xbdb6,0xc617,0xce58,0xdeba,
  0xe6fb,0xf77d,0xce38,0x7bcf,0x9cf3,0x94b2,0x7bce,0xe73c,0xffde,0xffbe,0xffde,0xffde,
  0xffde,0xffde,0xffde,0xffde,0xffff,0xffde,0xf7be,0xffff,0xffff,0xfffe,0xffde,0xffde,
  0xffde,0xffbe,0xe71c,0x18e3,0x0000,0x0000,0x0000,0x0000,0x0000,0x0000,0x0000,0x0000,
  0x0000,0x0000,0x0000,0x0000,0x0000,0x0000,0x0000,0x0000,0x0000,0x0000,0x0000,0x0000,
  0x0000,0x0000,0x0000,0x0000,0x0000,0x0000,0x0000,0x0000,0x0000,0x0000,0x0000,0x0000,
  0x0000,0x0000,0x0000,0x0000,0x0000,0x0861,0xd6ba,0xce38,0xbdb6,0xc617,0xce58,0xdeba,
  0xe71b,0xdeba,0x8c51,0xf79e,0xffff,0xf7be,0xd69a,0x9cd2,0xffde,0xffbe,0xffde,0xffde,
  0xffde,0xffde,0xffde,0xffff,0xc638,0x9492,0x840f,0x9cd3,0xffde,0xffde,0xffde,0xffde,
  0xffde,0xf7be,0xe71c,0x18c3,0x0000,0x0000,0x0000,0x0000,0x0000,0x0000,0x0000,0x0000,
  0x0000,0x0000,0x0000,0x0000,0x0000,0x0000,0x0000,0x0000,0x0000,0x0000,0x0000,0x0000,
  0x0000,0x0000,0x0000,0x0000,0x0000,0x0000,0x0000,0x0000,0x0000,0x0000,0x0000,0x0000,
  0x0000,0x0000,0x0000,0x0000,0x0000,0x18c3,0xdefb,0xc617,0xbdd6,0xc617,0xd658,0xdeba,
  0xef3c,0xad34,0xdedb,0xd69a,0x2945,0x10a2,0x9cf3,0xb5b6,0xe6fa,0xfffe,0xffbe,0xffde,
  0xffde,0xffde,0xffff,0xd69a,0xce38,0xffff,0xffff,0xad55,0x9cd2,0xffff,0xffde,0xffde,
  0xffde,0xf7be,0xdefb,0x1082,0x0000,0x0000,0x0000,0x0000,0x0000,0x0000,0x0000,0x0000,
  0x0000,0x0000,0x0000,0x0000,0x0000,0x0000,0x0000,0x0000,0x0000,0x0000,0x0000,0x0000,
  0x0000,0x0000,0x0000,0x0000,0x0000,0x0000,0x0000,0x0000,0x0000,0x0000,0x0000,0x0000,
  0x0000,0x0000,0x0000,0x0000,0x0000,0x2945,0xe71c,0xc5f7,0xbdd6,0xc617,0xd678,0xdeba,
  0xdeda,0xa534,0xef5d,0x39c7,0x0000,0x7bcf,0xc618,0x83ef,0xe6fb,0xffff,0xffbe,0xffde,
  0xffde,0xffde,0xf7be,0xc638,0x7bef,0x39c6,0x9cd3,0xffff,0x9cf3,0xe71b,0xffff,0xffde,
  0xffde,0xffbe,0xd69a,0x0841,0x0000,0x0000,0x0000,0x0000,0x0000,0x0000,0x0000,0x0000,
  0x0000,0x0000,0x0000,0x0000,0x0000,0x0000,0x0000,0x0000,0x0000,0x0000,0x0000,0x0000,
  0x0000,0x0000,0x0000,0x0000,0x0000,0x0000,0x0000,0x0000,0x0000,0x0000,0x0000,0x0000,
  0x0000,0x0000,0x0000,0x0000,0x0000,0x39c7,0xef5d,0xbdd6,0xc5f6,0xce17,0xd678,0xdeda,
  0xdeba,0xb595,0xce59,0x0861,0x0000,0x2104,0x3186,0x630c,0xef3c,0xffde,0xffbe,0xffde,
  0xffde,0xfffe,0xf7be,0x7bcf,0x0000,0x5acb,0xbdd7,0xc618,0xdedb,0xce38,0xffff,0xffde,
  0xffbe,0xffde,0xc659,0x0000,0x0000,0x0000,0x0000,0x0000,0x0000,0x0000,0x0000,0x0000,
  0x0000,0x0000,0x0000,0x0000,0x0000,0x0000,0x0000,0x0000,0x0000,0x0000,0x0000,0x0000,
  0x0000,0x0000,0x0000,0x0000,0x0000,0x0000,0x0000,0x0000,0x0000,0x0000,0x0000,0x0000,
  0x0000,0x0000,0x0000,0x0000,0x0000,0x4a49,0xef5d,0xbdb6,0xc5f7,0xce37,0xd679,0xdeda,
  0xe6fa,0xb575,0xce79,0x20e3,0x0000,0x0000,0x0000,0x8430,0xf79d,0xffbe,0xffde,0xffde,
  0xffde,0xffff,0xef5d,0x2965,0x0000,0x2965,0x528a,0x8c51,0xef5d,0xce38,0xffff,0xffde,
  0xffbe,0xffde,0xbdd7,0x0000,0x0000,0x0000,0x0000,0x0000,0x0000,0x0000,0x0000,0x0000,
  0x0000,0x0000,0x0000,0x0000,0x0000,0x0000,0x0000,0x0000,0x0000,0x0000,0x0000,0x0000,
  0x0000,0x0000,0x0000,0x0000,0x0000,0x0000,0x0000,0x0000,0x0000,0x0000,0x0000,0x0000,
  0x0000,0x0000,0x0000,0x0020,0x0000,0x52aa,0xef7d,0xbdb5,0xc5f7,0xce37,0xd679,0xdeda,
  0xef1b,0xc617,0xc618,0x9492,0x1082,0x0841,0x4a49,0xc638,0xffde,0xffbe,0xffde,0xffde,
  0xffde,0xffff,0xf79d,0x39c7,0x0000,0x0000,0x0000,0xad75,0xdefb,0xdeda,0xffff,0xffde,
  0xffbe,0xffff,0xad55,0x0000,0x0000,0x0000,0x0000,0x0000,0x0000,0x0000,0x0000,0x0000,
  0x0000,0x0000,0x0000,0x0000,0x0000,0x0000,0x0000,0x0000,0x0000,0x0000,0x0000,0x0000,
  0x0000,0x0000,0x0000,0x0000,0x0000,0x0000,0x0000,0x0000,0x0000,0x0000,0x0000,0x0000,
  0x0000,0x0000,0x0000,0x0020,0x0000,0x632c,0xef7d,0xb595,0xc5f7,0xce38,0xd699,0xdeda,
  0xe71b,0xef5c,0xbdd7,0xbdf7,0xa514,0x8c71,0xc617,0xf79d,0xf7be,0xffbe,0xffde,0xffde,
  0xffde,0xffde,0xffff,0x8c30,0x18c3,0x0000,0x4208,0xf7be,0xbdd7,0xffbe,0xffde,0xffde,
  0xffbd,0xffff,0x9cd3,0x0000,0x0000,0x0000,0x0000,0x0000,0x0000,0x0000,0x0000,0x0000,
  0x0000,0x0000,0x0000,0x0000,0x0000,0x0000,0x0000,0x0000,0x0000,0x0000,0x0000,0x0000,
  0x0000,0x0000,0x0000,0x0000,0x0000,0x0000,0x0000,0x0000,0x0000,0x0000,0x0000,0x0000,
  0x0000,0x0000,0x0000,0x0020,0x0000,0x73ae,0xef5d,0xb595,0xc5f7,0xce38,0xd699,0xe6fa,
  0xe71b,0xef5c,0xf77d,0xdeda,0xdedb,0xef3c,0xffde,0xffff,0xffff,0xfffe,0xffbe,0xffbe,
  0xffde,0xffff,0xffff,0xef5c,0x9472,0x8430,0xdedb,0xc618,0xdefb,0xffff,0xffde,0xffde,
  0xf79d,0xffff,0x8431,0x0000,0x0020,0x0000,0x0000,0x0000,0x0000,0x0000,0x0000,0x0000,
  0x0000,0x0000,0x0000,0x0000,0x0000,0x0000,0x0000,0x0000,0x0000,0x0000,0x0000,0x0000,
  0x0000,0x0000,0x0000,0x0000,0x0000,0x0000,0x0000,0x0000,0x0000,0x0000,0x0000,0x0000,
  0x0000,0x0000,0x0000,0x0020,0x0000,0x8430,0xef5c,0xb575,0xc5f7,0xce37,0xd699,0xe6fa,
  0xef3b,0xef5c,0xef7c,0xffbe,0xffde,0xffde,0xf77d,0x5aca,0x94b2,0xef3c,0xffff,0xffff,
  0xffff,0xef7d,0xdeda,0xffff,0xf77d,0xdefb,0xce79,0xe73c,0xffff,0xffde,0xffde,0xffde,
  0xf79d,0xffff,0x73ae,0x0000,0x0020,0x0000,0x0000,0x0000,0x0000,0x0000,0x0000,0x0000,
  0x0000,0x0000,0x0000,0x0000,0x0000,0x0000,0x0000,0x0000,0x0000,0x0000,0x0000,0x0000,
  0x0000,0x0000,0x0000,0x0000,0x0000,0x0000,0x0000,0x0000,0x0000,0x0000,0x0000,0x0000,
  0x0000,0x0000,0x0000,0x0000,0x0000,0x3bb2,0xa65b,0xbd94,0xcdf6,0xce17,0xd679,0xdeda,
  0xe71b,0xef5c,0xf77d,0xf79d,0xf79d,0xffbe,0xef3c,0x0020,0x0000,0x1082,0x39e7,0x5269,
  0x4a48,0x18c3,0x31a6,0xffff,0xfffe,0xffff,0xffff,0xffff,0xffde,0xffde,0xffde,0xffde,
  0xf79d,0xffff,0x630c,0x0000,0x0020,0x0000,0x0000,0x0000,0x0000,0x0000,0x0000,0x0000,
  0x0000,0x0000,0x0000,0x0000,0x0000,0x0000,0x0000,0x0000,0x0000,0x0000,0x0000,0x0000,
  0x0000,0x0000,0x0000,0x0000,0x0000,0x0000,0x0000,0x0000,0x0000,0x0000,0x0000,0x0000,
  0x0000,0x0000,0x0000,0x0000,0x0020,0x4414,0x2479,0x4415,0x9d76,0xce17,0xe698,0xeefa,
  0xef3b,0xef5c,0xef7d,0xf79d,0xf79d,0xf79d,0xffff,0x528a,0x0000,0x1882,0x0000,0x0000,
  0x0000,0x0000,0x7bef,0xffff,0xffbe,0xffde,0xffde,0xffde,0xffde,0xffde,0xffde,0xffde,
  0xf79d,0xffff,0x4a8a,0x0000,0x0020,0x0000,0x0000,0x0000,0x0000,0x0000,0x0000,0x0000,
  0x0000,0x0000,0x0000,0x0000,0x0000,0x0000,0x0000,0x0000,0x0000,0x0000,0x0000,0x0000,
  0x0000,0x0000,0x0000,0x0000,0x0000,0x0000,0x0000,0x0000,0x0000,0x0000,0x0000,0x0000,
  0x0000,0x0000,0x1082,0x10a2,0x0841,0x3392,0x2c99,0x0314,0x0b55,0x3437,0x6d38,0xa61a,
  0xd6db,0xf77c,0xff9d,0xf79d,0xf79d,0xf79d,0xffde,0xce99,0x79c8,0xe2ee,0xcb0e,0xd34f,
  0x6126,0x31a6,0xf79d,0xffdf,0xffde,0xfffe,0xfffe,0xffde,0xffde,0xffde,0xffde,0xfffe,
  0xffbd,0xb73f,0x2209,0x0000,0x0000,0x0000,0x0000,0x0000,0x0000,0x0000,0x0000,0x0000,
  0x0000,0x0000,0x0000,0x0000,0x0000,0x0000,0x0000,0x0000,0x0000,0x0000,0x0000,0x0000,
  0x0000,0x0000,0x0000,0x0000,0x0000,0x0000,0x0000,0x0000,0x0000,0x0000,0x0000,0x0000,
  0x10a2,0x2104,0x18e3,0x1082,0x0000,0x128f,0x2c79,0x0b14,0x0b55,0x0b96,0x03d8,0x0c19,
  0x249a,0x555b,0x9e5c,0xe75d,0xffdd,0xffbd,0xf79d,0xfffe,0xeefb,0xcc93,0xe472,0xe493,
  0xccd3,0xef5c,0xffff,0xffde,0xffde,0xffde,0xfffe,0xfffe,0xfffe,0xfffe,0xf7be,0xcf5e,
  0x765e,0x35be,0x324a,0x2924,0x10a2,0x0000,0x0000,0x0000,0x0000,0x0000,0x0000,0x0000,
  0x0000,0x0000,0x0000,0x0000,0x0000,0x0000,0x0000,0x0000,0x0000,0x0000,0x0000,0x0000,
  0x0000,0x0000,0x0000,0x0000,0x0000,0x0000,0x0000,0x0000,0x0000,0x0000,0x0020,0x2124,
  0x2104,0x18e3,0x18e3,0x0861,0x0000,0x0270,0x1c18,0x0314,0x0b55,0x13b6,0x13f8,0x1c59,
  0x1459,0x1c7a,0x149b,0x351b,0x8e3c,0xe77d,0xffde,0xffbd,0xf79d,0xe75c,0xdf1b,0xe73b,
  0xf7ff,0xffff,0xffde,0xfffe,0xfffe,0xfffe,0xefbe,0xbf5f,0x96df,0x769f,0x563f,0x35be,
  0x2d9e,0x357c,0x2187,0x39a6,0x4208,0x2965,0x0861,0x0000,0x0000,0x0000,0x0000,0x0000,
  0x0000,0x0000,0x0000,0x0000,0x0000,0x0000,0x0000,0x0000,0x0000,0x0000,0x0000,0x0000,
  0x0000,0x0000,0x0000,0x0000,0x0000,0x0000,0x0000,0x0000,0x0000,0x0841,0x2965,0x18e3,
  0x2104,0x18e3,0x0861,0x0020,0x0841,0x0ad1,0x13d7,0x0b14,0x0b55,0x0bb7,0x1418,0x1439,
  0x249a,0x1c9a,0x24db,0x24fb,0x1cdb,0x3d5c,0x9e7d,0xef9e,0xffde,0xffde,0xffbd,0xffde,
  0xffde,0xfffe,0xfffe,0xffde,0xcf5f,0x86bf,0x563f,0x461f,0x3dff,0x3dff,0x3dff,0x3dde,
  0x3dde,0x2cfa,0x0062,0x0861,0x2124,0x4208,0x4208,0x18e3,0x0000,0x0000,0x0000,0x0000,
  0x0000,0x0000,0x0000,0x0000,0x0000,0x0000,0x0000,0x0000,0x0000,0x0000,0x0000,0x0000,
  0x0000,0x0000,0x0000,0x0000,0x0000,0x0000,0x0000,0x0000,0x0020,0x2945,0x18e3,0x2124,
  0x18c3,0x0841,0x0841,0x0020,0x0841,0x2bf5,0x1396,0x0314,0x0b55,0x13b7,0x0bd8,0x655a,
  0xe77d,0x75dc,0x1cbb,0x24db,0x1cdb,0x1cfc,0x251c,0x459d,0x865d,0xbf1e,0xd77e,0xe79e,
  0xdf7e,0xbf3e,0x9edf,0x6e5f,0x4e1f,0x461f,0x5e3f,0x563f,0x4e1f,0x461f,0x45ff,0x3dde,
  0x35df,0x2498,0x0861,0x0882,0x0841,0x10a2,0x31a6,0x4228,0x2124,0x0000,0x0000,0x0000,
  0x0000,0x0000,0x0000,0x0000,0x0000,0x0000,0x0000,0x0000,0x0000,0x0000,0x0000,0x0000,
  0x0000,0x0000,0x0000,0x0000,0x0000,0x0000,0x0000,0x0000,0x18e3,0x18e3,0x2104,0x18c3,
  0x0841,0x0841,0x0000,0x0000,0x0861,0x44b8,0x1396,0x02f3,0x0b55,0x13b7,0x03d8,0x8dba,
  0xffdc,0xd73d,0x149b,0x65bc,0xaedd,0x6dfd,0x2d3c,0x2d5d,0x255d,0x2d7d,0x35be,0x3dde,
  0x3dde,0x3dde,0x35df,0x3dff,0x4e1f,0x461f,0x96df,0x4e1f,0x461f,0x461f,0x45ff,0x3dbe,
  0x35bf,0x2416,0x0000,0x0020,0x1082,0x0862,0x0861,0x2965,0x4208,0x2104,0x0000,0x0000,
  0x0000,0x0000,0x0000,0x0000,0x0000,0x0000,0x0000,0x0000,0x0000,0x0000,0x0000,0x0000,
  0x0000,0x0000,0x0000,0x0000,0x0000,0x0000,0x0000,0x0000,0x2104,0x10a2,0x3165,0x10a2,
  0x0020,0x0000,0x0000,0x0000,0x08a2,0x44d8,0x1396,0x02f4,0x0b75,0x13b7,0x13f8,0x2459,
  0x8dda,0xb69c,0x2cdb,0xe75d,0xffff,0xffff,0x8e7e,0x1d3d,0x3d7d,0x3d9d,0x3dbe,0x3dbe,
  0x3dbe,0x3ddf,0x869f,0xbf5f,0xcf7f,0x86bf,0x461f,0x8ebf,0x5e5f,0x45ff,0x45ff,0x3dbe,
  0x35bf,0x2bd3,0x0000,0x0000,0x0000,0x0882,0x0862,0x0020,0x2965,0x39c7,0x0841,0x0000,
  0x0000,0x0000,0x0000,0x0000,0x0000,0x0000,0x0000,0x0000,0x0000,0x0000,0x0000,0x0000,
  0x0000,0x0000,0x0000,0x0000,0x0000,0x0000,0x0000,0x0000,0x18e3,0x1082,0x31a6,0x2945,
  0x0020,0x0000,0x0020,0x0000,0x10c3,0x44f9,0x1396,0x02f4,0x0b76,0x13d7,0x1418,0x1439,
  0x0c19,0x1c7a,0x147a,0xbe9c,0xffbe,0xffbe,0xffff,0x969e,0x2d5d,0x2d7d,0x2d7e,0x35be,
  0x5e3e,0xc75f,0xffff,0xffff,0xffff,0xf7df,0x6e7f,0xffff,0x6e7f,0x3dff,0x45ff,0x359e,
  0x35bf,0x2b71,0x0000,0x0020,0x0020,0x0000,0x1082,0x0861,0x3186,0x31a6,0x0861,0x0000,
  0x0000,0x0000,0x0000,0x0000,0x0000,0x0000,0x0000,0x0000,0x0000,0x0000,0x0000,0x0000,
  0x0000,0x0000,0x0000,0x0000,0x0000,0x0000,0x0000,0x0000,0x18c3,0x1082,0x2124,0x39c7,
  0x10c3,0x0000,0x0000,0x0000,0x1125,0x451a,0x1375,0x0314,0x0b96,0x13d7,0x1418,0x1439,
  0xbebc,0xb69c,0x657b,0xe73c,0xffde,0xef9e,0xf7be,0xffff,0xefbf,0xb71e,0xaefe,0xd77f,
  0xffff,0xffff,0xffff,0xffff,0xffff,0xdf9f,0x5e5f,0x5e5f,0x45ff,0x45ff,0x3dde,0x359d,
  0x35bf,0x2aef,0x0000,0x0000,0x0000,0x0020,0x18e3,0x2104,0x4228,0x2945,0x0841,0x0000,
  0x0000,0x0000,0x0000,0x0000,0x0000,0x0000,0x0000,0x0000,0x0000,0x0000,0x0000,0x0000,
  0x0000,0x0000,0x0000,0x0000,0x0000,0x0000,0x0000,0x0000,0x0841,0x18e3,0x0861,0x3186,
  0x18e3,0x5289,0x8c71,0x18c3,0x1104,0x451a,0x1375,0x0314,0x0b96,0x13d7,0x1c18,0x1439,
  0x8dfb,0xe73c,0xd71c,0x9e7c,0x5d9c,0x3d5c,0x353c,0x65fd,0xaefe,0xc73e,0xb71e,0x7e7e,
  0x663e,0x767e,0xbf3f,0xffff,0xffff,0x665f,0x6e7f,0x461f,0x3dff,0x45ff,0x3dde,0x359d,
  0x35df,0x122b,0x0000,0x634d,0x632c,0x18c3,0x18c3,0x4228,0x3186,0x18c3,0x0000,0x0000,
  0x0000,0x0000,0x0000,0x0000,0x0000,0x0000,0x0000,0x0000,0x0000,0x0000,0x0000,0x0000,
  0x0000,0x0000,0x0000,0x0000,0x0000,0x0000,0x0000,0x0000,0x0000,0x10a2,0x1082,0x0841,
  0x94b2,0xffff,0xffff,0x7bcf,0x1987,0x2c79,0x0b55,0x0314,0x0b96,0x13d7,0x0bf8,0x0c19,
  0x0419,0x1c7a,0x1c9a,0x149b,0x1cdb,0x3d5c,0x8e7d,0x2d5d,0x355d,0x359d,0x255d,0x561e,
  0x5e1e,0x35be,0x3ddf,0x86bf,0xffff,0xaf1f,0x769f,0x96df,0x665f,0x3ddf,0x3dde,0x359d,
  0x35df,0x226c,0x5acb,0xadf9,0xffff,0xc638,0x4208,0x3186,0x2104,0x0841,0x0000,0x0000,
  0x0000,0x0000,0x0000,0x0000,0x0000,0x0000,0x0000,0x0000,0x0000,0x0000,0x0000,0x0000,
  0x0000,0x0000,0x0000,0x0000,0x0000,0x0000,0x0000,0x0000,0x0000,0x0000,0x0861,0x8c51,
  0xffff,0xef7d,0xdedb,0xce7a,0x7c32,0x0af2,0x0b75,0x0b34,0x0b96,0x0bd7,0x44b9,0x551a,
  0x759b,0x249a,0x3d1b,0x453b,0x1cdb,0x5dbc,0xefbf,0x459d,0xdf7f,0xaefe,0x1d5d,0xe79f,
  0xcf5f,0x35be,0x4dfe,0x3dff,0x769f,0xcf7f,0xd79f,0xffff,0xc75f,0x259e,0x3dbe,0x359e,
  0x357d,0xa63a,0xf77d,0xc659,0xb5b7,0xffff,0xce79,0x18c3,0x1082,0x0000,0x0000,0x0000,
  0x0000,0x0000,0x0000,0x0000,0x0000,0x0000,0x0000,0x0000,0x0000,0x0000,0x0000,0x0000,
  0x0000,0x0000,0x0000,0x0000,0x0000,0x0000,0x0000,0x0000,0x0000,0x0000,0x5acb,0xd699,
  0xd699,0xe71b,0xffde,0xef7d,0xa514,0x12b0,0x0b76,0x0b55,0x0b76,0x13f7,0xcebb,0xef3c,
  0xff9d,0xcefc,0xf79d,0xf79e,0x4d7c,0x353c,0x761d,0x355d,0xf7df,0x9ebe,0x255d,0xefbf,
  0xb71f,0x2d9e,0x4e1e,0x461f,0x3dff,0x3dff,0x35df,0x45fe,0x5e3e,0xbf3f,0x561e,0x2d7e,
  0x3d9d,0xc69b,0xef5d,0xffff,0xe73c,0xc618,0xffff,0x738e,0x0000,0x0020,0x0000,0x0000,
  0x0000,0x0000,0x0000,0x0000,0x0000,0x0000,0x0000,0x0000,0x0000,0x0000,0x0000,0x0000,
  0x0000,0x0000,0x0000,0x0000,0x0000,0x0000,0x0000,0x0000,0x0000,0x0000,0x5aeb,0xb575,
  0xb596,0xf79e,0xffff,0xf7be,0xb596,0x22af,0x0b76,0x0b55,0x0b76,0x1c17,0xe71b,0x6d7a,
  0x7ddb,0xffbd,0x6d9b,0xf79e,0x965d,0x761d,0xffff,0x459d,0xffdf,0x867e,0x2d7d,0xffff,
  0x96bf,0x96bf,0xe7bf,0x665f,0xd77f,0x45ff,0xa6ff,0x869f,0x35de,0xd77f,0x55fe,0x2d9e,
  0x4d9c,0xd6db,0xef7e,0xf7be,0xffff,0xd69a,0xe71b,0x94b2,0x0000,0x0000,0x0000,0x0000,
  0x0000,0x0000,0x0000,0x0000,0x0000,0x0000,0x0000,0x0000,0x0000,0x0000,0x0000,0x0000,
  0x0000,0x0000,0x0000,0x0000,0x0000,0x0000,0x0000,0x0000,0x0000,0x0000,0x0000,0x5269,
  0xce59,0xef7d,0xffff,0xf7be,0xbdb6,0x22cf,0x0356,0x0b55,0x0b96,0x2438,0xef1b,0x3cb9,
  0x7ddb,0xdf3d,0x0c7b,0xe77e,0x967d,0x865d,0xefbf,0x4dbd,0xffff,0x763e,0x3d9e,0xf7df,
  0xdf9f,0xffdf,0x7e9f,0x8edf,0xffff,0x3dde,0xe7bf,0xaf1f,0x2dbe,0x3dde,0x35be,0x359e,
  0x559c,0xdedb,0xef7e,0xffdf,0xffff,0xf7be,0x7bcf,0x18c3,0x0000,0x0000,0x0000,0x0000,
  0x0000,0x0000,0x0000,0x0000,0x0000,0x0000,0x0000,0x0000,0x0000,0x0000,0x0000,0x0000,
  0x0000,0x0000,0x0000,0x0000,0x0000,0x0000,0x0000,0x0000,0x0000,0x0000,0x0000,0x2104,
  0xbdd7,0xe6fb,0xffbe,0xf79e,0xbdb6,0x2ad0,0x0356,0x0b55,0x0b96,0x3458,0xf75c,0x34ba,
  0x961b,0xd71d,0x1cbb,0xf79e,0x863d,0x967d,0xdf7e,0x55dd,0xffff,0x55dd,0x3dbd,0xf7df,
  0xffff,0xdf9f,0x259e,0x9eff,0xe7bf,0x2dbe,0xe7bf,0x8ebf,0x35be,0x45de,0x3dbe,0x2d9e,
  0x5d9b,0xdedb,0xef7e,0xf7be,0xffff,0xdedb,0x0000,0x0000,0x0000,0x0000,0x0000,0x0000,
  0x0000,0x0000,0x0000,0x0000,0x0000,0x0000,0x0000,0x0000,0x0000,0x0000,0x0000,0x0000,
  0x0000,0x0000,0x0000,0x0000,0x0000,0x0000,0x0000,0x0000,0x0000,0x0000,0x0000,0x0861,
  0x94b2,0xd699,0xef7d,0xef7d,0xb575,0x22af,0x0b76,0x0b55,0x0b96,0x3458,0xcebb,0x1c59,
  0xa65c,0xbebc,0x1c9a,0xfffe,0x75fc,0xb6de,0xdf5e,0x55dd,0xffff,0x96be,0x661e,0xffff,
  0x8e9e,0xffff,0x9edf,0x96bf,0xffff,0x96df,0xffff,0x767f,0x35df,0x3dde,0x3dbe,0x2d9e,
  0x657a,0xd6ba,0xef7e,0xf7be,0xffff,0x632c,0x0000,0x0020,0x0000,0x0000,0x0000,0x0000,
  0x0000,0x0000,0x0000,0x0000,0x0000,0x0000,0x0000,0x0000,0x0000,0x0000,0x0000,0x0000,
  0x0000,0x0000,0x0000,0x0000,0x0000,0x0000,0x0000,0x0000,0x0000,0x0000,0x0000,0x8c50,
  0x8c30,0x9cd3,0xe71b,0xe71c,0x9471,0x0a90,0x0356,0x0335,0x0b97,0x03d7,0x1418,0x1439,
  0x34da,0x34da,0x1c9a,0x861c,0x351b,0x863d,0x967d,0x2d3c,0xd75e,0xf7df,0x765e,0xefbf,
  0x45de,0x9ebe,0xefbf,0x45fe,0xd79f,0xe7bf,0xffff,0x665f,0x35de,0x45de,0x3dbe,0x2d9e,
  0x4497,0xb5b7,0xef7d,0xe71c,0xe73c,0x8c71,0x0000,0x0000,0x0000,0x0000,0x0000,0x0000,
  0x0000,0x0000,0x0000,0x0000,0x0000,0x0000,0x0000,0x0000,0x0000,0x0000,0x0000,0x0000,
  0x0000,0x0000,0x0000,0x0000,0x0000,0x0000,0x0000,0x0000,0x0000,0x0000,0x0000,0x9cf3,
  0xbdb6,0x9492,0xdeda,0xc638,0x738d,0x6412,0x3c15,0x3bf5,0x4c76,0x5497,0x2c58,0x0c19,
  0x1459,0x1c7a,0x24bb,0x149b,0x24db,0x24fc,0x251c,0x2d3c,0x355c,0x3d7d,0x357d,0x4dbd,
  0x3d9d,0x3dbe,0x4dfe,0x561e,0x45de,0x8ebf,0xf7df,0x45fe,0x3dde,0x35be,0x359e,0x3dde,
  0x4455,0x94b2,0xdf1b,0xd69a,0xf77d,0xce59,0x0000,0x0000,0x0000,0x0000,0x0000,0x0000,
  0x0000,0x0000,0x0000,0x0000,0x0000,0x0000,0x0000,0x0000,0x0000,0x0000,0x0000,0x0000,
  0x0000,0x0000,0x0000,0x0000,0x0000,0x0000,0x0000,0x0000,0x0000,0x0000,0x0000,0x2965,
  0xbdb6,0xce38,0xce38,0x94b2,0x83ef,0xbd95,0xbd74,0xc5b5,0xcdf6,0xd678,0xd679,0x8599,
  0x1c7a,0x1c7a,0x24ba,0x2cdb,0x2cfb,0x2d1c,0x2d3c,0x251c,0x251c,0x253d,0x2d5d,0x255d,
  0x359d,0x3dbe,0x35be,0xdf9f,0xffff,0xffff,0x8ebe,0x2dbe,0x35be,0x6e5e,0xcf3e,0xe75d,
  0x9cf3,0x9cf3,0xd69a,0xffde,0xf7be,0x4208,0x0000,0x0000,0x0000,0x0000,0x0000,0x0000,
  0x0000,0x0000,0x0000,0x0000,0x0000,0x0000,0x0000,0x0000,0x0000,0x0000,0x0000,0x0000,
  0x0000,0x0000,0x0000,0x0000,0x0000,0x0000,0x0000,0x0000,0x0000,0x0000,0x0000,0x0000,
  0x10a2,0x4228,0x2965,0x0861,0x8c51,0xce59,0xad54,0xbdd6,0xc617,0xd679,0xdeba,0xef1a,
  0xb67a,0x3cfa,0x149a,0x1cbb,0x1cdb,0x1cdc,0x1cfc,0x459c,0x8e7d,0xb6fd,0xb6fd,0x865d,
  0x45be,0x2d9e,0x3dbe,0x5e3e,0x9edf,0x6e5e,0x2d9e,0x45de,0xaf1e,0xfffe,0xffde,0xf7be,
  0xa514,0x2104,0x5aeb,0x7bef,0x3186,0x0000,0x0000,0x0000,0x0000,0x0000,0x0000,0x0000,
  0x0000,0x0000,0x0000,0x0000,0x0000,0x0000,0x0000,0x0000,0x0000,0x0000,0x0000,0x0000,
  0x0000,0x0000,0x0000,0x0000,0x0000,0x0000,0x0000,0x0000,0x0000,0x0000,0x0000,0x0000,
  0x0000,0x0000,0x0000,0x0000,0x9cd3,0xd679,0xb574,0xc5f6,0xc617,0xd679,0xdeba,0xdefb,
  0xf75b,0xe73c,0x9e5c,0x6dbb,0x65bc,0x761c,0xb6dd,0xf79e,0xfffe,0xffde,0xfffe,0xfffe,
  0xe77e,0x7e7e,0x45de,0x35be,0x259e,0x3dde,0x7e9e,0xe79e,0xfffe,0xffde,0xf7be,0xf7de,
  0x9cf3,0x0000,0x0000,0x0000,0x0000,0x0000,0x0000,0x0000,0x0000,0x0000,0x0000,0x0000,
  0x0000,0x0000,0x0000,0x0000,0x0000,0x0000,0x0000,0x0000,0x0000,0x0000,0x0000,0x0000,
  0x0000,0x0000,0x0000,0x0000,0x0000,0x0000,0x0000,0x0000,0x0000,0x0000,0x0000,0x0000,
  0x0000,0x0000,0x0020,0x0000,0x94b2,0xd679,0xb574,0xc5f6,0xc617,0xd679,0xdeba,0xe6fb,
  0xe73b,0xef5c,0xff9d,0xff9d,0xffbd,0xffdd,0xffde,0xffbe,0xf7be,0xffbe,0xffbe,0xffbe,
  0xffde,0xfffe,0xef9e,0xcf5e,0xcf5e,0xefbe,0xfffe,0xfffe,0xffde,0xffde,0xf7bd,0xffdf,
  0x8c71,0x0000,0x0020,0x0000,0x0000,0x0000,0x0000,0x0000,0x0000,0x0000,0x0000,0x0000,
  0x0000,0x0000,0x0000,0x0000,0x0000,0x0000,0x0000,0x0000,0x0000,0x0000,0x0000,0x0000,
  0x0000,0x0000,0x0000,0x0000,0x0000,0x0000,0x0000,0x0000,0x0000,0x0000,0x0000,0x0000,
  0x0000,0x0000,0x0000,0x0000,0x8430,0xd6ba,0xad54,0xbdd6,0xc617,0xd679,0xdeba,0xe6fb,
  0xef3c,0xef5c,0xef7d,0xf77d,0xf79d,0xf79d,0xf79d,0xf7be,0xffbe,0xffde,0xffde,0xffde,
  0xffde,0xffde,0xfffe,0xfffe,0xfffe,0xfffe,0xffde,0xffde,0xffde,0xffde,0xf79d,0xffdf,
  0x7bcf,0x0000,0x0020,0x0000,0x0000,0x0000,0x0000,0x0000,0x0000,0x0000,0x0000,0x0000,
  0x0000,0x0000,0x0000,0x0000,0x0000,0x0000,0x0000,0x0000,0x0000,0x0000,0x0000,0x0000,
  0x0000,0x0000,0x0000,0x0000,0x0000,0x0000,0x0000,0x0000,0x0000,0x0000,0x0000,0x0000,
  0x0000,0x0000,0x0020,0x0000,0x5acb,0xdedb,0xad54,0xbdb6,0xc5f7,0xce58,0xdeb9,0xe6fa,
  0xe71b,0xef5c,0xef7c,0xf77d,0xf79d,0xf79d,0xf7bd,0xffbe,0xffbe,0xffbe,0xffde,0xffde,
  0xffde,0xffde,0xffde,0xffde,0xffde,0xffde,0xffde,0xffde,0xffde,0xffbe,0xf77d,0xf7bf,
  0x5aeb,0x0000,0x0020,0x0000,0x0000,0x0000,0x0000,0x0000,0x0000,0x0000,0x0000,0x0000,
  0x0000,0x0000,0x0000,0x0000,0x0000,0x0000,0x0000,0x0000,0x0000,0x0000,0x0000,0x0000,
  0x0000,0x0000,0x0000,0x0000,0x0000,0x0000,0x0000,0x0000,0x0000,0x0000,0x0000,0x0000,
  0x0000,0x0000,0x0000,0x0000,0x10a2,0xce79,0xbdd6,0xb595,0xbdd6,0xce17,0xd679,0xdeba,
  0xe6fb,0xef3b,0xef5c,0xf77d,0xf77d,0xf79d,0xf79d,0xf7be,0xffbe,0xffbe,0xffde,0xffde,
  0xffde,0xffde,0xffde,0xffde,0xffde,0xffde,0xffde,0xffde,0xffbe,0xffbe,0xf77d,0xe75d,
  0x2945,0x0000,0x0000,0x0000,0x0000,0x0000,0x0000,0x0000,0x0000,0x0000,0x0000,0x0000,
  0x0000,0x0000,0x0000,0x0000,0x0000,0x0000,0x0000,0x0000,0x0000,0x0000,0x0000,0x0000,
  0x0000,0x0000,0x0000,0x0000,0x0000,0x0000,0x0000,0x0000,0x0000,0x0000,0x0000,0x0000,
  0x0000,0x0000,0x0000,0x0000,0x0000,0x6b4d,0xe71c,0xb595,0xbd95,0xc5f6,0xce37,0xd699,
  0xdeda,0xe71b,0xef3b,0xef5c,0xef7c,0xf77d,0xf79d,0xf79d,0xf7be,0xffbe,0xffbe,0xffbe,
  0xffde,0xffde,0xffde,0xffde,0xffde,0xffde,0xffde,0xffbe,0xffbe,0xf77d,0xf79d,0xb5b7,
  0x0000,0x0000,0x0000,0x0000,0x0000,0x0000,0x0000,0x0000,0x0000,0x0000,0x0000,0x0000,
  0x0000,0x0000,0x0000,0x0000,0x0000,0x0000,0x0000,0x0000,0x0000,0x0000,0x0000,0x0000,
  0x0000,0x0000,0x0000,0x0000,0x0000,0x0000,0x0000,0x0000,0x0000,0x0000,0x0000,0x0000,
  0x0000,0x0000,0x0000,0x0000,0x0000,0x0000,0x738e,0xd69a,0xce38,0xbdd6,0xc5d6,0xc5f7,
  0xce38,0xd699,0xdeda,0xe6fb,0xef3b,0xef5c,0xef5c,0xf77d,0xf79d,0xf79d,0xf79d,0xf7bd,
  0xf7be,0xffbe,0xffbe,0xffbe,0xffbe,0xffbe,0xf7be,0xf79d,0xf77c,0xe71b,0xef7d,0x4208,
  0x0000,0x0000,0x0000,0x0000,0x0000,0x0000,0x0000,0x0000,0x0000,0x0000,0x0000,0x0000,
  0x0000,0x0000,0x0000,0x0000,0x0000,0x0000,0x0000,0x0000,0x0000,0x0000,0x0000,0x0000,
  0x0000,0x0000,0x0000,0x0000,0x0000,0x0000,0x0000,0x0000,0x0000,0x0000,0x0000,0x0000,
  0x0000,0x0000,0x0000,0x0000,0x0000,0x0000,0x0000,0x2965,0x7bef,0xad75,0xc638,0xc658,
  0xc638,0xc617,0xce38,0xce58,0xce58,0xd679,0xdeb9,0xdeda,0xe6da,0xe6fb,0xef1b,0xef3c,
  0xef3c,0xef5c,0xef5c,0xef5c,0xef5c,0xef5c,0xe71b,0xe71b,0xe73c,0xe73c,0x6b4d,0x0000,
  0x0000,0x0000,0x0000,0x0000,0x0000,0x0000,0x0000,0x0000,0x0000,0x0000,0x0000,0x0000,
  0x0000,0x0000,0x0000,0x0000,0x0000,0x0000,0x0000,0x0000,0x0000,0x0000,0x0000,0x0000,
  0x0000,0x0000,0x0000,0x0000,0x0000,0x0000,0x0000,0x0000,0x0000,0x0000,0x0000,0x0000,
  0x0000,0x0000,0x0000,0x0000,0x0000,0x0000,0x0000,0x0000,0x0000,0x0841,0x2965,0x52aa,
  0x6b8e,0x7c10,0x9cf3,0xa555,0xb5b6,0xbe18,0xc638,0xce59,0xce79,0xce79,0xce79,0xce79,
  0xd699,0xce79,0xce79,0xce79,0xce79,0xce79,0xce59,0xbe18,0x9cf3,0x39e7,0x0000,0x0000,
  0x0000,0x0000,0x0000,0x0000,0x0000,0x0000,0x0000,0x0000,0x0000,0x0000,0x0000,0x0000,
  0x0000,0x0000,0x0000,0x0000,0x0000,0x0000,0x0000,0x0000,0x0000,0x0000,0x0000,0x0000,
  0x0000,0x0000,0x0000,0x0000,0x0000,0x0000,0x0000,0x0000,0x0000,0x0000,0x0000,0x0000,
  0x0000,0x0000,0x0000,0x0000,0x0000,0x0000,0x0000,0x0000,0x0000,0x0000,0x0000,0x0000,
  0x0840,0x0000,0x0020,0x18c3,0x2124,0x31a6,0x4229,0x52aa,0x5b0c,0x6b6d,0x738e,0x73af,
  0x73cf,0x73ae,0x6b6d,0x6b6d,0x5acb,0x4228,0x31a6,0x18c3,0x0000,0x0000,0x0000,0x0000,
  0x0000,0x0000,0x0000,0x0000,0x0000,0x0000,0x0000,0x0000,0x0000,0x0000,0x0000,0x0000,
  0x0000,0x0000,0x0000,0x0000,0x0000,0x0000,0x0000,0x0000,0x0000,0x0000,0x0000,0x0000,
  0x0000,0x0000,0x0000,0x0000,0x0000,0x0000,0x0000,0x0000,0x0000,0x0000,0x0000,0x0000,
  0x0000,0x0000,0x0000,0x0000,0x0000,0x0000,0x0000,0x0000,0x0000,0x0000,0x0000,0x0861,
  0x18c3,0x0020,0x0000,0x0020,0x0000,0x0000,0x0000,0x0000,0x0000,0x0000,0x0000,0x0000,
  0x0000,0x0000,0x0000,0x0000,0x0000,0x0000,0x0020,0x1082,0x0000,0x0000,0x0000,0x0000,
  0x0000,0x0000,0x0000,0x0000,0x0000,0x0000,0x0000,0x0000,0x0000,0x0000,0x0000,0x0000,
  0x0000,0x0000,0x0000,0x0000,0x0000,0x0000,0x0000,0x0000,0x0000,0x0000,0x0000,0x0000,
  0x0000,0x0000,0x0000,0x0000,0x0000,0x0000,0x0000,0x0000,0x0000,0x0000,0x0000,0x0000,
  0x0000,0x0000,0x0000,0x0000,0x0000,0x0000,0x0000,0x0000,0x0000,0x0000,0x0000,0x0861,
  0x18e3,0x0841,0x1082,0x0861,0x0000,0x0000,0x0000,0x0000,0x0000,0x0000,0x0000,0x0000,
  0x0000,0x0000,0x0000,0x0020,0x10a2,0x0841,0x2124,0x3186,0x0020,0x0000,0x0000,0x0000,
  0x0000,0x0000,0x0000,0x0000,0x0000,0x0000,0x0000,0x0000,0x0000,0x0000,0x0000,0x0000,
  0x0000,0x0000,0x0000,0x0000,0x0000,0x0000,0x0000,0x0000,0x0000,0x0000,0x0000,0x0000,
  0x0000,0x0000,0x0000,0x0000,0x0000,0x0000,0x0000,0x0000,0x0000,0x0000,0x0000,0x0000,
  0x0000,0x0000,0x0000,0x0000,0x0000,0x0000,0x0000,0x0000,0x0000,0x0000,0x0000,0x0020,
  0x18e3,0x1082,0x18c3,0x1082,0x0000,0x0000,0x0000,0x0000,0x0000,0x0000,0x0000,0x0000,
  0x0000,0x0000,0x0000,0x0000,0x1082,0x0861,0x18c3,0x39c7,0x18c3,0x0000,0x0000,0x0000,
  0x0000,0x0000,0x0000,0x0000,0x0000,0x0000,0x0000,0x0000,0x0000,0x0000,0x0000,0x0000,
  0x0000,0x0000,0x0000,0x0000,0x0000,0x0000,0x0000,0x0000,0x0000,0x0000,0x0000,0x0000,
  0x0000,0x0000,0x0000,0x0000,0x0000,0x0000,0x0000,0x0000,0x0000,0x0000,0x0000,0x0000,
  0x0000,0x0000,0x0000,0x0000,0x0000,0x0000,0x0000,0x0000,0x0000,0x0000,0x0000,0x0861,
  0x0841,0x0000,0x20e3,0x10a2,0x0000,0x0000,0x0000,0x0000,0x0000,0x0000,0x0000,0x0000,
  0x0000,0x0000,0x0000,0x0000,0x0000,0x1082,0x0861,0x3185,0x18c3,0x18c3,0x2103,0x0000,
  0x0000,0x0000,0x0000,0x0000,0x0000,0x0000,0x0000,0x0000,0x0000,0x0000,0x0000,0x0000,
  0x0000,0x0000,0x0000,0x0000,0x0000,0x0000,0x0000,0x0000,0x0000,0x0000,0x0000,0x0000,
  0x0000,0x0000,0x0000,0x0000,0x0000,0x0000,0x0000,0x0000,0x0000,0x0000,0x0000,0x0000,
  0x0000,0x0000,0x0000,0x0000,0x0000,0x0000,0x0000,0x0000,0x0000,0x0861,0x8c30,0xc5f7,
  0xad75,0x52aa,0x1082,0x2103,0x4208,0x0020,0x0000,0x0000,0x0000,0x0000,0x0000,0x0000,
  0x0000,0x0000,0x0000,0x0000,0x18e3,0x31a6,0x0000,0x20e3,0x9cd2,0xffbe,0xffff,0x6b4d,
  0x0000,0x0020,0x0020,0x0000,0x0000,0x0000,0x0000,0x0000,0x0000,0x0000,0x0000,0x0000,
  0x0000,0x0000,0x0000,0x0000,0x0000,0x0000,0x0000,0x0000,0x0000,0x0000,0x0000,0x0000,
  0x0000,0x0000,0x0000,0x0000,0x0000,0x0000,0x0000,0x0000,0x0000,0x0000,0x0000,0x0000,
  0x0000,0x0000,0x0000,0x0000,0x0000,0x0000,0x0000,0x0000,0x0000,0x2945,0x8c71,0x8c51,
  0xe6fb,0xffff,0x6b4c,0x52aa,0xe6fb,0x41e7,0x0000,0x0000,0x0000,0x0000,0x0000,0x0000,
  0x0000,0x0000,0x0000,0x0000,0x6b4d,0xb596,0x41e7,0x8430,0xffff,0xd6ba,0x9492,0x6b6d,
  0x0000,0x0000,0x0000,0x0000,0x0000,0x0000,0x0000,0x0000,0x0000,0x0000,0x0000,0x0000,
  0x0000,0x0000,0x0000,0x0000,0x0000,0x0000,0x0000,0x0000,0x0000,0x0000,0x0000,0x0000,
  0x0000,0x0000,0x0000,0x0000,0x0000,0x0000,0x0000,0x0000,0x0000,0x0000,0x0000,0x0000,
  0x0000,0x0000,0x0000,0x0000,0x0000,0x0000,0x0000,0x0861,0x31a6,0x528a,0x20e3,0x0000,
  0x2945,0xad55,0x6b6d,0x6b2c,0xc618,0x2103,0x0000,0x0000,0x0000,0x0000,0x0000,0x0000,
  0x0000,0x0000,0x0000,0x0000,0x31a6,0x8c71,0x2945,0x6b4c,0x8410,0x2945,0x18c3,0x39c7,
  0x8430,0x9492,0x73ae,0x2965,0x0000,0x0000,0x0000,0x0000,0x0000,0x0000,0x0000,0x0000,
  0x0000,0x0000,0x0000,0x0000,0x0000,0x0000,0x0000,0x0000,0x0000,0x0000,0x0000,0x0000,
  0x0000,0x0000,0x0000,0x0000,0x0000,0x0000,0x0000,0x0000,0x0000,0x0000,0x0000,0x0000,
  0x0000,0x0000,0x0000,0x0000,0x0000,0x0020,0x7bef,0xd6ba,0xef7d,0xef7d,0xd679,0x6b4d,
  0x18e3,0x2924,0x2104,0x18c2,0x10a2,0x2104,0x0000,0x0000,0x0000,0x0000,0x0000,0x0000,
  0x0000,0x0000,0x0000,0x0020,0x31a6,0x0841,0x0020,0x0841,0x0861,0x1082,0x4a69,0xdeda,
  0xffff,0xffff,0xffff,0xffdf,0x7bcf,0x0000,0x0000,0x0000,0x0000,0x0000,0x0000,0x0000,
  0x0000,0x0000,0x0000,0x0000,0x0000,0x0000,0x0000,0x0000,0x0000,0x0000,0x0000,0x0000,
  0x0000,0x0000,0x0000,0x0000,0x0000,0x0000,0x0000,0x0000,0x0000,0x0000,0x0000,0x0000,
  0x0000,0x0000,0x0000,0x0000,0x0000,0x9cb2,0xf79e,0xef7d,0xf7be,0xffdf,0xffff,0xffff,
  0x7bef,0x3186,0x2945,0x18e3,0x2104,0x31a6,0x0000,0x0000,0x0000,0x0000,0x0000,0x0000,
  0x0000,0x0000,0x0000,0x1082,0x39e7,0x0841,0x0861,0x1082,0x0861,0x18e3,0xc638,0xf77d,
  0xf77d,0xffbe,0xffdf,0xffff,0xffff,0x528a,0x0000,0x0000,0x0000,0x0000,0x0000,0x0000,
  0x0000,0x0000,0x0000,0x0000,0x0000,0x0000,0x0000,0x0000,0x0000,0x0000,0x0000,0x0000,
  0x0000,0x0000,0x0000,0x0000,0x0000,0x0000,0x0000,0x0000,0x0000,0x0000,0x0000,0x0000,
  0x0000,0x0000,0x0000,0x0000,0x4a49,0xdeba,0xd699,0xef7d,0xffbe,0xffff,0xffdf,0xffff,
  0xe71c,0x3186,0x2104,0x20e3,0x18e3,0x2124,0x0020,0x0000,0x0000,0x0000,0x0000,0x0000,
  0x0000,0x0000,0x0000,0x1082,0x2965,0x0841,0x0861,0x0861,0x0000,0x528a,0xd6ba,0xdedb,
  0xf79d,0xffdf,0xffff,0xffdf,0xffff,0xbdf7,0x0000,0x0000,0x0000,0x0000,0x0000,0x0000,
  0x0000,0x0000,0x0000,0x0000,0x0000,0x0000,0x0000,0x0000,0x0000,0x0000,0x0000,0x0000,
  0x0000,0x0000,0x0000,0x0000,0x0000,0x0000,0x0000,0x0000,0x0000,0x0000,0x0000,0x0000,
  0x0000,0x0000,0x0000,0x0000,0x7bef,0xc617,0xd679,0xef5d,0xf7be,0xffdf,0xffff,0xffdf,
  0xffdf,0x4a69,0x0841,0x1082,0x2945,0x736d,0x18c2,0x0000,0x0020,0x0020,0x0020,0x0020,
  0x0020,0x0020,0x0000,0x39a6,0x632c,0x2103,0x0861,0x0020,0x0000,0x6b4d,0xc5f7,0xd699,
  0xef5c,0xf7be,0xffdf,0xffdf,0xffff,0xd6ba,0x0020,0x0000,0x0000,0x0000,0x0000,0x0000,
  0x0000,0x0000,0x0000,0x0000,0x0000,0x0000,0x0000,0x0000,0x0000,0x0000,0x0000,0x0000,
  0x0000,0x0000,0x0000,0x0000,0x0000,0x0000,0x0000,0x0000,0x0000,0x0000,0x0000,0x0000,
  0x0000,0x0000,0x0000,0x0841,0x9471,0xad34,0xbdb6,0xdeba,0xef3c,0xef7d,0xf79e,0xef7d,
  0xf79d,0x5aca,0x528a,0xb575,0xef5d,0xdedb,0x10a2,0x0020,0x0841,0x0020,0x0020,0x0020,
  0x0000,0x0020,0x0000,0x39c7,0xb596,0x9cd2,0x8c30,0x632c,0x3186,0x738e,0xad34,0xb5b6,
  0xd679,0xe6fb,0xef3c,0xef5c,0xe71c,0xe71c,0x39e7,0x0000,0x0020,0x0000,0x0000,0x0000,
  0x0000,0x0000,0x0000,0x0000,0x0000,0x0000,0x0000,0x0000,0x0000,0x0000,0x0000,0x0000,
  0x0000,0x0000,0x0000,0x0000,0x0000,0x0000,0x0000,0x0000,0x0000,0x0000,0x0000,0x0820,
  0x0020,0x0020,0x0000,0x18c3,0xbdb6,0xad55,0xbdd6,0xc638,0xd69a,0xdedb,0xe71b,0xe71c,
  0xe73c,0xef3c,0xffff,0xef5c,0xbdb6,0x4a69,0x0020,0x0841,0x0841,0x0841,0x0841,0x0841,
  0x0020,0x0020,0x0000,0x0020,0x39e7,0x736d,0x9471,0xad54,0xb595,0xad55,0xb595,0xc5f7,
  0xd679,0xdefb,0xef5c,0xf79e,0xffdf,0xffff,0x4a69,0x0000,0x0861,0x0841,0x0020,0x0000,
  0x0000,0x0000,0x0000,0x0000,0x0000,0x0000,0x0000,0x0000,0x0000,0x0000,0x0000,0x0000,
  0x0000,0x0000,0x0000,0x0000,0x0000,0x0000,0x0000,0x0000,0x0000,0x0000,0x0020,0x0841,
  0x0841,0x0841,0x0020,0x0020,0x6b4d,0xad54,0xd679,0xef5d,0xffdf,0xffff,0xffff,0xffff,
  0xf7be,0xd679,0x738e,0x2104,0x0000,0x0000,0x0841,0x0841,0x0841,0x0841,0x0841,0x0841,
  0x0841,0x0841,0x0841,0x0020,0x0000,0x0000,0x0841,0x2945,0x5aca,0x83ef,0x9cf3,0xbdf7,
  0xdeba,0xe73c,0xef5c,0xe6fb,0xc618,0x73ae,0x1061,0x0841,0x0841,0x0861,0x0841,0x0000,
  0x0000,0x0000,0x0000,0x0000,0x0000,0x0000,0x0000,0x0000,0x0000,0x0000,0x0000,0x0000,
  0x0000,0x0000,0x0000,0x0000,0x0000,0x0000,0x0000,0x0000,0x0000,0x0000,0x0000,0x0000,
  0x0020,0x0841,0x0841,0x0020,0x0000,0x18c2,0x31a6,0x5289,0x630c,0x6b4d,0x630c,0x4a69,
  0x2965,0x0841,0x0000,0x0020,0x0861,0x0861,0x0841,0x0841,0x0841,0x0841,0x0841,0x0841,
  0x0841,0x0841,0x0841,0x0841,0x0841,0x0841,0x0841,0x0000,0x0000,0x0020,0x1082,0x18e3,
  0x2124,0x2124,0x2104,0x10a2,0x0020,0x0000,0x0841,0x0841,0x0020,0x0020,0x0000,0x0000,
  0x0000,0x0000,0x0000,0x0000,0x0000,0x0000,0x0000,0x0000,0x0000,0x0000,0x0000,0x0000,
  0x0000,0x0000,0x0000,0x0000,0x0000,0x0000,0x0000,0x0000,0x0000,0x0000,0x0000,0x0000,
  0x0000,0x0000,0x0000,0x0000,0x0020,0x0000,0x0000,0x0000,0x0000,0x0000,0x0000,0x0000,
  0x0000,0x0841,0x0861,0x0841,0x0841,0x0841,0x0841,0x0841,0x0841,0x0841,0x0841,0x0841,
  0x0841,0x0841,0x0841,0x0841,0x0841,0x0841,0x0841,0x0861,0x0861,0x0841,0x0840,0x0020,
  0x0000,0x0000,0x0000,0x0020,0x0020,0x0020,0x0000,0x0000,0x0000,0x0000,0x0000,0x0000,
  0x0000,0x0000,0x0000,0x0000,0x0000,0x0000,0x0000,0x0000,0x0000,0x0000,0x0000,0x0000,
  0x0000,0x0000,0x0000,0x0000,0x0000,0x0000,0x0000,0x0000,0x0000,0x0000,0x0000,0x0000,
  0x0000,0x0000,0x0000,0x0000,0x0000,0x0000,0x0000,0x0000,0x0000,0x0020,0x0020,0x0020,
  0x0020,0x0000,0x0000,0x0000,0x0000,0x0000,0x0020,0x0020,0x0020,0x0020,0x0020,0x0020,
  0x0020,0x0020,0x0020,0x0020,0x0020,0x0000,0x0000,0x0000,0x0000,0x0000,0x0000,0x0000,
  0x0000,0x0000,0x0000,0x0000,0x0000,0x0000,0x0000,0x0000,0x0000,0x0000,0x0000,0x0000,
  0x0000,0x0000,0x0000,0x0000,0x0000,0x0000,0x0000,0x0000,0x0000,0x0000,0x0000,0x0000,
  0x0000,0x0000,0x0000,0x0000,0x0000,0x0000,0x0000,0x0000,0x0000,0x0000,0x0000,0x0000,
  0x0000,0x0000,0x0000,0x0000,0x0000,0x0000,0x0000,0x0000,0x0000,0x0000,0x0000,0x0000,
  0x0000,0x0000,0x0000,0x0000,0x0000,0x0000,0x0000,0x0000,0x0000,0x0000,0x0000,0x0000,
  0x0000,0x0000,0x0000,0x0000,0x0000,0x0000,0x0000,0x0000,0x0000,0x0000,0x0000,0x0000,
  0x0000,0x0000,0x0000,0x0000,0x0000,0x0000,0x0000,0x0000,0x0000,0x0000,0x0000,0x0000,
  0x0000,0x0000,0x0000,0x0000,0x0000,0x0000,0x0000,0x0000,0x0000,0x0000,0x0000,0x0000,
  0x0000,0x0000,0x0000,0x0000,0x0000,0x0000,0x0000,0x0000,0x0000,0x0000,0x0000,0x0000,
  0x0000,0x0000,0x0000,0x0000,0x0000,0x0000,0x0000,0x0000,0x0000,0x0000,0x0000,0x0000,
  0x0000,0x0000,0x0000,0x0000,0x0000,0x0000,0x0000,0x0000,0x0000,0x0000,0x0000,0x0000,
  0x0000,0x0000,0x0000,0x0000,0x0000,0x0000,0x0000,0x0000,0x0000,0x0000,0x0000,0x0000,
  0x0000,0x0000,0x0000,0x0000,0x0000,0x0000,0x0000,0x0000,0x0000,0x0000,0x0000,0x0000,
  0x0000,0x0000,0x0000,0x0000,0x0000,0x0000,0x0000,0x0000,0x0000,0x0000,0x0000,0x0000,
  0x0000,0x0000,0x0000,0x0000,0x0000,0x0000,0x0000,0x0000,0x0000,0x0000,0x0000,0x0000,
  0x0000,0x0000,0x0000,0x0000,0x0000,0x0000,0x0000,0x0000,0x0000,0x0000,0x0000,0x0000,
  0x0000,0x0000,0x0000,0x0000,0x0000,0x0000,0x0000,0x0000,0x0000,0x0000,0x0000,0x0000,
  0x0000,0x0000,0x0000,0x0000,0x0000,0x0000,0x0000,0x0000,0x0000,0x0000,0x0000,0x0000,
  0x0000,0x0000,0x0000,0x0000,0x0000,0x0000,0x0000,0x0000,0x0000,0x0000,0x0000,0x0000,
  0x0000,0x0000,0x0000,0x0000,0x0000,0x0000,0x0000,0x0000,0x0000,0x0000,0x0000,0x0000,
};
static const uint8_t MILKY_IDLE_MASK[] PROGMEM = {
  0xff,0xff,0xff,0xff,0xff,0xff,0xff,0xff,0xff,0xff,0xff,0xff,0xff,0xff,0xff,0xff,
  0xff,0xff,0xff,0xff,0xff,0xff,0xff,0xff,0xff,0xff,0xff,0xff,0xff,0xff,0xff,0xff,
  0xff,0xff,0xff,0xff,0xff,0xff,0xff,0xff,0xff,0xff,0xff,0xff,0xff,0xff,0xff,0xff,
  0xff,0xff,0xff,0xff,0xff,0xff,0xff,0xff,0xff,0xff,0xff,0xff,0xff,0xff,0xff,0xff,
  0xff,0xff,0xff,0xff,0xff,0xff,0xff,0xff,0xff,0xff,0xff,0xff,0xff,0xff,0xff,0xff,
  0xff,0xff,0xff,0xff,0xff,0xff,0xff,0xff,0xff,0xff,0xff,0xff,0xff,0xff,0xff,0xff,
  0xff,0xff,0xff,0xff,0xff,0xff,0xff,0xff,0xff,0xff,0xff,0xff,0xff,0xff,0xff,0xff,
  0xff,0xff,0xff,0xff,0xff,0xff,0xff,0xff,0xff,0xff,0xff,0xff,0xff,0xff,0xff,0xff,
  0xff,0xff,0xff,0xff,0xff,0xff,0xff,0xff,0xff,0xff,0xff,0xff,0xff,0xff,0xff,0xff,
  0xff,0xff,0xff,0xff,0xff,0xff,0xff,0xff,0xff,0xff,0xff,0xff,0xff,0xff,0xff,0xff,
  0xff,0xff,0xff,0xff,0xff,0xff,0xff,0xff,0xff,0xff,0xff,0xff,0xff,0xff,0xff,0xff,
  0xff,0xff,0xff,0xff,0xff,0xff,0xff,0xff,0xff,0xff,0xff,0xff,0xff,0xff,0xff,0xff,
  0xff,0xff,0xff,0xff,0xff,0xff,0xff,0xff,0xff,0xff,0xff,0xff,0xff,0xff,0xff,0xff,
  0xff,0xff,0xff,0xff,0xff,0xff,0xff,0xff,0xff,0xff,0xff,0xff,0xff,0xff,0xff,0xff,
  0xff,0xff,0xff,0xff,0xff,0xff,0xff,0xff,0xff,0xff,0xff,0xff,0xff,0xff,0xff,0xff,
  0xff,0xff,0xff,0xff,0xff,0xff,0xff,0xff,0xff,0xff,0xff,0xff,0xff,0xff,0xff,0xff,
  0xff,0xff,0xff,0xff,0xff,0xff,0xff,0xff,0xff,0xff,0xff,0xff,0xff,0xff,0xff,0xff,
  0xff,0xff,0xff,0xff,0xff,0xff,0xff,0xff,0xff,0xff,0xff,0xff,0xff,0xff,0xff,0xff,
  0xff,0xff,0xff,0xff,0xff,0xff,0xff,0xff,0xff,0xff,0xff,0xff,0xff,0xff,0xff,0xff,
  0xff,0xff,0xff,0xff,0xff,0xff,0xff,0xff,0xff,0xff,0xff,0xff,0xff,0xff,0xff,0xff,
  0xff,0xff,0xff,0xff,0xff,0xff,0xff,0xff,0xff,0xff,0xff,0xff,0xff,0xff,0xff,0xff,
  0xff,0xff,0xff,0xff,0xff,0xff,0xff,0xff,0xff,0xff,0xff,0xff,0xff,0xff,0xff,0xff,
  0xff,0xff,0xff,0xff,0xff,0xff,0xff,0xff,0xff,0xff,0xff,0xff,0xff,0xff,0xff,0xff,
  0xff,0xff,0xff,0xff,0xff,0xff,0xff,0xff,0xff,0xff,0xff,0xff,0xff,0xff,0xff,0xff,
  0xff,0xff,0xff,0xff,0xff,0xff,0xff,0xff,0xff,0xff,0xff,0xff,0xff,0xff,0xff,0xff,
  0xff,0xff,0xff,0xff,0xff,0xff,0xff,0xff,0xff,0xff,0xff,0xff,0xff,0xff,0xff,0xff,
  0xff,0xff,0xff,0xff,0xff,0xff,0xff,0xff,0xff,0xff,0xff,0xff,0xff,0xff,0xff,0xff,
  0xff,0xff,0xff,0xff,0xff,0xff,0xff,0xff,0xff,0xff,0xff,0xff,0xff,0xff,0xff,0xff,
  0xff,0xff,0xff,0xff,0xff,0xff,0xff,0xff,0xff,0xff,0xff,0xff,0xff,0xff,0xff,0xff,
  0xff,0xff,0xff,0xff,0xff,0xff,0xff,0xff,0xff,0xff,0xff,0xff,0xff,0xff,0xff,0xff,
  0xff,0xff,0xff,0xff,0xff,0xff,0xff,0xff,0xff,0xff,0xff,0xff,0xff,0xff,0xff,0xff,
  0xff,0xff,0xff,0xff,0xff,0xff,0xff,0xff,0xff,0xff,0xff,0xff,0xff,0xff,0xff,0xff,
  0xff,0xff,0xff,0xff,0xff,0xff,0xff,0xff,0xff,0xff,0xff,0xff,0xff,0xff,0xff,0xff,
  0xff,0xff,0xff,0xff,0xff,0xff,0xff,0xff,0xff,0xff,0xff,0xff,0xff,0xff,0xff,0xff,
  0xff,0xff,0xff,0xff,0xff,0xff,0xff,0xff,0xff,0xff,0xff,0xff,0xff,0xff,0xff,0xff,
  0xff,0xff,0xff,0xff,0xff,0xff,0xff,0xff,0xff,0xff,0xff,0xff,0xff,0xff,0xff,0xff,
  0xff,0xff,0xff,0xff,0xff,0xff,0xff,0xff,0xff,0xff,0xff,0xff,0xff,0xff,0xff,0xff,
  0xff,0xff,0xff,0xff,0xff,0xff,0xff,0xff,0xff,0xff,0xff,0xff,0xff,0xff,0xff,0xff,
  0xff,0xff,0xff,0xff,0xff,0xff,0xff,0xff,0xff,0xff,0xff,0xff,0xff,0xff,0xff,0xff,
  0xff,0xff,0xff,0xff,0xff,0xff,0xff,0xff,0xff,0xff,0xff,0xff,0xff,0xff,0xff,0xff,
  0xff,0xff,0xff,0xff,0xff,0xff,0xff,0xff,0xff,0xff,0xff,0xff,0xff,0xff,0xff,0xff,
  0xff,0xff,0xff,0xff,0xff,0xff,0xff,0xff,0xff,0xff,0xff,0xff,0xff,0xff,0xff,0xff,
  0xff,0xff,0xff,0xff,0xff,0xff,0xff,0xff,0xff,0xff,0xff,0xff,0xff,0xff,0xff,0xff,
  0xff,0xff,0xff,0xff,0xff,0xff,0xff,0xff,0xff,0xff,0xff,0xff,0xff,0xff,0xff,0xff,
  0xff,0xff,0xff,0xff,0xff,0xff,0xff,0xff,0xff,0xff,0xff,0xff,0xff,0xff,0xff,0xff,
  0xff,0xff,0xff,0xff,0xff,0xff,0xff,0xff,0xff,0xff,0xff,0xff,0xff,0xff,0xff,0xff,
  0xff,0xff,0xff,0xff,0xff,0xff,0xff,0xff,0xff,0xff,0xff,0xff,0xff,0xff,0xff,0xff,
  0xff,0xff,0xff,0xff,0xff,0xff,0xff,0xff,0xff,0xff,0xff,0xff,0xff,0xff,0xff,0xff,
  0xff,0xff,0xff,0xff,0xff,0xff,0xff,0xff,0xff,0xff,0xff,0xff,0xff,0xff,0xff,0xff,
  0xff,0xff,0xff,0xff,0xff,0xff,0xff,0xff,0xff,0xff,0xff,0xff,0xff,0xff,0xff,0xff,
  0xff,0xff,0xff,0xff,0xff,0xff,0xff,0xff,0xff,0xff,0xff,0xff,0xff,0xff,0xff,0xff,
  0xff,0xff,0xff,0xff,0xff,0xff,0xff,0xff,0xff,0xff,0xff,0xff,0xff,0xff,0xff,0xff,
  0xff,0xff,0xff,0xff,0xff,0xff,0xff,0xff,0xff,0xff,0xff,0xff,0xff,0xff,0xff,0xff,
  0xff,0xff,0xff,0xff,0xff,0xff,0xff,0xff,0xff,0xff,0xff,0xff,0xff,0xff,0xff,0xff,
};
static const MilkySprite MILKY_IDLE = { MILKY_IDLE_PX, MILKY_IDLE_MASK, 72, 96 };

// running: milky-thumbs-up.png  64x96
static const uint16_t MILKY_RUNNING_PX[] PROGMEM = {
  0x0000,0x0000,0x0000,0x0000,0x0000,0x0000,0x0000,0x0000,0x0000,0x0000,0x0000,0x0000,
  0x0000,0x0000,0x0000,0x0000,0x0000,0x0000,0x0000,0x0000,0x0000,0x0000,0x0000,0x0000,
  0x0000,0x0000,0x0000,0x0000,0x0000,0x0000,0x0000,0x0000,0x0000,0x0000,0x0000,0x0000,
  0x0000,0x0000,0x0000,0x0000,0x0000,0x0000,0x0000,0x0000,0x0000,0x0000,0x0000,0x0000,
  0x0000,0x0000,0x0000,0x0000,0x0000,0x0000,0x0000,0x0000,0x0000,0x0000,0x0000,0x0000,
  0x0000,0x0000,0x0000,0x0000,0x0000,0x0000,0x0000,0x0000,0x0000,0x0000,0x0000,0x0000,
  0x0000,0x0000,0x0000,0x0000,0x0000,0x0000,0x0000,0x0000,0x0000,0x0000,0x0000,0x0000,
  0x0000,0x0000,0x0000,0x0000,0x0000,0x0000,0x0000,0x0000,0x0000,0x0000,0x0000,0x0000,
  0x0000,0x0000,0x0000,0x0000,0x0000,0x0000,0x0000,0x0000,0x0000,0x0000,0x0000,0x0000,
  0x0000,0x0000,0x0000,0x0000,0x0000,0x0000,0x0000,0x0000,0x0000,0x0000,0x0000,0x0000,
  0x0000,0x0000,0x0000,0x0000,0x0000,0x0000,0x0000,0x0000,0x0000,0x0000,0x0000,0x0000,
  0x0000,0x0000,0x0000,0x0000,0x0000,0x0000,0x0000,0x0000,0x0000,0x0000,0x0000,0x0000,
  0x0000,0x0000,0x0000,0x0000,0x0000,0x0000,0x0000,0x0000,0x0000,0x0000,0x0000,0x0000,
  0x0000,0x0000,0x0000,0x0000,0x0000,0x0000,0x0000,0x0000,0x0000,0x0000,0x0000,0x0000,
  0x0000,0x0000,0x0000,0x0000,0x0000,0x0000,0x0000,0x0000,0x0000,0x0000,0x0000,0x0000,
  0x0000,0x0000,0x0000,0x0000,0x0000,0x0000,0x0000,0x0000,0x0000,0x0000,0x0000,0x0000,
  0x0000,0x0000,0x0000,0x0000,0x0000,0x0000,0x0000,0x0000,0x0000,0x0000,0x0000,0x0000,
  0x0000,0x0000,0x0000,0x0000,0x0000,0x0000,0x0000,0x0000,0x0000,0x0000,0x0000,0x0000,
  0x0000,0x0000,0x0000,0x0000,0x0000,0x0000,0x0000,0x0000,0x0000,0x0000,0x0000,0x0000,
  0x0000,0x0000,0x0000,0x0000,0x0000,0x0000,0x0000,0x0000,0x0000,0x0000,0x0000,0x0000,
  0x0000,0x0000,0x0000,0x0000,0x0000,0x0000,0x0000,0x0000,0x0000,0x0000,0x0000,0x0000,
  0x0000,0x0000,0x0000,0x0000,0x0000,0x0000,0x0000,0x0000,0x0000,0x0000,0x0000,0x0000,
  0x0000,0x0000,0x0000,0x0000,0x0000,0x0000,0x0000,0x0000,0x0000,0x0000,0x0000,0x0000,
  0x0000,0x0000,0x0000,0x0000,0x0000,0x0000,0x0000,0x0000,0x0000,0x0000,0x0000,0x0000,
  0x0000,0x0000,0x0000,0x0000,0x0000,0x0000,0x0000,0x0000,0x0000,0x0000,0x0000,0x0000,
  0x0000,0x0000,0x0000,0x0000,0x0000,0x0000,0x0000,0x0000,0x0000,0x0000,0x0000,0x0000,
  0x0000,0x0000,0x0000,0x0000,0x0000,0x0000,0x0000,0x0000,0x0000,0x0000,0x0000,0x0000,
  0x0000,0x0000,0x0000,0x0000,0x0000,0x0000,0x0000,0x0000,0x0000,0x0000,0x0000,0x0000,
  0x0000,0x0000,0x0000,0x0000,0x0000,0x0000,0x0000,0x0000,0x0000,0x0000,0x0000,0x0000,
  0x0000,0x0000,0x0000,0x0000,0x0000,0x0000,0x0000,0x0000,0x0000,0x0000,0x0000,0x0000,
  0x0000,0x0000,0x0000,0x0000,0x0000,0x0000,0x0000,0x0000,0x0000,0x0000,0x0000,0x0000,
  0x0000,0x0000,0x0000,0x0000,0x0000,0x0000,0x0000,0x0000,0x0000,0x0000,0x0000,0x0000,
  0x0000,0x0000,0x0000,0x0000,0x0000,0x0000,0x0000,0x0000,0x0000,0x0000,0x0000,0x0000,
  0x0000,0x0000,0x0000,0x0000,0x0000,0x0000,0x0000,0x0000,0x0000,0x0000,0x0000,0x0000,
  0x0000,0x0000,0x0000,0x0000,0x0000,0x0000,0x0000,0x0000,0x0000,0x0000,0x0000,0x0000,
  0x0000,0x0000,0x0000,0x0000,0x0000,0x0000,0x0000,0x0000,0x0000,0x0000,0x0000,0x0000,
  0x0000,0x0000,0x0000,0x0000,0x0000,0x0000,0x0000,0x0000,0x0000,0x0000,0x0000,0x0000,
  0x0000,0x0000,0x0000,0x0000,0x0000,0x0000,0x0000,0x0000,0x0000,0x0000,0x0000,0x0000,
  0x0000,0x0000,0x0000,0x0000,0x0000,0x0000,0x0000,0x0000,0x0000,0x0000,0x0000,0x0000,
  0x0000,0x0000,0x0000,0x0000,0x0000,0x0000,0x0000,0x0000,0x0000,0x0000,0x0000,0x0000,
  0x0000,0x0000,0x0000,0x0000,0x0000,0x0000,0x0000,0x0000,0x0000,0x0000,0x0000,0x0000,
  0x0000,0x0000,0x0000,0x0000,0x0000,0x0000,0x0000,0x0000,0x0000,0x0000,0x0000,0x0000,
  0x0000,0x0000,0x0000,0x0000,0x0000,0x0000,0x0000,0x0000,0x0000,0x0000,0x0000,0x0000,
  0x0000,0x0000,0x0000,0x0000,0x0000,0x0000,0x0000,0x0000,0x0000,0x0000,0x0000,0x0000,
  0x0000,0x0000,0x0000,0x0000,0x0000,0x0000,0x0000,0x0000,0x0000,0x0000,0x0000,0x0000,
  0x0000,0x0000,0x0000,0x0000,0x0000,0x0000,0x0000,0x0000,0x0000,0x0000,0x0000,0x0000,
  0x0000,0x0000,0x0000,0x0000,0x0000,0x0000,0x0000,0x0000,0x0000,0x0000,0x0000,0x0000,
  0x0000,0x0000,0x0000,0x0000,0x0000,0x0000,0x0000,0x0000,0x0000,0x0000,0x0000,0x0000,
  0x0000,0x0000,0x0000,0x0000,0x0000,0x0000,0x0000,0x0000,0x0000,0x0000,0x0000,0x0000,
  0x0000,0x0000,0x0000,0x0000,0x0000,0x0000,0x0000,0x0000,0x0000,0x0000,0x0000,0x0000,
  0x0000,0x0000,0x0000,0x0000,0x0020,0x0041,0x0020,0x0000,0x0000,0x0000,0x0000,0x0000,
  0x0000,0x0000,0x0000,0x0000,0x0000,0x0000,0x0000,0x0000,0x0000,0x0000,0x0000,0x0000,
  0x0000,0x0000,0x0000,0x0000,0x0000,0x0000,0x0000,0x0000,0x0000,0x0000,0x0000,0x0000,
  0x0000,0x0000,0x0000,0x0000,0x0000,0x0000,0x0000,0x0000,0x0000,0x0000,0x0000,0x0000,
  0x0000,0x0000,0x0000,0x0000,0x0000,0x0000,0x0000,0x0000,0x0000,0x0000,0x0000,0x0000,
  0x0000,0x0000,0x0000,0x0000,0x0000,0x1146,0x2372,0x1c17,0x0c79,0x14ba,0x14ba,0x1499,
  0x1437,0x1393,0x0acf,0x01ea,0x00e5,0x0020,0x0000,0x0000,0x0000,0x0000,0x0000,0x0000,
  0x0000,0x0000,0x0000,0x0000,0x0000,0x0000,0x0000,0x0000,0x0000,0x0000,0x0000,0x0000,
  0x0000,0x0000,0x0000,0x0000,0x0000,0x0000,0x0000,0x0000,0x0000,0x0000,0x0000,0x0000,
  0x0000,0x0000,0x0000,0x0000,0x0000,0x0000,0x0000,0x0000,0x0000,0x0000,0x0000,0x0000,
  0x0000,0x0000,0x0000,0x0000,0x0000,0x0000,0x0000,0x0000,0x08e4,0x34da,0x03da,0x03fb,
  0x049c,0x051e,0x0d7f,0x1dbf,0x261f,0x365f,0x469f,0x4e9f,0x3e1f,0x2d5b,0x1c15,0x126c,
  0x08c3,0x0000,0x0000,0x0000,0x0000,0x0000,0x0000,0x0000,0x0000,0x0000,0x0000,0x0000,
  0x0000,0x0000,0x0000,0x0000,0x0000,0x0000,0x0000,0x0000,0x0000,0x0000,0x0000,0x0000,
  0x0000,0x0000,0x0000,0x0000,0x0000,0x0000,0x0000,0x0000,0x0000,0x0000,0x0000,0x0000,
  0x0000,0x0000,0x0000,0x0000,0x0000,0x0000,0x0000,0x0000,0x0000,0x0000,0x0000,0x0000,
  0x226c,0x1c7a,0x0294,0x0316,0x03b9,0x043b,0x049c,0x0cfd,0x153d,0x1d9e,0x3dff,0x6e7f,
  0x96ff,0x9f3f,0x7eff,0x56bf,0x45fe,0x3c54,0x10e4,0x0000,0x0000,0x0000,0x0000,0x0000,
  0x0000,0x0000,0x0000,0x0000,0x0000,0x0000,0x0000,0x0000,0x0000,0x0000,0x0000,0x0000,
  0x0000,0x0000,0x0000,0x0000,0x0000,0x0000,0x0000,0x0000,0x0000,0x0000,0x0000,0x0000,
  0x0000,0x0000,0x0000,0x0000,0x0000,0x0000,0x0000,0x0000,0x0000,0x0000,0x0000,0x0000,
  0x0000,0x0000,0x0000,0x0000,0x2b30,0x1c3a,0x02b4,0x0337,0x03d9,0x043b,0x049c,0x04dd,
  0x0d1d,0x155e,0x159f,0x2ddf,0x3e1f,0x4e3f,0x563f,0x461f,0x361f,0x367f,0x559b,0x0861,
  0x0000,0x0000,0x0000,0x0000,0x0000,0x0000,0x0000,0x0000,0x0000,0x0000,0x0000,0x0000,
  0x0000,0x0000,0x0000,0x0000,0x0000,0x0000,0x0000,0x0000,0x0000,0x0000,0x0000,0x0000,
  0x0000,0x0000,0x0000,0x0000,0x0000,0x0000,0x0000,0x0000,0x0000,0x0000,0x0000,0x0000,
  0x0000,0x0000,0x0000,0x0000,0x0000,0x0000,0x0000,0x0000,0x3435,0x0398,0x02b5,0x0358,
  0x03fa,0x045c,0x04dd,0x04fe,0x0d3e,0x157e,0x1dbf,0x2ddf,0x3dff,0x3e1f,0x35ff,0x25df,
  0x25df,0x0d7e,0x3e3f,0x2187,0x0000,0x0000,0x0000,0x0000,0x0000,0x0000,0x0000,0x0000,
  0x0000,0x0000,0x0000,0x0000,0x0000,0x0000,0x0000,0x0000,0x0000,0x0000,0x0000,0x0000,
  0x0000,0x0000,0x0000,0x0000,0x0000,0x0000,0x0000,0x0000,0x0000,0x0000,0x0000,0x0000,
  0x0000,0x0000,0x0000,0x0000,0x0000,0x0000,0x0000,0x0000,0x0000,0x0000,0x0000,0x0000,
  0x11c9,0x5435,0x2b52,0x2332,0x2353,0x1bd6,0x1c18,0x149a,0x14fc,0x155e,0x1dbf,0x2dff,
  0x3e3f,0x3e3f,0x361f,0x25df,0x25bf,0x0d7f,0x3dde,0x1104,0x0000,0x0000,0x0000,0x0000,
  0x0000,0x0000,0x0000,0x0000,0x0000,0x0000,0x0000,0x0000,0x0000,0x0000,0x0000,0x0000,
  0x0000,0x0000,0x0000,0x0000,0x0000,0x0000,0x0000,0x0000,0x0000,0x0000,0x0000,0x0000,
  0x0000,0x0000,0x0000,0x0000,0x0000,0x0000,0x0000,0x0000,0x0000,0x0000,0x0000,0x0000,
  0x0000,0x0000,0x0000,0x0000,0x0800,0x9cf4,0x7cb4,0x3b2f,0x22ae,0x226d,0x226d,0x228e,
  0x2acf,0x2b31,0x33b3,0x4cb7,0x4d19,0x455b,0x2d9d,0x25df,0x15bf,0x0d9f,0x45bc,0x0861,
  0x0000,0x0000,0x0000,0x0000,0x0000,0x0000,0x0000,0x0000,0x0000,0x0000,0x0000,0x0000,
  0x0000,0x0000,0x0000,0x0000,0x0000,0x0000,0x0000,0x0000,0x0000,0x0000,0x0000,0x0000,
  0x0000,0x0000,0x0000,0x0000,0x0000,0x0000,0x0000,0x0000,0x0000,0x0000,0x0000,0x0000,
  0x0000,0x0000,0x0000,0x0000,0x0000,0x0000,0x0000,0x0000,0x0000,0x8452,0xa5d8,0x9d77,
  0x6c53,0x53d2,0x4b91,0x3b50,0x32ef,0x22ce,0x4b70,0x6c12,0x6c32,0x4350,0x22cf,0x2b51,
  0x3415,0x2cfb,0x3435,0x0000,0x0000,0x0000,0x0000,0x0000,0x0000,0x0000,0x0000,0x0000,
  0x0000,0x0000,0x0000,0x0000,0x0000,0x0000,0x0000,0x0000,0x0000,0x0000,0x0000,0x0000,
  0x0000,0x0000,0x0000,0x0000,0x0000,0x0000,0x0000,0x0000,0x0000,0x0000,0x0000,0x0000,
  0x0000,0x0000,0x0000,0x0000,0x0000,0x0000,0x0000,0x0000,0x0000,0x0000,0x0000,0x0000,
  0x10a2,0xadf8,0xa5b8,0xa5b8,0x7cb4,0x7473,0x7473,0x6c53,0x6c53,0x6c74,0x9557,0x9d98,
  0x9577,0x6c74,0x53f2,0x53d2,0xa5b8,0x7bcf,0x0001,0x0000,0x0000,0x0000,0x0000,0x0000,
  0x0000,0x0000,0x0000,0x0000,0x0000,0x0000,0x0000,0x0000,0x0000,0x0000,0x0000,0x0000,
  0x0000,0x0000,0x0000,0x0000,0x0000,0x0000,0x0000,0x0000,0x0000,0x0000,0x0000,0x0000,
  0x0000,0x0000,0x0000,0x0000,0x0000,0x0000,0x0000,0x0000,0x0000,0x0000,0x0000,0x0000,
  0x0000,0x0000,0x0020,0x0000,0x7c31,0xae19,0xadd8,0x9d77,0x7cb4,0x7c94,0x7494,0x7494,
  0x7494,0x7cd5,0xadf9,0xc67a,0xbe5a,0x9d97,0x9d97,0xa5f9,0xb619,0x0020,0x0000,0x0000,
  0x0000,0x0000,0x0000,0x0000,0x0000,0x0000,0x0000,0x0000,0x0000,0x0000,0x0000,0x0000,
  0x0000,0x0000,0x0000,0x0000,0x0000,0x0000,0x0000,0x0000,0x0000,0x0000,0x0000,0x0000,
  0x0000,0x0000,0x0000,0x0000,0x0000,0x0000,0x0000,0x0000,0x0000,0x0000,0x0000,0x0000,
  0x0000,0x0000,0x0000,0x0000,0x0000,0x0020,0x0000,0x5acb,0xbe9b,0xadd8,0xae19,0x9556,
  0x8d36,0x8d15,0x84f5,0x84f5,0x84f5,0x9556,0xd71c,0xffdf,0xef7e,0xadf8,0x9d97,0xa5f9,
  0xb5f8,0x0000,0x0000,0x0000,0x0000,0x0000,0x0000,0x0000,0x0000,0x0000,0x0000,0x0000,
  0x0000,0x0000,0x0000,0x0000,0x0000,0x0000,0x0000,0x0000,0x0000,0x0000,0x0000,0x0000,
  0x0000,0x0000,0x0000,0x0000,0x0000,0x0000,0x0000,0x0000,0x0000,0x0000,0x0000,0x0000,
  0x0000,0x0000,0x0000,0x0000,0x0000,0x0000,0x0000,0x0000,0x0000,0x0000,0x4208,0xd6bb,
  0xce58,0xdedb,0xe71c,0xe73c,0xe73c,0xe71c,0xdefb,0xd6bb,0xc67a,0xc69a,0xef7e,0xffdf,
  0xf7be,0xb63a,0xa5d8,0xa5d8,0xcedc,0x2124,0x0000,0x0000,0x0000,0x0000,0x0000,0x0000,
  0x0000,0x0000,0x0000,0x0000,0x0000,0x0000,0x0000,0x0000,0x0000,0x0000,0x0000,0x0000,
  0x0000,0x0000,0x0000,0x0000,0x0000,0x0000,0x0000,0x0000,0x0000,0x0000,0x0000,0x0000,
  0x0000,0x0000,0x0000,0x0000,0x0000,0x0000,0x0000,0x0000,0x0000,0x0000,0x0000,0x0000,
  0x0000,0x2104,0xce7a,0xce38,0xcdf6,0xde78,0xef1b,0xf75c,0xf79d,0xffbe,0xffde,0xffde,
  0xffff,0xffdf,0xffdf,0xffdf,0xffdf,0xef7d,0xd6fc,0xc67a,0xd71d,0x7c10,0x0000,0x0000,
  0x0000,0x0000,0x0000,0x0000,0x0000,0x0000,0x0000,0x0000,0x0000,0x0000,0x0000,0x0000,
  0x0000,0x0000,0x0000,0x0000,0x0000,0x0000,0x0000,0x0000,0x0000,0x0000,0x0000,0x0000,
  0x0000,0x0000,0x0000,0x0000,0x0000,0x0000,0x0000,0x0000,0x0000,0x0000,0x0000,0x0000,
  0x0000,0x0000,0x0000,0x0000,0x0020,0xad76,0xd699,0xce37,0xde99,0xe71b,0xef5c,0xf77c,
  0xf79d,0xf79d,0xffbd,0xffbe,0xffde,0xffff,0xffff,0xffff,0xffff,0xffff,0xfffe,0xffde,
  0xf77d,0xdf1c,0x18e3,0x0000,0x0000,0x0000,0x0000,0x0000,0x0000,0x0000,0x0000,0x0000,
  0x0000,0x0000,0x0000,0x0000,0x0000,0x0000,0x0000,0x0000,0x0000,0x0000,0x0000,0x0000,
  0x0000,0x0000,0x0000,0x0000,0x0000,0x0000,0x0000,0x0000,0x0000,0x0000,0x0000,0x0000,
  0x0000,0x0000,0x0000,0x0000,0x0000,0x0000,0x0000,0x0000,0x73ae,0xdefb,0xc617,0xd698,
  0xe6fa,0xef5c,0xf77d,0xf79d,0xf7bd,0xffbe,0xffde,0xffde,0xffde,0xffff,0xffff,0xffff,
  0xffff,0xffde,0xffbe,0xffbe,0xf79d,0xffdf,0x8c71,0x0000,0x0000,0x0000,0x0000,0x0000,
  0x0000,0x0000,0x0000,0x0000,0x0000,0x0000,0x0000,0x0000,0x0000,0x0000,0x0000,0x0000,
  0x0000,0x0000,0x0000,0x0000,0x0000,0x0000,0x0000,0x0000,0x0000,0x0000,0x0000,0x0000,
  0x0000,0x0000,0x0000,0x0000,0x0000,0x0000,0x0000,0x0000,0x0000,0x0000,0x0000,0x2124,
  0xdedb,0xc617,0xd658,0xe6da,0xef3c,0xf77d,0xf79d,0xf79d,0xffbe,0xffde,0xffde,0xffde,
  0xffde,0xffff,0xffff,0xffff,0xffff,0xffff,0xffde,0xffde,0xffbe,0xf79d,0xe73c,0x18e3,
  0x0000,0x0000,0x0000,0x0000,0x0000,0x0000,0x0000,0x0000,0x0000,0x0000,0x0000,0x0000,
  0x0000,0x0000,0x0000,0x0000,0x0000,0x0000,0x0000,0x0000,0x0000,0x0000,0x0000,0x0000,
  0x0000,0x0000,0x0000,0x0000,0x0000,0x0000,0x0000,0x0000,0x0000,0x0000,0x0000,0x0000,
  0x0000,0x0000,0x0000,0x9cf3,0xd69a,0xc5f7,0xde99,0xef1b,0xf77c,0xf79d,0xf79d,0xffbe,
  0xffbe,0xffde,0xffde,0xffde,0xffde,0xffff,0xffff,0xffff,0xffff,0xffff,0xffff,0xffde,
  0xffde,0xf79d,0xffff,0x73cf,0x0000,0x0020,0x0000,0x0000,0x0000,0x0000,0x0000,0x0000,
  0x0000,0x0000,0x0000,0x0000,0x0000,0x0000,0x0000,0x0000,0x0000,0x0000,0x0000,0x0000,
  0x0000,0x0000,0x0000,0x0000,0x0000,0x0000,0x0000,0x0000,0x0000,0x0000,0x0000,0x0000,
  0x0000,0x0000,0x0000,0x0000,0x0000,0x0000,0x2965,0xdedb,0xc5d6,0xce58,0xdeba,0xef3b,
  0xf77c,0xf79d,0xf79d,0xffbe,0xffbe,0xffde,0xffde,0xffde,0xffde,0xffff,0xffff,0xffff,
  0xffff,0xffff,0xffff,0xffde,0xffde,0xffbe,0xffbe,0xce79,0x0020,0x0000,0x0000,0x0000,
  0x0000,0x0000,0x0000,0x0000,0x0000,0x0000,0x0000,0x0000,0x0000,0x0000,0x0000,0x0000,
  0x0000,0x0000,0x0000,0x0000,0x0000,0x0000,0x0000,0x0000,0x0000,0x0000,0x0000,0x0000,
  0x0000,0x0000,0x0000,0x0000,0x0000,0x0000,0x0000,0x0000,0x0000,0x0000,0x8c51,0xdeba,
  0xbdb6,0xdeb9,0xe71b,0xef3c,0xf77d,0xf79d,0xffbd,0xffbe,0xffbe,0xffde,0xffde,0xffde,
  0xffde,0xffff,0xffff,0xffff,0xffff,0xffff,0xffff,0xffff,0xffde,0xffde,0xff9d,0xf7be,
  0x39c7,0x0000,0x0000,0x0000,0x0000,0x0000,0x0000,0x0000,0x0000,0x0000,0x0000,0x0000,
  0x0000,0x0000,0x0000,0x0000,0x0000,0x0000,0x0000,0x0000,0x0000,0x0000,0x0000,0x0000,
  0x0000,0x0000,0x0000,0x0000,0x0000,0x0000,0x0000,0x0000,0x0000,0x0000,0x0000,0x0000,
  0x0000,0x0861,0xce59,0xc617,0xc5d6,0xef3c,0xef1b,0xef5c,0xf77d,0xf79d,0xf7bd,0xffbd,
  0xffbd,0xffbe,0xffde,0xffde,0xffde,0xffff,0xffff,0xffff,0xffff,0xffff,0xffff,0xffff,
  0xffde,0xffde,0xffbd,0xffff,0x73cf,0x0000,0x0020,0x0000,0x0000,0x0000,0x0000,0x0000,
  0x0000,0x0000,0x0000,0x0000,0x0000,0x0000,0x0000,0x0000,0x0000,0x0000,0x0000,0x0000,
  0x0000,0x0000,0x0000,0x0000,0x0000,0x0000,0x0000,0x0000,0x0000,0x0000,0x0000,0x0000,
  0x0000,0x0000,0x0000,0x0000,0x0000,0x4208,0xdedb,0xbdb5,0xbd95,0xde99,0xef1b,0xef5c,
  0xf77c,0xf77d,0xf79d,0xffbe,0xffff,0xffff,0xffde,0xffde,0xffde,0xffff,0xffff,0xffff,
  0xffdf,0xffff,0xffff,0xffde,0xffdf,0xffde,0xffbe,0xffff,0xad55,0x0000,0x0000,0x0000,
  0x0000,0x0000,0x0000,0x0000,0x0000,0x0000,0x0000,0x0000,0x0000,0x0000,0x0000,0x0000,
  0x0000,0x0000,0x0000,0x0000,0x0000,0x0000,0x0000,0x0000,0x0000,0x0000,0x0000,0x0000,
  0x0000,0x0000,0x0000,0x0000,0x0000,0x0000,0x0000,0x0020,0x0000,0x7bcf,0xdeba,0xbd95,
  0xc5f6,0xde99,0xef1b,0xef5c,0xf77d,0xfffe,0xfffe,0xf77c,0x9cd3,0x9492,0xffff,0xffde,
  0xffde,0xffff,0xffff,0xffff,0xffff,0xffdf,0xffff,0xfffe,0xffff,0xffde,0xffde,0xffde,
  0xce7a,0x0020,0x0000,0x0000,0x0000,0x0000,0x0000,0x0000,0x0000,0x0000,0x0000,0x0000,
  0x0000,0x0000,0x0000,0x0000,0x0000,0x0000,0x0000,0x0000,0x0000,0x0000,0x0000,0x0000,
  0x0000,0x0000,0x0000,0x0000,0x0000,0x0000,0x0000,0x0000,0x0000,0x0000,0x0000,0x0000,
  0x0000,0xa534,0xce58,0xbdb5,0xce17,0xdeb9,0xe71b,0xef5c,0xef3b,0x6b2c,0x39e7,0x2104,
  0x1081,0x9cd2,0xffff,0xffbe,0xffde,0xffde,0xffff,0xce59,0xbdf7,0xffff,0xffde,0xffde,
  0xffde,0xffde,0xffde,0xffde,0xdefb,0x1082,0x0000,0x0000,0x0000,0x0000,0x0000,0x0000,
  0x0000,0x0000,0x0000,0x0000,0x0000,0x0000,0x0000,0x0000,0x0000,0x0000,0x0000,0x0000,
  0x0000,0x0000,0x0000,0x0000,0x0000,0x0000,0x0000,0x0000,0x0000,0x0000,0x0000,0x0000,
  0x0000,0x0000,0x0000,0x0000,0x0020,0xc618,0xc5f7,0xbdb5,0xce37,0xdeb9,0xef1b,0xef5c,
  0xef3b,0xa4d2,0x7b8d,0x9470,0xdeb9,0xffff,0xffbe,0xffde,0xffde,0xffbe,0xffff,0xa513,
  0x18c3,0xad55,0xffff,0xffff,0xffde,0xffde,0xffde,0xffbe,0xe73c,0x10c3,0x0000,0x0000,
  0x0000,0x0000,0x0000,0x0000,0x0000,0x0000,0x0000,0x0000,0x0000,0x0000,0x0000,0x0000,
  0x0000,0x0000,0x0000,0x0000,0x0000,0x0000,0x0000,0x0000,0x0000,0x0000,0x0000,0x0000,
  0x0000,0x0000,0x0000,0x0000,0x0000,0x0000,0x0000,0x0000,0x10a2,0xd679,0xbdb6,0xc5d6,
  0xce37,0xdeb9,0xef1b,0xef3b,0xef3b,0xffde,0xffff,0xffff,0xff9d,0xf79d,0xffbe,0xffde,
  0xffde,0xffde,0xffde,0xffde,0x8c0f,0x18e3,0x39e7,0xc638,0xffff,0xffbe,0xffde,0xffbe,
  0xe73c,0x10c3,0x0000,0x0000,0x0000,0x0000,0x0000,0x0000,0x0000,0x0000,0x0000,0x0000,
  0x0000,0x0000,0x0000,0x0000,0x0000,0x0000,0x0000,0x0000,0x0000,0x0000,0x0000,0x0000,
  0x0000,0x0000,0x0000,0x0000,0x0000,0x0000,0x0000,0x0000,0x0000,0x0000,0x0000,0x0000,
  0x2965,0xdeba,0xbd95,0xc5f6,0xd658,0xe6da,0xe6fa,0xe6da,0xf75c,0xffbe,0xffff,0xffff,
  0xffff,0xf79d,0xffbe,0xffde,0xffde,0xffde,0xffde,0xffde,0xfffe,0xdeb9,0xb575,0xe73b,
  0xffdf,0xffde,0xffbe,0xffbe,0xdefb,0x0861,0x0000,0x0000,0x0000,0x0000,0x0000,0x0000,
  0x0000,0x0000,0x0000,0x0000,0x0000,0x0000,0x0000,0x0000,0x0000,0x0000,0x0000,0x0000,
  0x0000,0x0000,0x0000,0x0000,0x0000,0x0000,0x0000,0x0000,0x0000,0x0000,0x0000,0x0000,
  0x0000,0x0000,0x0000,0x0000,0x4a69,0xdedb,0xb595,0xc5f6,0xd658,0xe6da,0xe6d9,0xde99,
  0xdeda,0xdeda,0xd679,0xc617,0xdeda,0xf77d,0xffbe,0xffbe,0xffde,0xffde,0xfffe,0xffbd,
  0xffbe,0xffff,0xffff,0xfffe,0xffde,0xffde,0xffbe,0xffde,0xce59,0x0000,0x0000,0x0000,
  0x0000,0x0000,0x0861,0xa4f3,0xa534,0x10a2,0x0000,0x0000,0x0000,0x0000,0x0000,0x0000,
  0x0000,0x0000,0x0000,0x0000,0x0000,0x0000,0x0000,0x0000,0x0000,0x0000,0x0000,0x0000,
  0x0000,0x0000,0x0000,0x0000,0x0000,0x0000,0x0020,0x0000,0x6b4d,0xdeda,0xb574,0xc5f6,
  0xd678,0xded9,0x9491,0x8c50,0x83ef,0x1081,0x1081,0x738e,0x6b2c,0xef3b,0xffde,0xffbe,
  0xffde,0xffde,0xe71b,0xffde,0xffff,0xffff,0xffbe,0xffbe,0xffde,0xffde,0xf79d,0xffff,
  0xad55,0x0000,0x0000,0x0000,0x0000,0x0000,0x4a69,0xffff,0xffff,0x8410,0x0000,0x0020,
  0x0000,0x0000,0x0000,0x0000,0x0000,0x0000,0x0000,0x0000,0x0000,0x0000,0x0000,0x0000,
  0x0000,0x0000,0x0000,0x0000,0x0000,0x0000,0x0000,0x0000,0x0000,0x0000,0x0020,0x0000,
  0x8c51,0xd699,0xb574,0xc5f6,0xd658,0xde98,0xa4f3,0xe73c,0x94b2,0x0000,0x18c3,0xad75,
  0x7bce,0xf79d,0xffbe,0xffbe,0xffde,0xffff,0x6b2c,0x3186,0x8c30,0xe6fb,0xffff,0xffde,
  0xffbe,0xffde,0xf79d,0xffff,0x8410,0x0000,0x0020,0x0000,0x0000,0x0000,0x4a49,0xe71c,
  0xffdf,0xa514,0x0000,0x0020,0x0000,0x0000,0x0000,0x0000,0x0000,0x0000,0x0000,0x0000,
  0x0000,0x0000,0x0000,0x0000,0x0000,0x0000,0x0000,0x0000,0x0000,0x0000,0x0000,0x0000,
  0x0000,0x0000,0x0000,0x0000,0xa514,0xce58,0xb595,0xce16,0xd678,0xde99,0xb5b6,0xef5d,
  0x94b2,0x0000,0x0020,0x0000,0x7bcf,0xfffe,0xffbd,0xffbe,0xffde,0xf77d,0x3186,0x0000,
  0x7bcf,0x8430,0x94b2,0xef3c,0xffde,0xffbe,0xf79d,0xffff,0x5acb,0x0000,0x0020,0x0000,
  0x0000,0x0000,0x4208,0xe6fb,0xffff,0x7bcf,0x0000,0x0000,0x0000,0x0000,0x0000,0x0000,
  0x0000,0x0000,0x0000,0x0000,0x0000,0x0000,0x0000,0x0000,0x0000,0x0000,0x0000,0x0000,
  0x0000,0x0000,0x0000,0x0000,0x0000,0x0000,0x0000,0x0000,0xbdd7,0xc5f7,0xbd95,0xce17,
  0xd678,0xdeb9,0xbdd7,0xc618,0xe71b,0x4208,0x0861,0x4208,0xd679,0xffde,0xffbe,0xffbe,
  0xffff,0xdefb,0x1061,0x0020,0x4208,0x630c,0xd69a,0x9cd2,0xf77d,0xffde,0xf79d,0xf7be,
  0x31a6,0x0000,0x0000,0x0000,0x0000,0x0000,0x630c,0xe71c,0xffbe,0x9492,0x4208,0x18c3,
  0x0000,0x0000,0x0000,0x0000,0x0000,0x0000,0x0000,0x0000,0x0000,0x0000,0x0000,0x0000,
  0x0000,0x0000,0x0000,0x0000,0x0000,0x0000,0x0000,0x0000,0x0000,0x0000,0x0000,0x0041,
  0xbe39,0xc5d6,0xbdb5,0xce17,0xd698,0xe6da,0xdeb9,0xb5b6,0xce79,0xd69a,0xad75,0xce38,
  0xf79d,0xffbe,0xffbe,0xffbe,0xfffe,0xef5c,0x39e7,0x0000,0x0000,0x7bef,0xffff,0xdeba,
  0xffbe,0xffbe,0xff9d,0xe73c,0x10a2,0x0000,0x0000,0x0000,0x0000,0x0020,0xb5b6,0xe6fb,
  0xe71c,0xffff,0xffff,0xf79e,0x8430,0x0000,0x0000,0x0000,0x0000,0x0000,0x0000,0x0000,
  0x0000,0x0000,0x0000,0x0000,0x0000,0x0000,0x0000,0x0000,0x0000,0x0000,0x0000,0x0000,
  0x0000,0x0000,0x0000,0x00c4,0x7dba,0xc5b5,0xbdb6,0xc5f6,0xdeb9,0xef1b,0xe6da,0xdeb9,
  0xce38,0xce58,0xef3c,0xffde,0xf79d,0xf79d,0xffbe,0xffde,0xffde,0xffbe,0xbdb6,0x5aeb,
  0x8c51,0xffdf,0xdedb,0xef3c,0xffde,0xf79d,0xffbe,0xce79,0x0000,0x0000,0x0000,0x0000,
  0x0000,0x4a69,0xef3c,0xce59,0xd679,0xef7d,0xf7be,0xffdf,0xffff,0x52aa,0x0000,0x0000,
  0x0000,0x0000,0x0000,0x0000,0x0000,0x0000,0x0000,0x0000,0x0000,0x0000,0x0000,0x0000,
  0x0000,0x0000,0x0000,0x0000,0x0841,0x1082,0x10a2,0x10a2,0x128f,0x84f6,0xd616,0xbdb5,
  0xd699,0xef3b,0xef3b,0xef5c,0xf77c,0xffde,0xc5f7,0xad34,0xffff,0xfffe,0xffbe,0xffbe,
  0xffde,0xffff,0xef5c,0xdefb,0xef5d,0xd67a,0xdefb,0xfffe,0xffbe,0xf79d,0xffde,0xad75,
  0x0000,0x0000,0x0000,0x0000,0x0000,0x9492,0xc618,0x94b2,0xbdf7,0xe71c,0xef5d,0xe71c,
  0xffff,0x73ae,0x0000,0x0020,0x0000,0x0000,0x0000,0x0000,0x0000,0x0000,0x0000,0x0000,
  0x0000,0x0000,0x0000,0x0000,0x0000,0x0841,0x18e3,0x2945,0x2945,0x2965,0x2965,0x1881,
  0x0128,0x0b15,0x7c95,0xcdf6,0xd657,0xe6fa,0xef3b,0xf77d,0xf77d,0xffff,0x83ef,0x0000,
  0x73ae,0xd6ba,0xffde,0xffff,0xf79d,0xad74,0xf77d,0xef7d,0xdeda,0xef5c,0xfffe,0xffde,
  0xffbe,0xf77c,0xffff,0x8451,0x0000,0x0020,0x0000,0x0000,0x0000,0x9cf3,0xbdb6,0x9cd3,
  0xe6fc,0xffff,0xffff,0xffdf,0xffff,0x9492,0x0000,0x0020,0x0000,0x0000,0x0000,0x0000,
  0x0000,0x0000,0x0000,0x0000,0x0000,0x0000,0x0000,0x0000,0x18e3,0x31a6,0x3185,0x3186,
  0x39c7,0x31a6,0x2945,0x1081,0x00e7,0x02d4,0x0294,0x3c17,0xadf9,0xef1a,0xf75b,0xef5c,
  0xef5c,0xffbd,0xd699,0x1041,0x0000,0x0820,0x1904,0x31c6,0x10a2,0x10a2,0xef5c,0xffff,
  0xffff,0xffde,0xffde,0xf79d,0xf7be,0xff9c,0xefbf,0x32cd,0x0000,0x0020,0x0000,0x0000,
  0x0000,0x8451,0xb5b6,0xa535,0xbdf7,0xdeba,0xef5d,0xef5d,0xffff,0xb575,0x0000,0x0000,
  0x0000,0x0000,0x0000,0x0000,0x0000,0x0000,0x0000,0x0000,0x0000,0x0000,0x0000,0x2124,
  0x3186,0x2945,0x39c7,0x31a6,0x2124,0x10a2,0x0861,0x0000,0x0109,0x02b4,0x02b4,0x0316,
  0x03b9,0x44fa,0xb69b,0xff7c,0xf77c,0xef5c,0xffde,0xbd14,0xc26b,0xaa09,0x9187,0x3000,
  0x0861,0xce38,0xffff,0xffbe,0xffde,0xffde,0xffde,0xff7c,0xffdd,0xcf1d,0x4dde,0x2a6b,
  0x0840,0x0000,0x0000,0x0000,0x2104,0xa555,0xa514,0x8410,0xb5b6,0xdefb,0xe71b,0xdedb,
  0xffff,0x73ae,0x0000,0x0020,0x0000,0x0000,0x0000,0x0000,0x0000,0x0000,0x0000,0x0000,
  0x0000,0x0000,0x0861,0x2945,0x18e3,0x31a6,0x2104,0x1082,0x0861,0x0041,0x0020,0x00c5,
  0x018d,0x0273,0x02d4,0x0356,0x03b8,0x03da,0x043b,0x65bc,0xe75c,0xffbd,0xf77d,0xf7bd,
  0xe679,0xed56,0xf535,0xd4f4,0xe71b,0xffff,0xf7be,0xffde,0xfffe,0xfffe,0xef9e,0xb71e,
  0x663e,0x0d1d,0x14bc,0x29c8,0x3165,0x0020,0x0000,0x0000,0x4249,0xbdd7,0x9cd3,0xad55,
  0xd6ba,0xffff,0xffff,0xffdf,0xffff,0x39e7,0x0000,0x0000,0x0000,0x0000,0x0000,0x0000,
  0x0000,0x0000,0x0000,0x0000,0x0000,0x0000,0x0861,0x18c2,0x18e3,0x2965,0x0861,0x0020,
  0x0000,0x0000,0x0000,0x1aaf,0x01ef,0x0272,0x02d4,0x0b97,0xbe7b,0x657b,0x041a,0x043b,
  0x14dc,0xaebd,0xffdd,0xffbd,0xf77c,0xef7c,0xef7c,0xffff,0xffff,0xffde,0xfffe,0xf7be,
  0xb73e,0x6e7f,0x2ddf,0x0d7f,0x051e,0x051e,0x0c18,0x18e4,0x31a6,0x2945,0x0000,0x0000,
  0x2104,0xc618,0x9cd2,0xa534,0xad55,0xbdb6,0xd699,0xf77d,0xce59,0x0841,0x0000,0x0000,
  0x0000,0x0000,0x0000,0x0000,0x0000,0x0000,0x0000,0x0000,0x0000,0x0000,0x0000,0x18c3,
  0x1081,0x3186,0x3186,0x0841,0x0000,0x0000,0x0041,0x2373,0x0231,0x0272,0x02d5,0x1397,
  0xeefa,0xc6dc,0x043b,0x4d7c,0x2d3d,0x04bd,0x55fd,0xbf1e,0xf7be,0xffbd,0xffde,0xffde,
  0xf7be,0xcf5e,0x86bf,0x4e3f,0x25df,0x159f,0x159f,0x157e,0x0d1d,0x0cfe,0x0334,0x0020,
  0x2124,0x31a6,0x2945,0x0000,0x0020,0x73cf,0xbdb6,0x9471,0x9cb2,0x9491,0xad54,0xad14,
  0x2945,0x0000,0x0000,0x0000,0x0000,0x0000,0x0000,0x0000,0x0000,0x0000,0x0000,0x0000,
  0x0000,0x0000,0x0000,0x0861,0x1082,0x18c3,0x39c7,0x2124,0x0021,0x0000,0x0062,0x2bf6,
  0x0251,0x0272,0x0315,0x0357,0x1419,0x4d1a,0x453b,0xffbd,0xf7be,0x663e,0x04bd,0x051d,
  0x35be,0x5e3e,0x665e,0x563e,0x2ddf,0x1dbf,0x2ddf,0x25df,0x25df,0x2ddf,0x1dbf,0x0d5e,
  0x0cfd,0x04dd,0x024f,0x0000,0x1082,0x2104,0x2124,0x2124,0x0882,0x0841,0x6b4d,0x9cb2,
  0xa513,0x9491,0x31a6,0x0020,0x0000,0x0000,0x0000,0x0000,0x0000,0x0000,0x0000,0x0000,
  0x0000,0x0000,0x0000,0x0000,0x0000,0x0000,0x0000,0x0000,0x10a2,0x1081,0x2124,0x31a6,
  0x1904,0x52aa,0x1966,0x23d6,0x0231,0x0273,0x0315,0x0bb8,0x655a,0x0c3a,0x451b,0xff7c,
  0xffbd,0xfffe,0x765e,0x04fd,0x04fd,0x051e,0x051e,0x0d7f,0x667f,0xbf5f,0xe7bf,0xaf1f,
  0x2ddf,0xe7bf,0x869e,0x04fe,0x0cdc,0x045c,0x01ab,0x0000,0x0041,0x1082,0x1082,0x0861,
  0x0882,0x0861,0x0000,0x2124,0x2945,0x0020,0x0000,0x0000,0x0000,0x0000,0x0000,0x0000,
  0x0000,0x0000,0x0000,0x0000,0x0000,0x0000,0x0000,0x0000,0x0000,0x0000,0x0000,0x0000,
  0x0020,0x1082,0x0861,0x18c3,0x31a6,0xe71c,0x7cd5,0x02b2,0x0292,0x02b3,0x0316,0x13d8,
  0xe6fb,0xe71c,0xcebb,0xdf3d,0xbedd,0xd71d,0xfffe,0xcf5e,0x7e7e,0x6e5e,0x9edf,0xe79f,
  0xffff,0xffff,0xffff,0xffff,0x665f,0xb73f,0x3dbe,0x04fd,0x049c,0x041b,0x0169,0x0000,
  0x0062,0x0862,0x0841,0x0041,0x1082,0x0841,0x10a2,0x0861,0x0000,0x0000,0x0000,0x0000,
  0x0000,0x0000,0x0000,0x0000,0x0000,0x0000,0x0000,0x0000,0x0000,0x0000,0x0000,0x0000,
  0x0000,0x0000,0x0000,0x0000,0x0000,0x10a2,0x18e3,0x39c7,0xd69a,0xffdf,0x8cf4,0x01cd,
  0x02d4,0x02f4,0x0336,0x0358,0x0bd9,0x551a,0x3d1b,0x0cbc,0x04bc,0x04fd,0x3d9d,0x8e9e,
  0xb71e,0xb71f,0x8ebf,0x8ebe,0xb71f,0xffdf,0xffff,0xbf3e,0x25bf,0x055f,0x051e,0x0d1d,
  0x049c,0x043a,0x0926,0x0000,0x0000,0x0862,0x0882,0x0882,0x0861,0x10a2,0x18c3,0x0000,
  0x0000,0x0000,0x0000,0x0000,0x0000,0x0000,0x0000,0x0000,0x0000,0x0000,0x0000,0x0000,
  0x0000,0x0000,0x0000,0x0000,0x0000,0x0000,0x0000,0x0000,0x0000,0x4a49,0xc5f7,0xe71c,
  0xf79e,0xd6bb,0xbe18,0x226e,0x02d4,0x02f4,0x1396,0x3c99,0x3499,0x03fa,0x041b,0x047c,
  0x0cdc,0xd75e,0x3dbe,0x255e,0x2d9e,0x053e,0x3ddf,0x1d9e,0x159f,0x565f,0xf7df,0xaf1f,
  0x2ddf,0x4e1f,0x1d7e,0x04fd,0x049c,0x145a,0x00a3,0x0000,0x0000,0x0000,0x0841,0x0882,
  0x1082,0x10a2,0x0000,0x0000,0x0000,0x0000,0x0000,0x0000,0x0000,0x0000,0x0000,0x0000,
  0x0000,0x0000,0x0000,0x0000,0x0000,0x0000,0x0000,0x0000,0x0000,0x0000,0x0000,0x0000,
  0x0000,0x18c3,0x9cd2,0xb595,0xd679,0xf79e,0xd6db,0x32ae,0x02d4,0x02d4,0x5497,0xe6fa,
  0xe6fb,0xb67c,0xdf1c,0x6dfd,0x047c,0x7e5d,0x255d,0xdf7f,0x96be,0x157e,0xffff,0x563e,
  0x157e,0x1d9f,0x461f,0xc75f,0xdf9f,0xffff,0x765e,0x049d,0x04bc,0x1c38,0x0041,0x0000,
  0x0000,0x0000,0x0000,0x0000,0x0000,0x0000,0x0000,0x0000,0x0000,0x0000,0x0000,0x0000,
  0x0000,0x0000,0x0000,0x0000,0x0000,0x0000,0x0000,0x0000,0x0000,0x0000,0x0000,0x0000,
  0x0000,0x0000,0x0000,0x0000,0x0000,0x0000,0x83ef,0xd679,0xf79e,0xffdf,0xd69a,0x2aae,
  0x02f4,0x02b4,0x8538,0x8579,0x755a,0xdf1c,0xa65c,0xdf3d,0x2d3c,0xbefe,0x1d5d,0xefbf,
  0x5e1e,0x35de,0xffff,0x2dbf,0x3dff,0x35df,0x25bf,0x1d9f,0x1d9e,0x4dfe,0x661e,0x355d,
  0x049d,0x1bf6,0x0000,0x0000,0x0000,0x0000,0x0000,0x0000,0x0000,0x0000,0x0000,0x0000,
  0x0000,0x0000,0x0000,0x0000,0x0000,0x0000,0x0000,0x0000,0x0000,0x0000,0x0000,0x0000,
  0x0000,0x0000,0x0000,0x0000,0x0000,0x0000,0x0000,0x0000,0x0000,0x1082,0xa534,0xdedb,
  0xf77d,0xf79e,0xbdf7,0x1a4e,0x02f4,0x02b4,0x9db9,0x54b9,0x7d9a,0x85fb,0x3d1b,0xd73d,
  0x55bd,0xf7be,0x3d9d,0xffdf,0x35be,0x5e3e,0xe7bf,0x7e9f,0xf7df,0x667f,0xcf5f,0x259e,
  0xaeff,0x1d5e,0x7e5e,0x75fd,0x049d,0x2372,0x0000,0x0000,0x0000,0x0000,0x0000,0x0000,
  0x0000,0x0000,0x0000,0x0000,0x0000,0x0000,0x0000,0x0000,0x0000,0x0000,0x0000,0x0000,
  0x0000,0x0000,0x0000,0x0000,0x0000,0x0000,0x0000,0x0000,0x0000,0x0000,0x0000,0x0000,
  0x0000,0x736d,0xa4f3,0xce38,0xef5d,0xef5d,0x94d3,0x020e,0x0b14,0x02d4,0xb619,0x3c99,
  0xb65b,0x6d9b,0x75bc,0xbedd,0x65dd,0xd75e,0x45bd,0xffdf,0x0d5e,0x7e7e,0xffff,0xffdf,
  0x563f,0x665f,0xe79f,0x259e,0xefbf,0x359e,0x04fd,0x049c,0x0cdd,0x1acf,0x0000,0x0000,
  0x0000,0x0000,0x0000,0x0000,0x0000,0x0000,0x0000,0x0000,0x0000,0x0000,0x0000,0x0000,
  0x0000,0x0000,0x0000,0x0000,0x0000,0x0000,0x0000,0x0000,0x0000,0x0000,0x0000,0x0000,
  0x0000,0x0000,0x0000,0x0000,0x0020,0xbdb6,0x9cd2,0xbdb6,0xe73c,0xce79,0x6b6d,0x0a50,
  0x02b4,0x02d5,0x3438,0x13b8,0x95da,0x34db,0xa67c,0x9e7d,0x8e5d,0xc71e,0x55fe,0xffde,
  0x155e,0xa6ff,0xe79f,0xf7bf,0x461f,0x869f,0xcf5f,0x3dde,0xe79f,0x0d1d,0x04dd,0x047b,
  0x14fd,0x120a,0x0000,0x0000,0x0000,0x0000,0x0000,0x0000,0x0000,0x0000,0x0000,0x0000,
  0x0000,0x0000,0x0000,0x0000,0x0000,0x0000,0x0000,0x0000,0x0000,0x0000,0x0000,0x0000,
  0x0000,0x0000,0x0000,0x0000,0x0000,0x0000,0x0000,0x0000,0x0000,0x630c,0xd679,0xce58,
  0xce58,0x9cb2,0x6b2b,0x94b2,0x5414,0x3bf5,0x0356,0x0358,0x03d9,0x041a,0x351c,0x24dc,
  0x65dd,0x65fd,0x2d5d,0xf7de,0x9ebe,0xc73e,0x8ebe,0x8ebf,0xefbf,0x561e,0xffdf,0xe7bf,
  0xc73e,0x04fd,0x04bc,0x045c,0x14dc,0x1167,0x0041,0x0882,0x1082,0x0861,0x0020,0x0000,
  0x0000,0x0000,0x0000,0x0000,0x0000,0x0000,0x0000,0x0000,0x0000,0x0000,0x0000,0x0000,
  0x0000,0x0000,0x0000,0x0000,0x0000,0x0000,0x0000,0x0000,0x0000,0x0000,0x0000,0x0000,
  0x0000,0x0000,0x4a49,0x9491,0x83ef,0x31a6,0x8c30,0xb574,0xcdf6,0xd636,0xce38,0x4498,
  0x03ba,0x043a,0x045b,0x047b,0x049c,0x04bc,0x04dd,0x255d,0x155e,0x3dde,0x2dbe,0x25be,
  0x6e7f,0x2dbf,0x35de,0xbf3f,0xa6be,0x04bd,0x04bd,0x02d3,0x09a9,0x1105,0x1904,0x1925,
  0x2125,0x2965,0x3186,0x1082,0x0000,0x0000,0x0000,0x0000,0x0000,0x0000,0x0000,0x0000,
  0x0000,0x0000,0x0000,0x0000,0x0000,0x0000,0x0000,0x0000,0x0000,0x0000,0x0000,0x0000,
  0x0000,0x0000,0x0000,0x0000,0x0000,0x0000,0x0000,0x0000,0x0000,0x0861,0xbdd7,0xbd95,
  0xbdd6,0xce17,0xde98,0xe6d9,0x4cfa,0x03fb,0x045b,0x047b,0x049c,0x04bc,0x04dd,0x051d,
  0x0d3e,0x051e,0x053e,0x1d9e,0x0d7e,0xc75f,0xd79f,0xe79e,0x359e,0x04de,0x13b5,0x0862,
  0x10a2,0x10c3,0x10c3,0x10a2,0x10a2,0x2965,0x4a49,0x3186,0x0000,0x0000,0x0000,0x0000,
  0x0000,0x0000,0x0000,0x0000,0x0000,0x0000,0x0000,0x0000,0x0000,0x0000,0x0000,0x0000,
  0x0000,0x0000,0x0000,0x0000,0x0000,0x0000,0x0000,0x0000,0x0000,0x0000,0x0000,0x0000,
  0x0000,0x1082,0xc618,0xbdd6,0xc5f6,0xce37,0xd699,0xe6da,0xef1b,0x7ddb,0x24fc,0x0cdc,
  0x1d1c,0x4dbd,0x9ebd,0xd75d,0xdf7d,0xc73e,0x6e5e,0x1d9e,0x157f,0x461f,0x7e9f,0x35be,
  0x04dd,0x7e5e,0x5aaa,0x0841,0x10a3,0x1081,0x0861,0x0861,0x0841,0x18e3,0x4228,0x3186,
  0x0020,0x0000,0x0000,0x0000,0x0000,0x0000,0x0000,0x0000,0x0000,0x0000,0x0000,0x0000,
  0x0000,0x0000,0x0000,0x0000,0x0000,0x0000,0x0000,0x0000,0x0000,0x0000,0x0000,0x0000,
  0x0000,0x0000,0x0000,0x0000,0x0000,0x0000,0xad55,0xc5f7,0xbdb5,0xce37,0xde99,0xdeda,
  0xe71b,0xff7b,0xef5c,0xdf3d,0xe75d,0xffbd,0xffdd,0xffbd,0xffbe,0xffde,0xfffe,0xcf5e,
  0x6e5e,0x35df,0x1d9e,0x4dfe,0xbefd,0xff5b,0x31a6,0x0020,0x0861,0x0861,0x0861,0x0841,
  0x0841,0x18c3,0x31a6,0x2965,0x0841,0x0000,0x0000,0x0000,0x0000,0x0000,0x0000,0x0000,
  0x0000,0x0000,0x0000,0x0000,0x0000,0x0000,0x0000,0x0000,0x0000,0x0000,0x0000,0x0000,
  0x0000,0x0000,0x0000,0x0000,0x0000,0x0000,0x0000,0x0000,0x0000,0x0000,0x4208,0xd69a,
  0xbdd6,0xc5f6,0xd678,0xded9,0xe6fa,0xef3b,0xf77c,0xff9d,0xf79d,0xf79d,0xf79d,0xf7be,
  0xffbe,0xffbe,0xffbe,0xffde,0xfffe,0xf7be,0xf7be,0xffdd,0xffbd,0xef3b,0x41e7,0x0020,
  0x18c3,0x1082,0x0841,0x0020,0x0861,0x18a2,0x31a6,0x2965,0x0841,0x0000,0x0000,0x0000,
  0x0000,0x0000,0x0000,0x0000,0x0000,0x0000,0x0000,0x0000,0x0000,0x0000,0x0000,0x0000,
  0x0000,0x0000,0x0000,0x0000,0x0000,0x0000,0x0000,0x0000,0x0000,0x0000,0x0000,0x0000,
  0x0000,0x0000,0x0000,0x4228,0xad96,0xc617,0xce17,0xd657,0xdeb9,0xe71b,0xef5c,0xf77c,
  0xf77d,0xf79d,0xf79d,0xffbd,0xffbe,0xffbe,0xffbe,0xffbe,0xffbe,0xffde,0xffbe,0xf79d,
  0xf77d,0xe71b,0x9c90,0x7bef,0x0861,0x0000,0x0000,0x0020,0x1082,0x18c3,0x3186,0x2945,
  0x0020,0x0000,0x0000,0x0000,0x0000,0x0000,0x0000,0x0000,0x0000,0x0000,0x0000,0x0000,
  0x0000,0x0000,0x0000,0x0000,0x0000,0x0000,0x0000,0x0000,0x0000,0x0000,0x0000,0x0000,
  0x0000,0x0000,0x0000,0x0000,0x0000,0x31a6,0x52aa,0x3186,0x18e4,0x634d,0xa514,0xc5f6,
  0xce37,0xde78,0xdeb9,0xe6fa,0xef3b,0xf75c,0xf77d,0xf79d,0xf7bd,0xffbe,0xffbe,0xffbe,
  0xffbe,0xffbe,0xf79d,0xf79d,0xef5c,0xde99,0xce38,0x5aeb,0x0000,0x0000,0x0000,0x0841,
  0x1082,0x18c3,0x2965,0x2124,0x0020,0x0000,0x0000,0x0000,0x0000,0x0000,0x0000,0x0000,
  0x0000,0x0000,0x0000,0x0000,0x0000,0x0000,0x0000,0x0000,0x0000,0x0000,0x0000,0x0000,
  0x0000,0x0000,0x0000,0x0000,0x0000,0x0000,0x0000,0x0000,0x6b4d,0x6b6d,0x2965,0x4228,
  0x39c7,0x0000,0x18c3,0x3a08,0x6b6d,0x9492,0xb595,0xce38,0xde99,0xe6da,0xe6fa,0xef1b,
  0xef3b,0xf75c,0xf75c,0xf77c,0xf77c,0xf77c,0xef5c,0xef1b,0xdeda,0xc5f7,0x6b6d,0x0000,
  0x0000,0x0000,0x0000,0x0861,0x1082,0x18e3,0x2965,0x2104,0x0000,0x0000,0x0000,0x0000,
  0x0000,0x0000,0x0000,0x0000,0x0000,0x0000,0x0000,0x0000,0x0000,0x0000,0x0000,0x0000,
  0x0000,0x0000,0x0000,0x0000,0x0000,0x0000,0x0000,0x0000,0x0000,0x0000,0x0000,0x4228,
  0x83ef,0x0000,0x0000,0x0000,0x39c7,0x0861,0x0841,0x0000,0x0000,0x0020,0x18e3,0x3a08,
  0x5b0c,0x7bef,0x94b2,0xa534,0xb596,0xbdf7,0xce58,0xce58,0xc5f7,0xb595,0xa514,0x8c51,
  0x5b0c,0x2124,0x0000,0x0000,0x0000,0x0000,0x0000,0x1082,0x1082,0x2104,0x2945,0x18e3,
  0x0000,0x0000,0x0000,0x0000,0x0000,0x0000,0x0000,0x0000,0x0000,0x0000,0x0000,0x0000,
  0x0000,0x0000,0x0000,0x0000,0x0000,0x0000,0x0000,0x0000,0x0000,0x0000,0x0000,0x0000,
  0x0000,0x0000,0x0000,0x840f,0x2945,0x0000,0x4a49,0x83ef,0x5acb,0x39c7,0x1082,0x0861,
  0x0020,0x0000,0x0000,0x0000,0x0000,0x0000,0x0000,0x0041,0x1082,0x10a2,0x736d,0xb554,
  0x18e3,0x1082,0x0041,0x0000,0x0000,0x0000,0x0000,0x0000,0x0000,0x0000,0x0000,0x1082,
  0x1082,0x1082,0x18c3,0x10a2,0x0000,0x0000,0x0000,0x0000,0x0000,0x0000,0x0000,0x0000,
  0x0000,0x0000,0x0000,0x0000,0x0000,0x0000,0x0000,0x0000,0x0000,0x0000,0x0000,0x0000,
  0x0000,0x0000,0x0000,0x0000,0x0000,0x0000,0x31a6,0x738d,0x0000,0x3186,0xbdb6,0x4208,
  0x0841,0x39c6,0x2124,0x0861,0x0841,0x0841,0x0861,0x0841,0x0000,0x0000,0x0000,0x0000,
  0x0000,0x0000,0x18c3,0x4a28,0x0000,0x0000,0x0000,0x0000,0x0000,0x0000,0x0000,0x0000,
  0x0000,0x0000,0x10a2,0x10a2,0x0000,0x630c,0xbdd7,0xdefb,0x9492,0x0020,0x0000,0x0000,
  0x0000,0x0000,0x0000,0x0000,0x0000,0x0000,0x0000,0x0000,0x0000,0x0000,0x0000,0x0000,
  0x0000,0x0000,0x0000,0x0000,0x0000,0x0000,0x0000,0x0000,0x0000,0x0000,0x73ae,0x3186,
  0x0000,0x7bce,0x9471,0x0000,0x0000,0x1082,0x2104,0x0861,0x1082,0x1082,0x1082,0x0841,
  0x0000,0x0000,0x0000,0x0000,0x0000,0x0000,0x1061,0x2104,0x0000,0x0000,0x0000,0x0000,
  0x0000,0x0000,0x0000,0x0000,0x0000,0x0841,0xad54,0x8c71,0x840f,0xffff,0xffff,0xef7d,
  0xf7be,0x3186,0x0000,0x0020,0x0000,0x0000,0x0000,0x0000,0x0000,0x0000,0x0000,0x0000,
  0x0000,0x0000,0x0000,0x0000,0x0000,0x0000,0x0000,0x0000,0x0000,0x0000,0x0000,0x0000,
  0x0000,0x2124,0x7bae,0x0820,0x0000,0x7bae,0x738e,0x0000,0x1082,0x0000,0x10a2,0x1082,
  0x10a2,0x18c3,0x10a2,0x0841,0x0000,0x0000,0x0000,0x0000,0x0000,0x0000,0x4228,0x8c30,
  0x0000,0x0000,0x0000,0x0000,0x0000,0x0000,0x0000,0x0000,0x0000,0x0861,0xa4f3,0xce37,
  0xc617,0xd699,0x7bcf,0x39e7,0x4208,0x2965,0x0841,0x0000,0x0000,0x0000,0x0000,0x0000,
  0x0000,0x0000,0x0000,0x0000,0x0000,0x0000,0x0000,0x0000,0x0000,0x0000,0x0000,0x0000,
  0x0000,0x0000,0x0000,0x0000,0x0000,0x630c,0x4208,0x0000,0x0000,0x2104,0x8c0f,0x20e3,
  0x1082,0x0020,0x0841,0x1082,0x18c3,0x2104,0x18c3,0x0841,0x0000,0x0000,0x0000,0x0000,
  0x0020,0x0000,0x83ef,0xdefb,0x0000,0x0000,0x0000,0x0000,0x0000,0x0000,0x0000,0x0000,
  0x0000,0x0841,0x2124,0x2924,0x2945,0x2124,0x10a2,0x2124,0x6b6d,0xc5f7,0xd69a,0xbdb6,
  0x5aeb,0x0000,0x0000,0x0000,0x0000,0x0000,0x0000,0x0000,0x0000,0x0000,0x0000,0x0000,
  0x0000,0x0000,0x0000,0x0000,0x0000,0x0000,0x0000,0x0000,0x0000,0x7bae,0x18c3,0x3186,
  0x4a69,0x2124,0x2945,0x2965,0x0861,0x0861,0x0841,0x1082,0x18e3,0x2124,0x18e3,0x0841,
  0x0000,0x0000,0x0000,0x0000,0x0000,0x0000,0x4208,0x738e,0x0000,0x0000,0x0000,0x0000,
  0x0000,0x0000,0x0000,0x0000,0x0000,0x2104,0x1082,0x0000,0x0861,0x1082,0x1082,0x9492,
  0xffff,0xffdf,0xffff,0xffff,0xffff,0xa514,0x0000,0x0000,0x0000,0x0000,0x0000,0x0000,
  0x0000,0x0000,0x0000,0x0000,0x0000,0x0000,0x0000,0x0000,0x0000,0x0000,0x0000,0x0000,
  0x1082,0x83ef,0x7bcf,0xc5f7,0xc618,0xb575,0x62eb,0x3165,0x2965,0x0841,0x1082,0x0861,
  0x18e3,0x2104,0x18c3,0x0000,0x0000,0x0000,0x0000,0x0000,0x0000,0x0841,0x18c3,0x18e4,
  0x1061,0x1082,0x1082,0x0861,0x0841,0x0020,0x0000,0x0000,0x0000,0x18e3,0x1082,0x1082,
  0x1061,0x0020,0x4a48,0xef5c,0xef5c,0xf79e,0xffdf,0xffdf,0xf7be,0xffff,0x630c,0x0000,
  0x0020,0x0000,0x0000,0x0000,0x0000,0x0000,0x0000,0x0000,0x0000,0x0000,0x0000,0x0000,
  0x0000,0x0000,0x0000,0x0000,0x0841,0x9cb2,0xa513,0xb595,0xd699,0xdeda,0xad54,0x5289,
  0x52aa,0x3186,0x0861,0x1082,0x18e3,0x10a2,0x2965,0x5aeb,0x528a,0x528a,0x52aa,0x630c,
  0x6b6d,0x738e,0x7bae,0x7bef,0x8410,0x8c51,0x9492,0x9cf3,0xa513,0xa514,0xa513,0x9cd2,
  0x9492,0x31a6,0x0020,0x0861,0x1082,0x0020,0x8c30,0xdeda,0xe71c,0xf79e,0xffbe,0xffff,
  0xffbe,0xffff,0xb5b6,0x0000,0x0020,0x0000,0x0000,0x0000,0x0000,0x0000,0x0000,0x0000,
  0x0000,0x0000,0x0000,0x0000,0x0000,0x0000,0x0000,0x0000,0x0000,0x7bae,0xad33,0xb595,
  0xce59,0xd699,0xbdb6,0x62eb,0x4a69,0x630c,0x18c3,0x0000,0x0000,0x0861,0x738e,0x9cf3,
  0x9cb2,0x94b2,0x94b2,0x94b2,0x94b2,0x9491,0xa4f3,0xa514,0x9471,0x9cb2,0x9cd2,0x9cd3,
  0x9cd3,0xa4f3,0xad34,0xb596,0xc618,0x9471,0x4208,0x2924,0x10a2,0x0020,0x9cb2,0xce38,
  0xdeda,0xef7d,0xf79e,0xffbe,0xf7be,0xffdf,0xc618,0x0841,0x0000,0x0000,0x0000,0x0000,
  0x0000,0x0000,0x0000,0x0000,0x0000,0x0000,0x0000,0x0000,0x0000,0x0000,0x52aa,0xad54,
  0xad34,0x8c51,0xa4f2,0xc5f6,0xd699,0xdeda,0xce38,0x9471,0x738d,0x8c51,0x73ae,0x4a48,
  0x4a28,0x7bce,0xbdb6,0xbdd6,0xbdd7,0xbdd7,0xbdd6,0xbdd6,0xbdf7,0xbdd7,0xd679,0xdeda,
  0xbdf7,0xc618,0xc638,0xc5f7,0xb5b6,0xad34,0x94b2,0x840f,0x7bae,0xa513,0xbd95,0xad54,
  0x9491,0x6b4d,0xa513,0xbdb6,0xce58,0xdedb,0xe71c,0xef5d,0xef5d,0xef5d,0xef5d,0xc638,
  0xbdb6,0x83ef,0x0841,0x0000,0x0000,0x0000,0x0000,0x0000,0x0000,0x0000,0x0000,0x0000,
  0x0000,0x0000,0x630c,0xbd95,0xc5f7,0xce38,0xd678,0xe71b,0xf75c,0xf77d,0xef3b,0xdeba,
  0xd699,0xd699,0xc617,0xce17,0xce37,0xc617,0xce38,0xdeba,0xdeba,0xdeda,0xdeda,0xdeda,
  0xdeba,0xd699,0xe71b,0xf77d,0xe6fb,0xe71b,0xe71b,0xe71b,0xe6fb,0xdefb,0xdeba,0xce59,
  0xb5b6,0x9471,0x9c91,0x9491,0xa513,0xbdb5,0xbdb6,0xce38,0xe6fb,0xef7d,0xffbe,0xffdf,
  0xffff,0xffdf,0xf77d,0xdedb,0xb595,0x8c51,0x0861,0x0000,0x0000,0x0000,0x0000,0x0000,
  0x0000,0x0000,0x0000,0x0000,0x0000,0x0000,0x0000,0x0000,0x41e7,0x6b4c,0x736d,0x5269,
  0x528a,0x5aaa,0x52aa,0x7bce,0xce38,0xde99,0xd679,0xd679,0xd679,0xd679,0xde99,0xe6fb,
  0xe6fb,0xe71b,0xe71b,0xe71b,0xe73b,0xef3c,0xef5c,0xef5c,0xef3c,0xef3c,0xef3c,0xef3c,
  0xef3c,0xe71c,0xe71b,0xe71c,0xe71c,0xe6fa,0xd699,0xce17,0xbdb5,0xb575,0xbdb6,0xc5f7,
  0xd658,0xdeba,0xdeda,0xdeda,0xdeba,0xd679,0xdeba,0xef3c,0xb596,0x0841,0x0000,0x0000,
  0x0000,0x0000,0x0000,0x0000,0x0000,0x0000,0x0000,0x0000,0x0000,0x0000,0x0000,0x0861,
  0x7bef,0xad34,0x8c30,0x0841,0x0000,0x0000,0x4a69,0xdeda,0xef3c,0xef5c,0xe71b,0xe6fa,
  0xe6da,0xe6da,0xdeda,0xe6fb,0xe71b,0xe71b,0xef3c,0xef3c,0xef3c,0xe71b,0xef3c,0xef3c,
  0xe71b,0xef3c,0xef3c,0xef3c,0xef3c,0xe73c,0xe71c,0xe71b,0xe6fb,0xdeda,0xe71b,0xe71b,
  0xe71b,0xdeda,0xe6da,0xe6fb,0xe6fb,0xe71b,0xef5c,0xf77d,0xf77d,0xf77d,0xe71b,0xce58,
  0x9cd2,0x18c3,0x0000,0x0000,0x0000,0x0000,0x0000,0x0000,0x0000,0x0000,0x0000,0x0000,
  0x0000,0x0000,0x0000,0x0000,0x0000,0x0000,0x0000,0x0000,0x0020,0x0020,0x2965,0x840f,
  0xb575,0xd678,0xe6fb,0xef5c,0xf79d,0xffbd,0xffbe,0xffbe,0xf79d,0xef5c,0xef3c,0xef1b,
  0xef3c,0xf77d,0xf77d,0xef5c,0xef3c,0xe71c,0xe71b,0xe71b,0xe71b,0xe71b,0xe71b,0xe71b,
  0xe71b,0xe71b,0xef5c,0x630c,0x1082,0x1082,0x18c3,0x39c7,0x6b6d,0x6b4c,0x4a69,0x4228,
  0x39c6,0x2924,0x1082,0x0000,0x0000,0x0000,0x0000,0x0000,0x0000,0x0000,0x0000,0x0000,
  0x0000,0x0000,0x0000,0x0000,0x0000,0x0000,0x0000,0x0000,0x0000,0x0000,0x0000,0x0000,
  0x0000,0x0000,0x0000,0x0000,0x0000,0x0841,0x18c2,0x2944,0x31a6,0x39e7,0x41e7,0x39c7,
  0x3186,0x2124,0x18e3,0x18e3,0x2944,0x4a48,0xb554,0xe6da,0xf77c,0xffbe,0xffff,0xffff,
  0xffff,0xffff,0xffff,0xffff,0xffde,0xef5c,0xd699,0x5289,0x0000,0x0000,0x0000,0x4228,
  0xad55,0x9cf3,0x10a2,0x0000,0x0000,0x0000,0x0000,0x0000,0x0000,0x0000,0x0000,0x0000,
  0x0000,0x0000,0x0000,0x0000,0x0000,0x0000,0x0000,0x0000,0x0000,0x0000,0x0000,0x0000,
  0x0000,0x0000,0x0000,0x0000,0x0000,0x0000,0x0000,0x0000,0x0000,0x0000,0x0000,0x0000,
  0x0000,0x0000,0x0000,0x0000,0x0000,0x0000,0x0000,0x0000,0x0000,0x0000,0x0000,0x10a2,
  0x3165,0x4a48,0x5aca,0x632c,0x6b2c,0x6b2c,0x62eb,0x5269,0x39c7,0x18e3,0x0000,0x0000,
  0x0000,0x0000,0x0000,0x0000,0x0000,0x0000,0x0000,0x0000,0x0000,0x0000,0x0000,0x0000,
  0x0000,0x0000,0x0000,0x0000,0x0000,0x0000,0x0000,0x0000,0x0000,0x0000,0x0000,0x0000,
  0x0000,0x0000,0x0000,0x0000,0x0000,0x0000,0x0000,0x0000,0x0000,0x0000,0x0000,0x0000,
  0x0000,0x0000,0x0000,0x0000,0x0000,0x0000,0x0000,0x0000,0x0000,0x0000,0x0000,0x0000,
  0x0000,0x0000,0x0000,0x0000,0x0000,0x0000,0x0000,0x0000,0x0000,0x0000,0x0000,0x0000,
  0x0000,0x0000,0x0000,0x0000,0x0000,0x0000,0x0000,0x0000,0x0000,0x0000,0x0000,0x0000,
  0x0000,0x0000,0x0000,0x0000,0x0000,0x0000,0x0000,0x0000,0x0000,0x0000,0x0000,0x0000,
  0x0000,0x0000,0x0000,0x0000,0x0000,0x0000,0x0000,0x0000,0x0000,0x0000,0x0000,0x0000,
  0x0000,0x0000,0x0000,0x0000,0x0000,0x0000,0x0000,0x0000,0x0000,0x0000,0x0000,0x0000,
  0x0000,0x0000,0x0000,0x0000,0x0000,0x0000,0x0000,0x0000,0x0000,0x0000,0x0000,0x0020,
  0x0020,0x0020,0x0020,0x0000,0x0000,0x0000,0x0000,0x0000,0x0000,0x0000,0x0000,0x0000,
  0x0000,0x0000,0x0000,0x0000,0x0000,0x0000,0x0000,0x0000,0x0000,0x0000,0x0000,0x0000,
  0x0000,0x0000,0x0000,0x0000,0x0000,0x0000,0x0000,0x0000,0x0000,0x0000,0x0000,0x0000,
  0x0000,0x0000,0x0000,0x0000,0x0000,0x0000,0x0000,0x0000,0x0000,0x0000,0x0000,0x0000,
  0x0000,0x0000,0x0000,0x0000,0x0000,0x0000,0x0000,0x0000,0x0000,0x0000,0x0000,0x0000,
  0x0000,0x0000,0x0000,0x0000,0x0000,0x0000,0x0000,0x0000,0x0000,0x0000,0x0000,0x0000,
  0x0000,0x0000,0x0000,0x0000,0x0000,0x0000,0x0000,0x0000,0x0000,0x0000,0x0000,0x0000,
  0x0000,0x0000,0x0000,0x0000,0x0000,0x0000,0x0000,0x0000,0x0000,0x0000,0x0000,0x0000,
  0x0000,0x0000,0x0000,0x0000,0x0000,0x0000,0x0000,0x0000,0x0000,0x0000,0x0000,0x0000,
  0x0000,0x0000,0x0000,0x0000,0x0000,0x0000,0x0000,0x0000,0x0000,0x0000,0x0000,0x0000,
  0x0000,0x0000,0x0000,0x0000,0x0000,0x0000,0x0000,0x0000,0x0000,0x0000,0x0000,0x0000,
  0x0000,0x0000,0x0000,0x0000,0x0000,0x0000,0x0000,0x0000,0x0000,0x0000,0x0000,0x0000,
  0x0000,0x0000,0x0000,0x0000,0x0000,0x0000,0x0000,0x0000,0x0000,0x0000,0x0000,0x0000,
  0x0000,0x0000,0x0000,0x0000,0x0000,0x0000,0x0000,0x0000,0x0000,0x0000,0x0000,0x0000,
  0x0000,0x0000,0x0000,0x0000,0x0000,0x0000,0x0000,0x0000,0x0000,0x0000,0x0000,0x0000,
  0x0000,0x0000,0x0000,0x0000,0x0000,0x0000,0x0000,0x0000,0x0000,0x0000,0x0000,0x0000,
  0x0000,0x0000,0x0000,0x0000,0x0000,0x0000,0x0000,0x0000,0x0000,0x0000,0x0000,0x0000,
  0x0000,0x0000,0x0000,0x0000,0x0000,0x0000,0x0000,0x0000,0x0000,0x0000,0x0000,0x0000,
  0x0000,0x0000,0x0000,0x0000,0x0000,0x0000,0x0000,0x0000,0x0000,0x0000,0x0000,0x0000,
  0x0000,0x0000,0x0000,0x0000,0x0000,0x0000,0x0000,0x0000,0x0000,0x0000,0x0000,0x0000,
  0x0000,0x0000,0x0000,0x0000,0x0000,0x0000,0x0000,0x0000,0x0000,0x0000,0x0000,0x0000,
  0x0000,0x0000,0x0000,0x0000,0x0000,0x0000,0x0000,0x0000,0x0000,0x0000,0x0000,0x0000,
  0x0000,0x0000,0x0000,0x0000,0x0000,0x0000,0x0000,0x0000,0x0000,0x0000,0x0000,0x0000,
  0x0000,0x0000,0x0000,0x0000,0x0000,0x0000,0x0000,0x0000,0x0000,0x0000,0x0000,0x0000,
  0x0000,0x0000,0x0000,0x0000,0x0000,0x0000,0x0000,0x0000,0x0000,0x0000,0x0000,0x0000,
  0x0000,0x0000,0x0000,0x0000,0x0000,0x0000,0x0000,0x0000,0x0000,0x0000,0x0000,0x0000,
  0x0000,0x0000,0x0000,0x0000,0x0000,0x0000,0x0000,0x0000,0x0000,0x0000,0x0000,0x0000,
  0x0000,0x0000,0x0000,0x0000,0x0000,0x0000,0x0000,0x0000,0x0000,0x0000,0x0000,0x0000,
  0x0000,0x0000,0x0000,0x0000,0x0000,0x0000,0x0000,0x0000,0x0000,0x0000,0x0000,0x0000,
  0x0000,0x0000,0x0000,0x0000,0x0000,0x0000,0x0000,0x0000,0x0000,0x0000,0x0000,0x0000,
  0x0000,0x0000,0x0000,0x0000,0x0000,0x0000,0x0000,0x0000,0x0000,0x0000,0x0000,0x0000,
  0x0000,0x0000,0x0000,0x0000,0x0000,0x0000,0x0000,0x0000,0x0000,0x0000,0x0000,0x0000,
  0x0000,0x0000,0x0000,0x0000,0x0000,0x0000,0x0000,0x0000,0x0000,0x0000,0x0000,0x0000,
  0x0000,0x0000,0x0000,0x0000,0x0000,0x0000,0x0000,0x0000,0x0000,0x0000,0x0000,0x0000,
  0x0000,0x0000,0x0000,0x0000,0x0000,0x0000,0x0000,0x0000,0x0000,0x0000,0x0000,0x0000,
  0x0000,0x0000,0x0000,0x0000,0x0000,0x0000,0x0000,0x0000,0x0000,0x0000,0x0000,0x0000,
  0x0000,0x0000,0x0000,0x0000,0x0000,0x0000,0x0000,0x0000,0x0000,0x0000,0x0000,0x0000,
  0x0000,0x0000,0x0000,0x0000,0x0000,0x0000,0x0000,0x0000,0x0000,0x0000,0x0000,0x0000,
  0x0000,0x0000,0x0000,0x0000,0x0000,0x0000,0x0000,0x0000,0x0000,0x0000,0x0000,0x0000,
  0x0000,0x0000,0x0000,0x0000,0x0000,0x0000,0x0000,0x0000,0x0000,0x0000,0x0000,0x0000,
  0x0000,0x0000,0x0000,0x0000,0x0000,0x0000,0x0000,0x0000,0x0000,0x0000,0x0000,0x0000,
  0x0000,0x0000,0x0000,0x0000,0x0000,0x0000,0x0000,0x0000,0x0000,0x0000,0x0000,0x0000,
  0x0000,0x0000,0x0000,0x0000,0x0000,0x0000,0x0000,0x0000,0x0000,0x0000,0x0000,0x0000,
  0x0000,0x0000,0x0000,0x0000,0x0000,0x0000,0x0000,0x0000,0x0000,0x0000,0x0000,0x0000,
  0x0000,0x0000,0x0000,0x0000,0x0000,0x0000,0x0000,0x0000,0x0000,0x0000,0x0000,0x0000,
};
static const uint8_t MILKY_RUNNING_MASK[] PROGMEM = {
  0xff,0xff,0xff,0xff,0xff,0xff,0xff,0xff,0xff,0xff,0xff,0xff,0xff,0xff,0xff,0xff,
  0xff,0xff,0xff,0xff,0xff,0xff,0xff,0xff,0xff,0xff,0xff,0xff,0xff,0xff,0xff,0xff,
  0xff,0xff,0xff,0xff,0xff,0xff,0xff,0xff,0xff,0xff,0xff,0xff,0xff,0xff,0xff,0xff,
  0xff,0xff,0xff,0xff,0xff,0xff,0xff,0xff,0xff,0xff,0xff,0xff,0xff,0xff,0xff,0xff,
  0xff,0xff,0xff,0xff,0xff,0xff,0xff,0xff,0xff,0xff,0xff,0xff,0xff,0xff,0xff,0xff,
  0xff,0xff,0xff,0xff,0xff,0xff,0xff,0xff,0xff,0xff,0xff,0xff,0xff,0xff,0xff,0xff,
  0xff,0xff,0xff,0xff,0xff,0xff,0xff,0xff,0xff,0xff,0xff,0xff,0xff,0xff,0xff,0xff,
  0xff,0xff,0xff,0xff,0xff,0xff,0xff,0xff,0xff,0xff,0xff,0xff,0xff,0xff,0xff,0xff,
  0xff,0xff,0xff,0xff,0xff,0xff,0xff,0xff,0xff,0xff,0xff,0xff,0xff,0xff,0xff,0xff,
  0xff,0xff,0xff,0xff,0xff,0xff,0xff,0xff,0xff,0xff,0xff,0xff,0xff,0xff,0xff,0xff,
  0xff,0xff,0xff,0xff,0xff,0xff,0xff,0xff,0xff,0xff,0xff,0xff,0xff,0xff,0xff,0xff,
  0xff,0xff,0xff,0xff,0xff,0xff,0xff,0xff,0xff,0xff,0xff,0xff,0xff,0xff,0xff,0xff,
  0xff,0xff,0xff,0xff,0xff,0xff,0xff,0xff,0xff,0xff,0xff,0xff,0xff,0xff,0xff,0xff,
  0xff,0xff,0xff,0xff,0xff,0xff,0xff,0xff,0xff,0xff,0xff,0xff,0xff,0xff,0xff,0xff,
  0xff,0xff,0xff,0xff,0xff,0xff,0xff,0xff,0xff,0xff,0xff,0xff,0xff,0xff,0xff,0xff,
  0xff,0xff,0xff,0xff,0xff,0xff,0xff,0xff,0xff,0xff,0xff,0xff,0xff,0xff,0xff,0xff,
  0xff,0xff,0xff,0xff,0xff,0xff,0xff,0xff,0xff,0xff,0xff,0xff,0xff,0xff,0xff,0xff,
  0xff,0xff,0xff,0xff,0xff,0xff,0xff,0xff,0xff,0xff,0xff,0xff,0xff,0xff,0xff,0xff,
  0xff,0xff,0xff,0xff,0xff,0xff,0xff,0xff,0xff,0xff,0xff,0xff,0xff,0xff,0xff,0xff,
  0xff,0xff,0xff,0xff,0xff,0xff,0xff,0xff,0xff,0xff,0xff,0xff,0xff,0xff,0xff,0xff,
  0xff,0xff,0xff,0xff,0xff,0xff,0xff,0xff,0xff,0xff,0xff,0xff,0xff,0xff,0xff,0xff,
  0xff,0xff,0xff,0xff,0xff,0xff,0xff,0xff,0xff,0xff,0xff,0xff,0xff,0xff,0xff,0xff,
  0xff,0xff,0xff,0xff,0xff,0xff,0xff,0xff,0xff,0xff,0xff,0xff,0xff,0xff,0xff,0xff,
  0xff,0xff,0xff,0xff,0xff,0xff,0xff,0xff,0xff,0xff,0xff,0xff,0xff,0xff,0xff,0xff,
  0xff,0xff,0xff,0xff,0xff,0xff,0xff,0xff,0xff,0xff,0xff,0xff,0xff,0xff,0xff,0xff,
  0xff,0xff,0xff,0xff,0xff,0xff,0xff,0xff,0xff,0xff,0xff,0xff,0xff,0xff,0xff,0xff,
  0xff,0xff,0xff,0xff,0xff,0xff,0xff,0xff,0xff,0xff,0xff,0xff,0xff,0xff,0xff,0xff,
  0xff,0xff,0xff,0xff,0xff,0xff,0xff,0xff,0xff,0xff,0xff,0xff,0xff,0xff,0xff,0xff,
  0xff,0xff,0xff,0xff,0xff,0xff,0xff,0xff,0xff,0xff,0xff,0xff,0xff,0xff,0xff,0xff,
  0xff,0xff,0xff,0xff,0xff,0xff,0xff,0xff,0xff,0xff,0xff,0xff,0xff,0xff,0xff,0xff,
  0xff,0xff,0xff,0xff,0xff,0xff,0xff,0xff,0xff,0xff,0xff,0xff,0xff,0xff,0xff,0xff,
  0xff,0xff,0xff,0xff,0xff,0xff,0xff,0xff,0xff,0xff,0xff,0xff,0xff,0xff,0xff,0xff,
  0xff,0xff,0xff,0xff,0xff,0xff,0xff,0xff,0xff,0xff,0xff,0xff,0xff,0xff,0xff,0xff,
  0xff,0xff,0xff,0xff,0xff,0xff,0xff,0xff,0xff,0xff,0xff,0xff,0xff,0xff,0xff,0xff,
  0xff,0xff,0xff,0xff,0xff,0xff,0xff,0xff,0xff,0xff,0xff,0xff,0xff,0xff,0xff,0xff,
  0xff,0xff,0xff,0xff,0xff,0xff,0xff,0xff,0xff,0xff,0xff,0xff,0xff,0xff,0xff,0xff,
  0xff,0xff,0xff,0xff,0xff,0xff,0xff,0xff,0xff,0xff,0xff,0xff,0xff,0xff,0xff,0xff,
  0xff,0xff,0xff,0xff,0xff,0xff,0xff,0xff,0xff,0xff,0xff,0xff,0xff,0xff,0xff,0xff,
  0xff,0xff,0xff,0xff,0xff,0xff,0xff,0xff,0xff,0xff,0xff,0xff,0xff,0xff,0xff,0xff,
  0xff,0xff,0xff,0xff,0xff,0xff,0xff,0xff,0xff,0xff,0xff,0xff,0xff,0xff,0xff,0xff,
  0xff,0xff,0xff,0xff,0xff,0xff,0xff,0xff,0xff,0xff,0xff,0xff,0xff,0xff,0xff,0xff,
  0xff,0xff,0xff,0xff,0xff,0xff,0xff,0xff,0xff,0xff,0xff,0xff,0xff,0xff,0xff,0xff,
  0xff,0xff,0xff,0xff,0xff,0xff,0xff,0xff,0xff,0xff,0xff,0xff,0xff,0xff,0xff,0xff,
  0xff,0xff,0xff,0xff,0xff,0xff,0xff,0xff,0xff,0xff,0xff,0xff,0xff,0xff,0xff,0xff,
  0xff,0xff,0xff,0xff,0xff,0xff,0xff,0xff,0xff,0xff,0xff,0xff,0xff,0xff,0xff,0xff,
  0xff,0xff,0xff,0xff,0xff,0xff,0xff,0xff,0xff,0xff,0xff,0xff,0xff,0xff,0xff,0xff,
  0xff,0xff,0xff,0xff,0xff,0xff,0xff,0xff,0xff,0xff,0xff,0xff,0xff,0xff,0xff,0xff,
  0xff,0xff,0xff,0xff,0xff,0xff,0xff,0xff,0xff,0xff,0xff,0xff,0xff,0xff,0xff,0xff,
};
static const MilkySprite MILKY_RUNNING = { MILKY_RUNNING_PX, MILKY_RUNNING_MASK, 64, 96 };

// working: milky-hands-on-hips-01.png  77x96
static const uint16_t MILKY_WORKING_PX[] PROGMEM = {
  0x0000,0x0000,0x0000,0x0000,0x0000,0x0000,0x0000,0x0000,0x0000,0x0000,0x0000,0x0000,
  0x0000,0x0000,0x0000,0x0000,0x0000,0x0000,0x0000,0x0000,0x0000,0x0000,0x0000,0x0000,
  0x0000,0x0000,0x0000,0x0000,0x0000,0x0000,0x0000,0x0000,0x0000,0x0000,0x0000,0x0000,
  0x0000,0x0000,0x0000,0x0000,0x0000,0x0000,0x0000,0x0000,0x0000,0x0000,0x0000,0x0000,
  0x0000,0x0000,0x0000,0x0000,0x0000,0x0000,0x0000,0x0000,0x0000,0x0000,0x0000,0x0000,
  0x0000,0x0000,0x0000,0x0000,0x0000,0x0000,0x0000,0x0000,0x0000,0x0000,0x0000,0x0000,
  0x0000,0x0000,0x0000,0x0000,0x0000,0x0000,0x0000,0x0000,0x0000,0x0000,0x0000,0x0000,
  0x0000,0x0000,0x0000,0x0000,0x0000,0x0000,0x0000,0x0000,0x0000,0x0000,0x0000,0x0000,
  0x0000,0x0000,0x0000,0x0000,0x0000,0x0000,0x0000,0x0000,0x0000,0x0000,0x0000,0x0000,
  0x0000,0x0000,0x0000,0x0000,0x0000,0x0000,0x0000,0x0000,0x0000,0x0000,0x0000,0x0000,
  0x0000,0x0000,0x0000,0x0000,0x0000,0x0000,0x0000,0x0000,0x0000,0x0000,0x0000,0x0000,
  0x0000,0x0000,0x0000,0x0000,0x0000,0x0000,0x0000,0x0000,0x0000,0x0000,0x0000,0x0000,
  0x0000,0x0000,0x0000,0x0000,0x0000,0x0000,0x0000,0x0000,0x0000,0x0000,0x0000,0x0000,
  0x0000,0x0000,0x0000,0x0000,0x0000,0x0000,0x0000,0x0000,0x0000,0x0000,0x0000,0x0000,
  0x0000,0x0000,0x0000,0x0000,0x0000,0x0000,0x0000,0x0000,0x0000,0x0000,0x0000,0x0000,
  0x0000,0x0000,0x0000,0x0000,0x0000,0x0000,0x0000,0x0000,0x0000,0x0000,0x0000,0x0000,
  0x0000,0x0000,0x0000,0x0000,0x0000,0x0000,0x0000,0x0000,0x0000,0x0000,0x0000,0x0000,
  0x0000,0x0000,0x0000,0x0000,0x0000,0x0000,0x0000,0x0000,0x0000,0x0000,0x0000,0x0000,
  0x0000,0x0000,0x0000,0x0000,0x0000,0x0000,0x0000,0x0000,0x0000,0x0000,0x0000,0x0000,
  0x0000,0x0000,0x0000,0x0000,0x0000,0x0000,0x0000,0x0000,0x0000,0x0000,0x0000,0x0000,
  0x0000,0x0000,0x0000,0x0000,0x0000,0x0000,0x0000,0x0000,0x0000,0x0000,0x0000,0x0000,
  0x0000,0x0000,0x0000,0x0000,0x0000,0x0000,0x0000,0x0000,0x0000,0x0000,0x0000,0x0000,
  0x0000,0x0000,0x0000,0x0000,0x0000,0x0000,0x0000,0x0000,0x0000,0x0000,0x0000,0x0000,
  0x0000,0x0000,0x0000,0x0000,0x0000,0x0000,0x0000,0x0000,0x0000,0x0000,0x0000,0x0000,
  0x0000,0x0000,0x0000,0x0000,0x0000,0x0000,0x0000,0x0000,0x0000,0x0000,0x0000,0x0000,
  0x0000,0x0000,0x0000,0x0000,0x0000,0x0000,0x0000,0x0000,0x0000,0x0000,0x0000,0x0000,
  0x0000,0x0000,0x0000,0x0000,0x0000,0x0000,0x0000,0x0000,0x0000,0x0000,0x0000,0x0000,
  0x0000,0x0000,0x0000,0x0000,0x0000,0x0000,0x0000,0x0000,0x0000,0x0000,0x0000,0x0000,
  0x0000,0x0000,0x0000,0x0000,0x0000,0x0000,0x0000,0x0000,0x0000,0x0000,0x0000,0x0000,
  0x0000,0x0000,0x0000,0x0000,0x0000,0x0000,0x0000,0x0000,0x0000,0x0000,0x0000,0x0000,
  0x0000,0x0000,0x0000,0x0000,0x0000,0x0000,0x0000,0x0000,0x0000,0x0000,0x0000,0x0000,
  0x0000,0x0000,0x0000,0x0000,0x0000,0x0000,0x0000,0x0000,0x0000,0x0000,0x0000,0x0000,
  0x0000,0x0000,0x0000,0x0000,0x0000,0x0000,0x0000,0x0000,0x0000,0x0000,0x0000,0x0000,
  0x0000,0x0000,0x0000,0x0000,0x0000,0x0000,0x0000,0x0000,0x0000,0x0000,0x0000,0x0000,
  0x0000,0x0000,0x0000,0x0000,0x0000,0x0000,0x0000,0x0000,0x0000,0x0000,0x0000,0x0000,
  0x0000,0x0000,0x0000,0x0000,0x0000,0x0000,0x0000,0x0000,0x0000,0x0000,0x0000,0x0000,
  0x0000,0x0000,0x0000,0x0000,0x0000,0x0000,0x0000,0x0000,0x0000,0x0000,0x0000,0x0000,
  0x0000,0x0000,0x0000,0x0000,0x0000,0x0000,0x0000,0x0000,0x0000,0x0000,0x0000,0x0000,
  0x0000,0x0000,0x0000,0x0000,0x0000,0x0000,0x0000,0x0000,0x0000,0x0000,0x0000,0x0000,
  0x0000,0x0000,0x0000,0x0000,0x0000,0x0000,0x0000,0x0000,0x0000,0x0000,0x0000,0x0000,
  0x0000,0x0000,0x0000,0x0000,0x0000,0x0000,0x0000,0x0000,0x0000,0x0000,0x0000,0x0000,
  0x0000,0x0000,0x0861,0x0946,0x0a0b,0x0aaf,0x0b52,0x0b94,0x13b4,0x1393,0x0b52,0x0acf,
  0x022b,0x0167,0x0082,0x0000,0x0000,0x0000,0x0000,0x0000,0x0000,0x0000,0x0000,0x0000,
  0x0000,0x0000,0x0000,0x0000,0x0000,0x0000,0x0000,0x0000,0x0000,0x0000,0x0000,0x0000,
  0x0000,0x0000,0x0000,0x0000,0x0000,0x0000,0x0000,0x0000,0x0000,0x0000,0x0000,0x0000,
  0x0000,0x0000,0x0000,0x0000,0x0000,0x0000,0x0000,0x0000,0x0000,0x0000,0x0000,0x0000,
  0x0000,0x0000,0x0000,0x0000,0x0000,0x0000,0x0000,0x0000,0x0000,0x0000,0x0000,0x0000,
  0x0000,0x0000,0x0000,0x0000,0x0000,0x10e3,0x2310,0x1418,0x0c9d,0x051f,0x055f,0x05bf,
  0x0ddf,0x161f,0x2e3f,0x56bf,0x76ff,0x76ff,0x567f,0x359d,0x2c76,0x228c,0x0841,0x0000,
  0x0000,0x0000,0x0000,0x0000,0x0000,0x0000,0x0000,0x0000,0x0000,0x0000,0x0000,0x0000,
  0x0000,0x0000,0x0000,0x0000,0x0000,0x0000,0x0000,0x0000,0x0000,0x0000,0x0000,0x0000,
  0x0000,0x0000,0x0000,0x0000,0x0000,0x0000,0x0000,0x0000,0x0000,0x0000,0x0000,0x0000,
  0x0000,0x0000,0x0000,0x0000,0x0000,0x0000,0x0000,0x0000,0x0000,0x0000,0x0000,0x0000,
  0x0000,0x0000,0x0000,0x0000,0x0000,0x0000,0x0000,0x0000,0x0000,0x1946,0x3457,0x0378,
  0x0358,0x03b9,0x041b,0x047c,0x04dd,0x051e,0x055e,0x0d9e,0x45ff,0x96bf,0xaeff,0x96bf,
  0x567f,0x365f,0x367f,0x4d9a,0x2166,0x0000,0x0000,0x0000,0x0000,0x0000,0x0000,0x0000,
  0x0000,0x0000,0x0000,0x0000,0x0000,0x0000,0x0000,0x0000,0x0000,0x0000,0x0000,0x0000,
  0x0000,0x0000,0x0000,0x0000,0x0000,0x0000,0x0000,0x0000,0x0000,0x0000,0x0000,0x0000,
  0x0000,0x0000,0x0000,0x0000,0x0000,0x0000,0x0000,0x0000,0x0000,0x0000,0x0000,0x0000,
  0x0000,0x0000,0x0000,0x0000,0x0000,0x0000,0x0000,0x0000,0x0000,0x0000,0x0000,0x0000,
  0x0000,0x0000,0x4414,0x0b76,0x0273,0x0316,0x03b9,0x043b,0x049d,0x04dd,0x051e,0x055e,
  0x0d9f,0x35ff,0x869f,0x8ebf,0x7e9f,0x3e1f,0x25df,0x15be,0x161f,0x559b,0x0861,0x0000,
  0x0000,0x0000,0x0000,0x0000,0x0000,0x0000,0x0000,0x0000,0x0000,0x0000,0x0000,0x0000,
  0x0000,0x0000,0x0000,0x0000,0x0000,0x0000,0x0000,0x0000,0x0000,0x0000,0x0000,0x0000,
  0x0000,0x0000,0x0000,0x0000,0x0000,0x0000,0x0000,0x0000,0x0000,0x0000,0x0000,0x0000,
  0x0000,0x0000,0x0000,0x0000,0x0000,0x0000,0x0000,0x0000,0x0000,0x0000,0x0000,0x0000,
  0x0000,0x0000,0x0000,0x0000,0x0000,0x0000,0x0861,0x4c97,0x0b35,0x02b4,0x0337,0x03da,
  0x045c,0x04de,0x051f,0x055f,0x05bf,0x0ddf,0x465f,0x96ff,0x9f1f,0x86df,0x361f,0x25df,
  0x15bf,0x057f,0x3e1f,0x2145,0x0000,0x0000,0x0000,0x0000,0x0000,0x0000,0x0000,0x0000,
  0x0000,0x0000,0x0000,0x0000,0x0000,0x0000,0x0000,0x0000,0x0000,0x0000,0x0000,0x0000,
  0x0000,0x0000,0x0000,0x0000,0x0000,0x0000,0x0000,0x0000,0x0000,0x0000,0x0000,0x0000,
  0x0000,0x0000,0x0000,0x0000,0x0000,0x0000,0x0000,0x0000,0x0000,0x0000,0x0000,0x0000,
  0x0000,0x0000,0x0000,0x0000,0x0000,0x0000,0x0000,0x0000,0x0000,0x0000,0x0000,0x0881,
  0x4cb8,0x0b55,0x02b4,0x0317,0x0377,0x03d9,0x03d8,0x03f8,0x0c18,0x0c39,0x0c79,0x24da,
  0x5d7b,0x6ddc,0x5dfe,0x2e1f,0x1e1f,0x15ff,0x059f,0x45fe,0x2125,0x0000,0x0000,0x0000,
  0x0000,0x0000,0x0000,0x0000,0x0000,0x0000,0x0000,0x0000,0x0000,0x0000,0x0000,0x0000,
  0x0000,0x0000,0x0000,0x0000,0x0000,0x0000,0x0000,0x0000,0x0000,0x0000,0x0000,0x0000,
  0x0000,0x0000,0x0000,0x0000,0x0000,0x0000,0x0000,0x0000,0x0000,0x0000,0x0000,0x0000,
  0x0000,0x0000,0x0000,0x0000,0x0000,0x0000,0x0000,0x0000,0x0000,0x0000,0x0000,0x0000,
  0x0000,0x0000,0x0000,0x0000,0x10a2,0x4cd9,0x02f3,0x0a6f,0x128f,0x124d,0x1a2d,0x226d,
  0x1a4c,0x1a2c,0x1a4c,0x124d,0x3b30,0x6434,0x5bf3,0x4bd3,0x1b52,0x13d5,0x0479,0x053f,
  0x4e3f,0x1904,0x0000,0x0000,0x0000,0x0000,0x0000,0x0000,0x0000,0x0000,0x0000,0x0000,
  0x0000,0x0000,0x0000,0x0000,0x0000,0x0000,0x0000,0x0000,0x0000,0x0000,0x0000,0x0000,
  0x0000,0x0000,0x0000,0x0000,0x0000,0x0000,0x0000,0x0000,0x0000,0x0000,0x0000,0x0000,
  0x0000,0x0000,0x0000,0x0000,0x0000,0x0000,0x0000,0x0000,0x0000,0x0000,0x0000,0x0000,
  0x0000,0x0000,0x0000,0x0000,0x0000,0x0000,0x0000,0x0000,0x0000,0x08a2,0x1b73,0x63f1,
  0x63d0,0x3b2f,0x2ace,0x226d,0x22ae,0x228e,0x228e,0x228e,0x22ae,0x3b50,0x5bd2,0x5bf2,
  0x4b70,0x228d,0x2aae,0x3aee,0x2b31,0x2478,0x10e4,0x0000,0x0000,0x0000,0x0000,0x0000,
  0x0000,0x0000,0x0000,0x0000,0x0000,0x0000,0x0000,0x0000,0x0000,0x0000,0x0000,0x0000,
  0x0000,0x0000,0x0000,0x0000,0x0000,0x0000,0x0000,0x0000,0x0000,0x0000,0x0000,0x0000,
  0x0000,0x0000,0x0000,0x0000,0x0000,0x0000,0x0000,0x0000,0x0000,0x0000,0x0000,0x0000,
  0x0000,0x0000,0x0000,0x0000,0x0000,0x0000,0x0000,0x0000,0x0000,0x0000,0x0000,0x0000,
  0x0000,0x0000,0x0000,0x1967,0xce7a,0x7c93,0x53b1,0x1aaf,0x12af,0x126e,0x0a4d,0x0a2d,
  0x0a4e,0x0a0d,0x4bb1,0xa597,0x9d97,0x4bb1,0x12ae,0x2ace,0x7452,0xc659,0x09ca,0x0020,
  0x0000,0x0000,0x0000,0x0000,0x0000,0x0000,0x0000,0x0000,0x0000,0x0000,0x0000,0x0000,
  0x0000,0x0000,0x0000,0x0000,0x0000,0x0000,0x0000,0x0000,0x0000,0x0000,0x0000,0x0000,
  0x0000,0x0000,0x0000,0x0000,0x0000,0x0000,0x0000,0x0000,0x0000,0x0000,0x0000,0x0000,
  0x0000,0x0000,0x0000,0x0000,0x0000,0x0000,0x0000,0x0000,0x0000,0x0000,0x0000,0x0000,
  0x0000,0x0000,0x0000,0x0000,0x0000,0x0000,0x0000,0x0000,0x0000,0x7bef,0xbe5a,0xa597,
  0x6c94,0x4391,0x3351,0x22f0,0x12af,0x128f,0x0a4e,0x5c33,0xb619,0xb639,0x74d5,0x3b71,
  0x6412,0x9556,0x8431,0x0000,0x0000,0x0000,0x0000,0x0000,0x0000,0x0000,0x0000,0x0000,
  0x0000,0x0000,0x0000,0x0000,0x0000,0x0000,0x0000,0x0000,0x0000,0x0000,0x0000,0x0000,
  0x0000,0x0000,0x0000,0x0000,0x0000,0x0000,0x0000,0x0000,0x0000,0x0000,0x0000,0x0000,
  0x0000,0x0000,0x0000,0x0000,0x0000,0x0000,0x0000,0x0000,0x0000,0x0000,0x0000,0x0000,
  0x0000,0x0000,0x0000,0x0000,0x0000,0x0000,0x0000,0x0000,0x0000,0x0000,0x0000,0x0000,
  0x0000,0x0000,0x8431,0xbe39,0xb5d8,0x9d56,0x8cf5,0x8cf5,0x84d4,0x84b4,0x7cb4,0x7cb4,
  0xb619,0xf79e,0xef9e,0xbe19,0xad97,0x9535,0xb619,0x6b4d,0x0000,0x0020,0x0000,0x0000,
  0x0000,0x0000,0x0000,0x0000,0x0000,0x0000,0x0000,0x0000,0x0000,0x0000,0x0000,0x0000,
  0x0000,0x0000,0x0000,0x0000,0x0000,0x0000,0x0000,0x0000,0x0000,0x0000,0x0000,0x0000,
  0x0000,0x0000,0x0000,0x0000,0x0000,0x0000,0x0000,0x0000,0x0000,0x0000,0x0000,0x0000,
  0x0000,0x0000,0x0000,0x0000,0x0000,0x0000,0x0000,0x0000,0x0000,0x0000,0x0000,0x0000,
  0x0000,0x0000,0x0000,0x0000,0x0000,0x0000,0x0861,0xb5d7,0xbe59,0xb5f8,0x8cf5,0x8cf4,
  0x8cf4,0x8cf4,0x8cf5,0x9515,0x9515,0xbe39,0xffdf,0xffdf,0xc67a,0x9d76,0x9536,0xadd8,
  0x9cd3,0x0000,0x0000,0x0000,0x0000,0x0000,0x0000,0x0000,0x0000,0x0000,0x0000,0x0000,
  0x0000,0x0000,0x0000,0x0000,0x0000,0x0000,0x0000,0x0000,0x0000,0x0000,0x0000,0x0000,
  0x0000,0x0000,0x0000,0x0000,0x0000,0x0000,0x0000,0x0000,0x0000,0x0000,0x0000,0x0000,
  0x0000,0x0000,0x0000,0x0000,0x0000,0x0000,0x0000,0x0000,0x0000,0x0000,0x0000,0x0000,
  0x0000,0x0000,0x0000,0x0000,0x0000,0x0000,0x0000,0x0000,0x0000,0x0000,0x0000,0x632c,
  0xc69b,0xc67a,0xb5f8,0x9556,0x9536,0x9536,0x9515,0x9535,0x9535,0x9535,0xadf8,0xd6db,
  0xd6fc,0xc67a,0x9d56,0x9d76,0x9556,0xce9a,0x18e3,0x0000,0x0000,0x0000,0x0000,0x0000,
  0x0000,0x0000,0x0000,0x0000,0x0000,0x0000,0x0000,0x0000,0x0000,0x0000,0x0000,0x0000,
  0x0000,0x0000,0x0000,0x0000,0x0000,0x0000,0x0000,0x0000,0x0000,0x0000,0x0000,0x0000,
  0x0000,0x0000,0x0000,0x0000,0x0000,0x0000,0x0000,0x0000,0x0000,0x0000,0x0000,0x0000,
  0x0000,0x0000,0x0000,0x0000,0x0000,0x0000,0x0000,0x0000,0x0000,0x0000,0x0000,0x0000,
  0x0000,0x0000,0x0000,0x2104,0xce9a,0xcebb,0xdefb,0xd6db,0xd6db,0xdedb,0xdefb,0xdefc,
  0xdefc,0xdf1c,0xdefc,0xe73d,0xef7d,0xef7d,0xdf3c,0xbe59,0xb618,0xa597,0xbe5a,0x8c92,
  0x0000,0x0000,0x0000,0x0000,0x0000,0x0000,0x0000,0x0000,0x0000,0x0000,0x0000,0x0000,
  0x0000,0x0000,0x0000,0x0000,0x0000,0x0000,0x0000,0x0000,0x0000,0x0000,0x0000,0x0000,
  0x0000,0x0000,0x0000,0x0000,0x0000,0x0000,0x0000,0x0000,0x0000,0x0000,0x0000,0x0000,
  0x0000,0x0000,0x0000,0x0000,0x0000,0x0000,0x0000,0x0000,0x0000,0x0000,0x0000,0x0000,
  0x0000,0x0000,0x0000,0x0000,0x0000,0x0000,0x0000,0x0000,0xa555,0xe71b,0xdeb9,0xe71b,
  0xf75c,0xf77d,0xff9d,0xffbe,0xffbe,0xffde,0xffde,0xfffe,0xffff,0xffff,0xffff,0xffff,
  0xffff,0xffde,0xf7be,0xdf1c,0xef5d,0x39c7,0x0000,0x0000,0x0000,0x0000,0x0000,0x0000,
  0x0000,0x0000,0x0000,0x0000,0x0000,0x0000,0x0000,0x0000,0x0000,0x0000,0x0000,0x0000,
  0x0000,0x0000,0x0000,0x0000,0x0000,0x0000,0x0000,0x0000,0x0000,0x0000,0x0000,0x0000,
  0x0000,0x0000,0x0000,0x0000,0x0000,0x0000,0x0000,0x0000,0x0000,0x0000,0x0000,0x0000,
  0x0000,0x0000,0x0000,0x0000,0x0000,0x0000,0x0000,0x0000,0x0000,0x0000,0x0000,0x0000,
  0x6b4d,0xe73c,0xce58,0xdeb9,0xef3b,0xef5c,0xf77d,0xf79d,0xf79d,0xf79d,0xf7be,0xffbe,
  0xffbe,0xffde,0xffff,0xffff,0xffff,0xffdf,0xffde,0xffdf,0xffde,0xffde,0xc618,0x0020,
  0x0000,0x0000,0x0000,0x0000,0x0000,0x0000,0x0000,0x0000,0x0000,0x0000,0x0000,0x0000,
  0x0000,0x0000,0x0000,0x0000,0x0000,0x0000,0x0000,0x0000,0x0000,0x0000,0x0000,0x0000,
  0x0000,0x0000,0x0000,0x0000,0x0000,0x0000,0x0000,0x0000,0x0000,0x0000,0x0000,0x0000,
  0x0000,0x0000,0x0000,0x0000,0x0000,0x0000,0x0000,0x0000,0x0000,0x0000,0x0000,0x0000,
  0x0000,0x0000,0x0000,0x0000,0x2124,0xd6db,0xd699,0xde99,0xe6fa,0xef5c,0xf77d,0xf79d,
  0xf79d,0xf79d,0xf7be,0xffbe,0xffbe,0xffde,0xffff,0xffff,0xffff,0xffff,0xffff,0xffdf,
  0xffdf,0xffdf,0xf7be,0xffff,0x6b6d,0x0000,0x0000,0x0000,0x0000,0x0000,0x0000,0x0000,
  0x0000,0x0000,0x0000,0x0000,0x0000,0x0000,0x0000,0x0000,0x0000,0x0000,0x0000,0x0000,
  0x0000,0x0000,0x0000,0x0000,0x0000,0x0000,0x0000,0x0000,0x0000,0x0000,0x0000,0x0000,
  0x0000,0x0000,0x0000,0x0000,0x0000,0x0000,0x0000,0x0000,0x0000,0x0000,0x0000,0x0000,
  0x0000,0x0000,0x0000,0x0000,0x0000,0x0000,0x0000,0x0000,0x0000,0x9d14,0xdedb,0xd678,
  0xdeb9,0xe71b,0xef5c,0xf77d,0xf79d,0xf79d,0xf79d,0xffbe,0xffbe,0xffbe,0xffde,0xffdf,
  0xffff,0xffff,0xffff,0xffff,0xffff,0xffdf,0xffdf,0xffde,0xffbe,0xdefb,0x10a2,0x0000,
  0x0000,0x0000,0x0000,0x0000,0x0000,0x0000,0x0000,0x0000,0x0000,0x0000,0x0000,0x0000,
  0x0000,0x0000,0x0000,0x0000,0x0000,0x0000,0x0000,0x0000,0x0000,0x0000,0x0000,0x0000,
  0x0000,0x0000,0x0000,0x0000,0x0000,0x0000,0x0000,0x0000,0x0000,0x0000,0x0000,0x0000,
  0x0000,0x0000,0x0000,0x0000,0x0000,0x0000,0x0000,0x0000,0x0000,0x0000,0x0000,0x0000,
  0x0000,0x39e7,0xe71c,0xce38,0xd679,0xdeda,0xef3b,0xef3c,0xf77d,0xf79d,0xf79d,0xf79d,
  0xffbe,0xffbe,0xffbe,0xffde,0xffdf,0xffff,0xffff,0xffff,0xffdf,0xffff,0xffff,0xffff,
  0xffdf,0xf7be,0xffff,0x73cf,0x0000,0x0020,0x0000,0x0000,0x0000,0x0000,0x0000,0x0000,
  0x0000,0x0000,0x0000,0x0000,0x0000,0x0000,0x0000,0x0000,0x0000,0x0000,0x0000,0x0000,
  0x0000,0x0000,0x0000,0x0000,0x0000,0x0000,0x0000,0x0000,0x0000,0x0000,0x0000,0x0000,
  0x0000,0x0000,0x0000,0x0000,0x0000,0x0000,0x0000,0x0000,0x0000,0x0000,0x0000,0x0000,
  0x0000,0x0000,0x0000,0x0000,0x0000,0x0000,0xa534,0xdeba,0xce38,0xd679,0xe6fa,0xef3b,
  0xffde,0xf79d,0xef7c,0xffde,0xf79d,0xffbe,0xffbe,0xffbe,0xffde,0xffdf,0xffff,0xffff,
  0xffff,0xffff,0xffff,0xffdf,0xffff,0xffdf,0xffde,0xffde,0xce9a,0x0841,0x0000,0x0000,
  0x0000,0x0000,0x0000,0x0000,0x0000,0x0000,0x0000,0x0000,0x0000,0x0000,0x0000,0x0000,
  0x0000,0x0000,0x0000,0x0000,0x0000,0x0000,0x0000,0x0000,0x0000,0x0000,0x0000,0x0000,
  0x0000,0x0000,0x0000,0x0000,0x0000,0x0000,0x0000,0x0000,0x0000,0x0000,0x0000,0x0000,
  0x0000,0x0000,0x0000,0x0000,0x0000,0x0000,0x0000,0x0000,0x0000,0x0000,0x2945,0xdedb,
  0xc617,0xce58,0xd699,0xe6fa,0xf79d,0x9cd2,0x2945,0x2104,0xb575,0xffde,0xf79d,0xffbe,
  0xffbe,0xffbe,0xffde,0xffff,0xffff,0xe73c,0xd69a,0xffff,0xffff,0xffdf,0xffdf,0xffdf,
  0xf7be,0xf7df,0x4a49,0x0000,0x0000,0x0000,0x0000,0x0000,0x0000,0x0000,0x0000,0x0000,
  0x0000,0x0000,0x0000,0x0000,0x0000,0x0000,0x0000,0x0000,0x0000,0x0000,0x0000,0x0000,
  0x0000,0x0000,0x0000,0x0000,0x0000,0x0000,0x0000,0x0000,0x0000,0x0000,0x0000,0x0000,
  0x0000,0x0000,0x0000,0x0000,0x0000,0x0000,0x0000,0x0000,0x0000,0x0000,0x0000,0x0000,
  0x0000,0x0020,0x0000,0x7bcf,0xdedb,0xc5f6,0xce38,0xd699,0xef5c,0x7bce,0x0841,0x4a48,
  0x4a69,0xa4f3,0xffde,0xf79d,0xffbe,0xffbe,0xffbe,0xffde,0xffff,0xffdf,0x4208,0x2104,
  0x528a,0xdeda,0xffff,0xffde,0xffde,0xffbe,0xffdf,0x94b3,0x0000,0x0000,0x0000,0x0000,
  0x0000,0x0000,0x0000,0x0000,0x0000,0x0000,0x0000,0x0000,0x0000,0x0000,0x0000,0x0000,
  0x0000,0x0000,0x0000,0x0000,0x0000,0x0000,0x0000,0x0000,0x0000,0x0000,0x0000,0x0000,
  0x0000,0x0000,0x0000,0x0000,0x0000,0x0000,0x0000,0x0000,0x0000,0x0000,0x0000,0x0000,
  0x0000,0x0000,0x0000,0x0000,0x0000,0x0000,0x0000,0x0000,0xb5b7,0xce58,0xc617,0xce37,
  0xdeb9,0xdeb9,0x8c30,0xd679,0xffbe,0xffde,0xffbe,0xf77d,0xf79d,0xffbe,0xffbe,0xffbe,
  0xffbe,0xffdf,0xffff,0xd69a,0xb575,0x5289,0x2965,0xef7d,0xffff,0xffde,0xffde,0xffbe,
  0xce79,0x0020,0x0000,0x0000,0x0000,0x0000,0x0000,0x0000,0x0000,0x0000,0x0000,0x0000,
  0x0000,0x0000,0x0000,0x0000,0x0000,0x0000,0x0000,0x0000,0x0000,0x0000,0x0000,0x0000,
  0x0000,0x0000,0x0000,0x0000,0x0000,0x0000,0x0000,0x0000,0x0000,0x0000,0x0000,0x0000,
  0x0000,0x0000,0x0000,0x0000,0x0000,0x0000,0x0000,0x0000,0x0000,0x0000,0x0000,0x0000,
  0x20e4,0xd69a,0xc5f7,0xc617,0xce37,0xdeb9,0xe6da,0xf77d,0xf77d,0xf77d,0xef5c,0xef5c,
  0xf79d,0xf79d,0xf7bd,0xffbe,0xffbe,0xffbe,0xffde,0xffdf,0xffff,0xffff,0xffff,0xa4f3,
  0xdefb,0xffff,0xffde,0xffde,0xf7be,0xe73d,0x2124,0x0000,0x0000,0x0000,0x0000,0x0000,
  0x0000,0x0000,0x0000,0x0000,0x0000,0x0000,0x0000,0x0000,0x0000,0x0000,0x0000,0x0000,
  0x0000,0x0000,0x0000,0x0000,0x0000,0x0000,0x0000,0x0000,0x0000,0x0000,0x0000,0x0000,
  0x0000,0x0000,0x0000,0x0000,0x0000,0x0000,0x0000,0x0000,0x0000,0x0000,0x0000,0x0000,
  0x0000,0x0000,0x0000,0x0000,0x0000,0x4a49,0xdedb,0xbdd6,0xc617,0xce37,0xdeb9,0xe6fa,
  0xef5c,0xef3b,0xd679,0xef5c,0xffbe,0xf77d,0xf79d,0xf79d,0xffbe,0xffbe,0xffbe,0xffbe,
  0xffde,0xffff,0xffff,0xffff,0xffff,0xffff,0xffde,0xffde,0xffde,0xf79d,0xf79e,0x4208,
  0x0000,0x0000,0x0000,0x0000,0x0000,0x0000,0x0000,0x0000,0x0000,0x0000,0x0000,0x0000,
  0x0000,0x0000,0x0000,0x0000,0x0000,0x0000,0x0000,0x0000,0x0000,0x0000,0x0000,0x0000,
  0x0000,0x0000,0x0000,0x0000,0x0000,0x0000,0x0000,0x0000,0x0000,0x0000,0x0000,0x0000,
  0x0000,0x0000,0x0000,0x0000,0x0000,0x0000,0x0000,0x0000,0x0020,0x0000,0x632d,0xdedb,
  0xbdd6,0xc5f7,0xce17,0xde99,0xef3b,0xc5f7,0x7bce,0x9471,0x83ef,0xce58,0xffbe,0xf77d,
  0xf79d,0xffbe,0xffbe,0xffbe,0xffbe,0xffde,0xc618,0xad75,0xdefb,0xffff,0xffbe,0xffde,
  0xffde,0xffde,0xf79d,0xf7be,0x52ab,0x0000,0x0020,0x0000,0x0000,0x0000,0x0000,0x0000,
  0x0000,0x0000,0x0000,0x0000,0x0000,0x0000,0x0000,0x0000,0x0000,0x0000,0x0000,0x0000,
  0x0000,0x0000,0x0000,0x0000,0x0000,0x0000,0x0000,0x0000,0x0000,0x0000,0x0000,0x0000,
  0x0000,0x0000,0x0000,0x0000,0x0000,0x0000,0x0000,0x0000,0x0000,0x0000,0x0000,0x0000,
  0x0000,0x0020,0x0000,0x7bef,0xdeba,0xbdb6,0xc5f6,0xce37,0xdeda,0xd678,0x8430,0xef5d,
  0xef7d,0xd69a,0x9492,0xef3c,0xf79d,0xf79d,0xf7bd,0xffbe,0xffbe,0xf7be,0xb596,0xc638,
  0xd679,0x8c30,0xc617,0xffff,0xffbe,0xffde,0xffbe,0xf79d,0xffdf,0x5b0c,0x0000,0x0020,
  0x0000,0x0000,0x0000,0x0000,0x0000,0x0000,0x0000,0x0000,0x0000,0x0000,0x0000,0x0000,
  0x0000,0x0000,0x0000,0x0000,0x0000,0x0000,0x0000,0x0000,0x0000,0x0000,0x0000,0x0000,
  0x0000,0x0000,0x0000,0x0000,0x0000,0x0000,0x0000,0x0000,0x0000,0x0000,0x0000,0x0000,
  0x0000,0x0000,0x0000,0x0000,0x0000,0x0000,0x0000,0x0000,0x8c71,0xd69a,0xbdd6,0xc5f6,
  0xce17,0xe6fa,0x9cd2,0xdedb,0xa514,0x0861,0x5aeb,0xb596,0xc637,0xffbe,0xf79d,0xf79d,
  0xf7bd,0xffff,0xd6ba,0xbdf7,0x94b2,0xb5b6,0xffff,0x94b2,0xef3c,0xffdf,0xffde,0xffbe,
  0xf77d,0xf7be,0x5aeb,0x0000,0x0020,0x0000,0x0000,0x0000,0x0000,0x0000,0x0000,0x0000,
  0x0000,0x0000,0x0000,0x0000,0x0000,0x0000,0x0000,0x0000,0x0000,0x0000,0x0000,0x0000,
  0x0000,0x0000,0x0000,0x0000,0x0000,0x0000,0x0000,0x0000,0x0000,0x0000,0x0000,0x0000,
  0x0000,0x0000,0x0000,0x0000,0x0000,0x0000,0x0000,0x0000,0x0000,0x0000,0x0000,0x0000,
  0x0000,0x9cd3,0xd699,0xbdd6,0xc5f6,0xce17,0xd679,0xa514,0xce79,0x1082,0x0000,0xad75,
  0x6b6d,0xbdd6,0xffde,0xf79d,0xffbe,0xf7be,0xffde,0xce59,0x2966,0x0000,0x9cf3,0xce59,
  0xdedb,0xc5f7,0xffff,0xffbe,0xffbe,0xf77d,0xf7be,0x52aa,0x0000,0x0020,0x0000,0x0000,
  0x0000,0x0000,0x0000,0x0000,0x0000,0x0000,0x0000,0x0000,0x0000,0x0000,0x0000,0x0000,
  0x0000,0x0000,0x0000,0x0000,0x0000,0x0000,0x0000,0x0000,0x0000,0x0000,0x0000,0x0000,
  0x0000,0x0000,0x0000,0x0000,0x0000,0x0000,0x0000,0x0000,0x0000,0x0000,0x0000,0x0000,
  0x0000,0x0000,0x0000,0x0000,0x0000,0x0000,0xa514,0xd679,0xbdd6,0xc5d6,0xce17,0xd678,
  0xad55,0xb576,0x0000,0x0000,0x0841,0x1082,0xce38,0xffbe,0xf79d,0xffbe,0xf79d,0xffff,
  0x94b2,0x0000,0x1082,0x6b6e,0x632c,0xf79e,0xc5f7,0xffff,0xffbe,0xffbe,0xf77d,0xf79e,
  0x4a49,0x0000,0x0000,0x0000,0x0000,0x0000,0x0000,0x0000,0x0000,0x0000,0x0000,0x0000,
  0x0000,0x0000,0x0000,0x0000,0x0000,0x0000,0x0000,0x0000,0x0000,0x0000,0x0000,0x0000,
  0x0000,0x0000,0x0000,0x0000,0x0000,0x0000,0x0000,0x0000,0x0000,0x0000,0x0000,0x0000,
  0x0000,0x0000,0x0000,0x0000,0x0000,0x0000,0x0000,0x0000,0x0000,0x0000,0x0000,0xad75,
  0xce59,0xbdd6,0xc5f6,0xce17,0xdeb9,0xad34,0xc638,0x3165,0x0000,0x0000,0x4a28,0xef5c,
  0xf79d,0xf79d,0xf7be,0xf79d,0xffff,0x9cf3,0x0000,0x0020,0x0000,0x5aeb,0xef7d,0xc638,
  0xffff,0xffbe,0xffbe,0xf77d,0xef9e,0x39e7,0x0000,0x0000,0x0000,0x0000,0x0000,0x0000,
  0x0000,0x0000,0x0000,0x0000,0x0000,0x0000,0x0000,0x0000,0x0000,0x0000,0x0000,0x0000,
  0x0000,0x0000,0x0000,0x0000,0x0000,0x0000,0x0000,0x0000,0x0000,0x0000,0x0000,0x0000,
  0x0000,0x0000,0x0000,0x0000,0x0000,0x0000,0x0000,0x0000,0x0000,0x0000,0x0000,0x0000,
  0x0000,0x0000,0x0000,0x0000,0xb5b6,0xce58,0xbdd6,0xc5f6,0xce37,0xdeb9,0xce38,0xad55,
  0xad35,0x4a69,0x528a,0xbdd6,0xf79d,0xf77d,0xf79d,0xf7be,0xf7be,0xffff,0xdedb,0x4228,
  0x18c2,0x18c3,0xce79,0xce59,0xe71b,0xffff,0xffbe,0xffbe,0xf77d,0xef5d,0x3186,0x0000,
  0x0000,0x0000,0x0000,0x0000,0x0000,0x0000,0x0000,0x0000,0x0000,0x0000,0x0000,0x0000,
  0x0000,0x0000,0x0000,0x0000,0x0000,0x0000,0x0000,0x0000,0x0000,0x0000,0x0000,0x0000,
  0x0000,0x0000,0x0000,0x0000,0x0000,0x0000,0x0000,0x0000,0x0000,0x0000,0x0000,0x0000,
  0x0000,0x0000,0x0000,0x0000,0x0000,0x0000,0x0000,0x0000,0x0000,0xbdf7,0xc618,0xc5f6,
  0xc5f6,0xce58,0xdeb9,0xe71b,0xce58,0xbdb6,0xc638,0xdeda,0xffff,0xf7bd,0xf77d,0xf77d,
  0xf77d,0xf79d,0xf79d,0xffff,0xce79,0x8c72,0xc618,0xd69a,0xc638,0xffff,0xffbe,0xffbe,
  0xffbe,0xf77d,0xe73d,0x2124,0x0000,0x0000,0x0000,0x0000,0x0000,0x0000,0x0000,0x0000,
  0x0000,0x0000,0x0000,0x0000,0x0000,0x0000,0x0000,0x0000,0x0000,0x0000,0x0000,0x0000,
  0x0000,0x0000,0x0000,0x0000,0x0000,0x0000,0x0000,0x0000,0x0000,0x0000,0x0000,0x0000,
  0x0000,0x0000,0x0000,0x0000,0x0000,0x0000,0x0000,0x0000,0x0000,0x0000,0x0000,0x0000,
  0x0000,0x0841,0xc618,0xc5f7,0xc5f6,0xc5f6,0xd658,0xdeba,0xe6fa,0xef5c,0xef5c,0xef5c,
  0xe71b,0x7bce,0xce58,0xffde,0xffff,0xffff,0xffff,0xffff,0xdeda,0xef7d,0xef7d,0xd6ba,
  0xdefb,0xffff,0xffbe,0xffbe,0xffbe,0xffbe,0xf79d,0xdf1c,0x18e3,0x0000,0x0000,0x0000,
  0x0000,0x0000,0x0000,0x0000,0x0000,0x0000,0x0000,0x0000,0x0000,0x0000,0x0000,0x0000,
  0x0000,0x0000,0x0000,0x0000,0x0000,0x0000,0x0000,0x0000,0x0000,0x0000,0x0000,0x0000,
  0x0000,0x0000,0x0000,0x0000,0x0000,0x0000,0x0000,0x0000,0x0000,0x0000,0x0000,0x0000,
  0x0000,0x0000,0x0000,0x0000,0x0000,0x0000,0x1061,0xce59,0xbdd7,0xc5f6,0xc5f6,0xd658,
  0xdeb9,0xe6fb,0xef1b,0xef3c,0xf79d,0xd699,0x0000,0x0841,0x4a08,0x732c,0x83ae,0x7b8d,
  0x5289,0x0861,0xa513,0xffff,0xffff,0xffff,0xffde,0xffde,0xffbe,0xffbe,0xffbe,0xf79d,
  0xd6db,0x10a2,0x0000,0x0000,0x0000,0x0000,0x0000,0x0000,0x0000,0x0000,0x0000,0x0000,
  0x0000,0x0000,0x0000,0x0000,0x0000,0x0000,0x0000,0x0000,0x0000,0x0000,0x0000,0x0000,
  0x0000,0x0000,0x0000,0x0000,0x0000,0x0000,0x0000,0x0000,0x0000,0x0000,0x0000,0x0000,
  0x0000,0x0000,0x0000,0x0000,0x0000,0x0000,0x0000,0x0000,0x0000,0x0000,0x0000,0x10c3,
  0xc67a,0xcdf6,0xbdd6,0xc5f6,0xce58,0xdeb9,0xe6fb,0xef3b,0xef3c,0xef5c,0xf77d,0x3145,
  0x0000,0x0000,0x0000,0x0000,0x0000,0x0000,0x0000,0xd679,0xffff,0xffbe,0xffde,0xffde,
  0xffde,0xffbe,0xffbe,0xffbe,0xf79e,0xd6ba,0x0841,0x0000,0x0000,0x0000,0x0000,0x0000,
  0x0000,0x0000,0x0000,0x0000,0x0000,0x0000,0x0000,0x0000,0x0000,0x0000,0x0000,0x0000,
  0x0000,0x0000,0x0000,0x0000,0x0000,0x0000,0x0000,0x0000,0x0000,0x0000,0x0000,0x0000,
  0x0000,0x0000,0x0000,0x0000,0x0000,0x0000,0x0000,0x0000,0x0000,0x0000,0x0000,0x0000,
  0x0000,0x0000,0x0841,0x1061,0x2145,0x5d3a,0x9536,0xce16,0xce16,0xde78,0xe6b9,0xe6fb,
  0xe71b,0xef3c,0xef3c,0xffde,0x9c71,0x0800,0x48c4,0x40a3,0x3062,0x3882,0x0000,0x5a69,
  0xffff,0xffbe,0xffde,0xffde,0xffde,0xffbe,0xf7be,0xf7be,0xf7be,0xffde,0xb65a,0x0882,
  0x0000,0x0000,0x0000,0x0000,0x0000,0x0000,0x0000,0x0000,0x0000,0x0000,0x0000,0x0000,
  0x0000,0x0000,0x0000,0x0000,0x0000,0x0000,0x0000,0x0000,0x0000,0x0000,0x0000,0x0000,
  0x0000,0x0000,0x0000,0x0000,0x0000,0x0000,0x0000,0x0000,0x0000,0x0000,0x0000,0x0000,
  0x0000,0x0000,0x0000,0x0000,0x0000,0x0861,0x18e3,0x18c3,0x0840,0x00a3,0x3478,0x0b56,
  0x3bf5,0x74d6,0x9d98,0xc659,0xe71b,0xf75b,0xf75c,0xef3c,0xf75c,0xef9d,0x9b6e,0xe1eb,
  0xfa8e,0xf2ae,0xf2ae,0x79e8,0xe71b,0xffdf,0xffbe,0xffde,0xffde,0xf7be,0xffde,0xffde,
  0xffde,0xffdd,0xa6de,0x2cda,0x31a6,0x2965,0x10a2,0x0020,0x0000,0x0000,0x0000,0x0000,
  0x0000,0x0000,0x0000,0x0000,0x0000,0x0000,0x0000,0x0000,0x0000,0x0000,0x0000,0x0000,
  0x0000,0x0000,0x0000,0x0000,0x0000,0x0000,0x0000,0x0000,0x0000,0x0000,0x0000,0x0000,
  0x0000,0x0000,0x0000,0x0000,0x0000,0x0000,0x0000,0x0000,0x0020,0x18e3,0x2104,0x18e3,
  0x18c3,0x0820,0x0063,0x23d7,0x0b55,0x02f5,0x02d6,0x0337,0x0bd9,0x349a,0x7dbb,0xd6fc,
  0xff7c,0xef5c,0xef5d,0xf79d,0xd555,0xdc32,0xe493,0xe577,0xff9d,0xffde,0xffbe,0xffde,
  0xffde,0xffde,0xfffe,0xffde,0xd75e,0x9ede,0x4dde,0x055f,0x0438,0x3165,0x4228,0x4228,
  0x2965,0x1082,0x0000,0x0000,0x0000,0x0000,0x0000,0x0000,0x0000,0x0000,0x0000,0x0000,
  0x0000,0x0000,0x0000,0x0000,0x0000,0x0000,0x0000,0x0000,0x0000,0x0000,0x0000,0x0000,
  0x0000,0x0000,0x0000,0x0000,0x0000,0x0000,0x0000,0x0000,0x0000,0x0000,0x0000,0x0000,
  0x0861,0x2124,0x18e3,0x2124,0x2104,0x0861,0x0000,0x0084,0x0b35,0x0b55,0x0315,0x0315,
  0x0377,0x0378,0x03b9,0x03db,0x147b,0x8e1c,0xef5c,0xffbd,0xf75c,0xe75c,0xdf3c,0xe75c,
  0xefbe,0xf7be,0xf79e,0xffde,0xfffe,0xfffe,0xdf7f,0x86bf,0x35ff,0x057f,0x053f,0x051e,
  0x057f,0x03b6,0x0000,0x10a2,0x31a6,0x528a,0x4208,0x1904,0x0000,0x0000,0x0000,0x0000,
  0x0000,0x0000,0x0000,0x0000,0x0000,0x0000,0x0000,0x0000,0x0000,0x0000,0x0000,0x0000,
  0x0000,0x0000,0x0000,0x0000,0x0000,0x0000,0x0000,0x0000,0x0000,0x0000,0x0000,0x0000,
  0x0000,0x0000,0x0000,0x0000,0x1082,0x2124,0x2104,0x3186,0x18e3,0x0041,0x0041,0x0000,
  0x0927,0x0b56,0x0335,0x0315,0x0316,0x0358,0x1c19,0x141a,0x03fa,0x043b,0x041c,0x351c,
  0xa69d,0xef7d,0xffbd,0xff9d,0xffbd,0xffdd,0xffdd,0xffde,0xf7be,0xc73f,0x769f,0x25bf,
  0x057f,0x059f,0x057f,0x055f,0x053e,0x057f,0x0355,0x0000,0x0041,0x0021,0x18e3,0x4a69,
  0x4a8a,0x2945,0x0020,0x0000,0x0000,0x0000,0x0000,0x0000,0x0000,0x0000,0x0000,0x0000,
  0x0000,0x0000,0x0000,0x0000,0x0000,0x0000,0x0000,0x0000,0x0000,0x0000,0x0000,0x0000,
  0x0000,0x0000,0x0000,0x0000,0x0000,0x0000,0x0000,0x0000,0x0841,0x2124,0x2104,0x39c7,
  0x10c3,0x0861,0x0841,0x0020,0x0000,0x222a,0x13d7,0x02d4,0x0315,0x02f6,0x1bd7,0xef3c,
  0xae9d,0x041b,0x043b,0x047c,0x043c,0x045c,0x251d,0x65fd,0x969d,0xaede,0xaefe,0x96be,
  0x767e,0x3dff,0x1dbf,0x159f,0x5e5f,0x3e1f,0x057f,0x057f,0x055e,0x051e,0x053f,0x0b54,
  0x0000,0x0041,0x0882,0x0041,0x1082,0x4a49,0x4a69,0x2124,0x0000,0x0000,0x0000,0x0000,
  0x0000,0x0000,0x0000,0x0000,0x0000,0x0000,0x0000,0x0000,0x0000,0x0000,0x0000,0x0000,
  0x0000,0x0000,0x0000,0x0000,0x0000,0x0000,0x0000,0x0000,0x0000,0x0000,0x0000,0x0000,
  0x0000,0x18e3,0x18e3,0x39c7,0x18c3,0x0882,0x0041,0x0000,0x0000,0x0000,0x32ac,0x2438,
  0x02b3,0x0315,0x02f5,0x1397,0xc659,0xe73c,0x0c5b,0x6dbc,0xd73d,0x8e5d,0x049d,0x049d,
  0x04bd,0x04de,0x04fe,0x051e,0x04fe,0x053f,0x3dff,0x769f,0x5e5f,0x2dff,0x25df,0x2ddf,
  0x055f,0x055e,0x051e,0x053f,0x1b73,0x0000,0x0000,0x0000,0x0862,0x0861,0x0841,0x4a69,
  0x4228,0x1082,0x0000,0x0000,0x0000,0x0000,0x0000,0x0000,0x0000,0x0000,0x0000,0x0000,
  0x0000,0x0000,0x0000,0x0000,0x0000,0x0000,0x0000,0x0000,0x0000,0x0000,0x0000,0x0000,
  0x0000,0x0000,0x0000,0x0000,0x0000,0x0000,0x18e3,0x18e3,0x4248,0x18e3,0x0020,0x0000,
  0x0000,0x0000,0x0000,0x3aed,0x2c58,0x02b3,0x0315,0x02f5,0x0357,0x0378,0x349a,0x0c3b,
  0xbe9c,0xffbd,0xffbd,0xb6fe,0x14dd,0x049d,0x04dd,0x04de,0x04de,0x257e,0xa6ff,0xf7df,
  0xffff,0xffff,0x563f,0x86bf,0xdf9f,0x053f,0x053e,0x051e,0x053f,0x2b72,0x0000,0x0000,
  0x0000,0x0000,0x0861,0x0041,0x2965,0x5acb,0x18e3,0x0000,0x0000,0x0000,0x0000,0x0000,
  0x0000,0x0000,0x0000,0x0000,0x0000,0x0000,0x0000,0x0000,0x0000,0x0000,0x0000,0x0000,
  0x0000,0x0000,0x0000,0x0000,0x0000,0x0000,0x0000,0x0000,0x0000,0x0000,0x0000,0x18c3,
  0x1082,0x4a48,0x2965,0x0841,0x0000,0x0000,0x0000,0x0000,0x3b2f,0x2c38,0x0293,0x0335,
  0x0316,0x0337,0x3479,0x5d5b,0x1c3a,0xb67b,0xffbd,0xf79d,0xfffe,0xef9e,0x8e7e,0x5dde,
  0x6e3e,0xb6fe,0xffde,0xfffe,0xffdf,0xf7bf,0xffff,0x6e7f,0x3dff,0x2dbf,0x053f,0x053e,
  0x04fe,0x0d5f,0x2b50,0x0000,0x0020,0x0000,0x0000,0x0861,0x10c3,0x3186,0x4a49,0x18e3,
  0x0000,0x0000,0x0000,0x0000,0x0000,0x0000,0x0000,0x0000,0x0000,0x0000,0x0000,0x0000,
  0x0000,0x0000,0x0000,0x0000,0x0000,0x0000,0x0000,0x0000,0x0000,0x0000,0x0000,0x0000,
  0x0000,0x0000,0x0000,0x0000,0x10a2,0x0861,0x2124,0x4228,0x2104,0x0000,0x10a2,0x0000,
  0x0000,0x4370,0x2c38,0x02b3,0x0315,0x0316,0x0337,0x6519,0xff7c,0xdf1c,0xc6bc,0x7ddc,
  0x4d5c,0x3d3c,0x967e,0xcf3e,0xd75e,0xbf1e,0x867e,0x6e5e,0x8e9e,0xefbf,0xfffe,0xa6ff,
  0x2dff,0x1dbf,0x051f,0x055f,0x053e,0x04fd,0x0d5f,0x2b0f,0x0000,0x0000,0x0000,0x0000,
  0x2124,0x18c3,0x4228,0x2945,0x10a2,0x0000,0x0000,0x0000,0x0000,0x0000,0x0000,0x0000,
  0x0000,0x0000,0x0000,0x0000,0x0000,0x0000,0x0000,0x0000,0x0000,0x0000,0x0000,0x0000,
  0x0000,0x0000,0x0000,0x0000,0x0000,0x0000,0x0000,0x0000,0x0000,0x0020,0x18c2,0x0841,
  0x3186,0x3186,0x94b2,0xf79e,0x5b2d,0x0000,0x4bd2,0x2c38,0x02d3,0x0315,0x0316,0x0337,
  0x0378,0x1c19,0x247a,0x041b,0x041b,0x0c9c,0x5dbd,0x049d,0x0cfd,0x051e,0x04de,0x155e,
  0x051e,0x053f,0x2dbf,0xd79f,0xd79f,0x4e3f,0x665f,0x45ff,0x055f,0x053e,0x04fd,0x0d7f,
  0x22ad,0x0000,0x636e,0xc618,0x4208,0x10c3,0x4208,0x2965,0x18e3,0x0020,0x0000,0x0000,
  0x0000,0x0000,0x0000,0x0000,0x0000,0x0000,0x0000,0x0000,0x0000,0x0000,0x0000,0x0000,
  0x0000,0x0000,0x0000,0x0000,0x0000,0x0000,0x0000,0x0000,0x0000,0x0000,0x0000,0x0000,
  0x0000,0x0000,0x0000,0x0861,0x0861,0x0861,0xbdd7,0xffff,0xf7be,0xc659,0x52cb,0x2b31,
  0x1bf7,0x0314,0x0315,0x0336,0x1bd7,0x3c79,0x0c1a,0x03fa,0x1c7b,0x041b,0x3d3c,0xdf5e,
  0x2d3d,0xe77e,0x459e,0x0d3e,0xffdf,0x4dfe,0x053e,0x055e,0x25bf,0x9eff,0xcf5f,0xe79f,
  0xf7be,0x053e,0x051e,0x051e,0x057f,0x1aad,0x528a,0x8d16,0xf7bf,0xef5d,0x5acb,0x2124,
  0x18e3,0x0861,0x0000,0x0000,0x0000,0x0000,0x0000,0x0000,0x0000,0x0000,0x0000,0x0000,
  0x0000,0x0000,0x0000,0x0000,0x0000,0x0000,0x0000,0x0000,0x0000,0x0000,0x0000,0x0000,
  0x0000,0x0000,0x0000,0x0000,0x0000,0x0000,0x0000,0x0000,0x0000,0x0841,0x9cb2,0xffff,
  0xef5d,0xef7d,0xffdf,0xc659,0x126e,0x0b96,0x0b55,0x02d5,0x3c16,0xdeba,0xe6fb,0xcebc,
  0xcedc,0xf77d,0x453c,0x14bc,0x559d,0x253e,0xffde,0x357e,0x1d5e,0xffff,0x35be,0x053e,
  0x1d9f,0x159f,0x0d7f,0x053f,0x055f,0x359e,0x767f,0x4dfe,0x051e,0x0d3e,0x7d58,0xf79e,
  0xdefc,0xb5b7,0xf7be,0xe73c,0x2945,0x0861,0x0000,0x0000,0x0000,0x0000,0x0000,0x0000,
  0x0000,0x0000,0x0000,0x0000,0x0000,0x0000,0x0000,0x0000,0x0000,0x0000,0x0000,0x0000,
  0x0000,0x0000,0x0000,0x0000,0x0000,0x0000,0x0000,0x0000,0x0000,0x0000,0x0000,0x0000,
  0x0000,0x0000,0x4a69,0xd699,0xc618,0xe73c,0xffdf,0xffdf,0xe6fb,0x32ae,0x0355,0x0b75,
  0x02b4,0x5c97,0xc659,0x3c79,0xf75c,0x759b,0xc6dc,0xa67c,0x5d9c,0xef7e,0x355d,0xffde,
  0x253e,0x2d7e,0xffdf,0x3dbe,0xd79f,0x767f,0xa71f,0x6e7f,0x2ddf,0xb71f,0x051f,0x9edf,
  0x663e,0x04fe,0x153d,0xa5d9,0xe73c,0xffdf,0xef7d,0xc618,0xffdf,0xbdf7,0x0000,0x0000,
  0x0000,0x0000,0x0000,0x0000,0x0000,0x0000,0x0000,0x0000,0x0000,0x0000,0x0000,0x0000,
  0x0000,0x0000,0x0000,0x0000,0x0000,0x0000,0x0000,0x0000,0x0000,0x0000,0x0000,0x0000,
  0x0000,0x0000,0x0000,0x0000,0x0000,0x0000,0x0000,0x2104,0x8410,0xad55,0xef3c,0xffbe,
  0xffff,0xef5d,0x430e,0x0334,0x0b75,0x02b4,0x6cb7,0xa5d9,0x0bb8,0xef3c,0x141a,0x9e3c,
  0xa67d,0x65bd,0xd73e,0x3d5d,0xffde,0x1d1d,0x3d9e,0xffdf,0xe79f,0xbf3f,0x159f,0xefbf,
  0x665f,0x563f,0xf7bf,0x053e,0x053e,0x051e,0x053e,0x151c,0xa5d8,0xe73d,0xf79e,0xffff,
  0xe71c,0xd679,0xbdd7,0x0020,0x0000,0x0000,0x0000,0x0000,0x0000,0x0000,0x0000,0x0000,
  0x0000,0x0000,0x0000,0x0000,0x0000,0x0000,0x0000,0x0000,0x0000,0x0000,0x0000,0x0000,
  0x0000,0x0000,0x0000,0x0000,0x0000,0x0000,0x0000,0x0000,0x0000,0x0000,0x0000,0x0000,
  0x0000,0x0000,0xa4f3,0xdefb,0xf79e,0xffdf,0xf77d,0x4b2f,0x0334,0x0b75,0x02b4,0x7d17,
  0xa5f9,0x23f8,0xf75c,0x143a,0xb69c,0x963d,0x75fd,0xcf1e,0x4d7d,0xffbe,0x04bd,0x4dbe,
  0xffde,0xffde,0x8ebf,0x053f,0xf7df,0x45ff,0x563f,0xdf7f,0x051e,0x053e,0x053e,0x053f,
  0x0cdb,0xa598,0xe73d,0xf79e,0xf7be,0xffff,0x7bae,0x0861,0x0000,0x0000,0x0000,0x0000,
  0x0000,0x0000,0x0000,0x0000,0x0000,0x0000,0x0000,0x0000,0x0000,0x0000,0x0000,0x0000,
  0x0000,0x0000,0x0000,0x0000,0x0000,0x0000,0x0000,0x0000,0x0000,0x0000,0x0000,0x0000,
  0x0000,0x0000,0x0000,0x0000,0x0000,0x0020,0x0000,0x5aaa,0xd679,0xef3c,0xf7be,0xef3c,
  0x430e,0x0335,0x0b55,0x02b4,0x6497,0x6d18,0x1bd8,0xcebb,0x0bfa,0xc6bc,0x7dfc,0x861d,
  0xcf1e,0x3d5d,0xfffe,0xa69d,0x865e,0xf7be,0x4dfe,0xffff,0x561f,0xdf9f,0xcf7f,0xd77f,
  0xbf1f,0x04fe,0x053e,0x051e,0x053f,0x0c9a,0x9d57,0xe73d,0xef7d,0xf7be,0xef5d,0x18c3,
  0x0000,0x0000,0x0000,0x0000,0x0000,0x0000,0x0000,0x0000,0x0000,0x0000,0x0000,0x0000,
  0x0000,0x0000,0x0000,0x0000,0x0000,0x0000,0x0000,0x0000,0x0000,0x0000,0x0000,0x0000,
  0x0000,0x0000,0x0000,0x0000,0x0000,0x0000,0x0000,0x0000,0x0000,0x0000,0x0000,0x1082,
  0x632c,0x9cb2,0xd679,0xf79e,0xd679,0x224d,0x0315,0x02f4,0x02b4,0x02d6,0x0316,0x0377,
  0x0bb9,0x03b9,0x249b,0x145b,0x2cdc,0x3d3c,0x047c,0x863d,0x967d,0x4dbd,0x969e,0x04de,
  0x96be,0x5e3f,0x2dbf,0xa71f,0xdf7f,0xaeff,0x04fe,0x0d3e,0x051e,0x053f,0x0439,0x7c94,
  0xdefc,0xef7d,0xf77d,0xce39,0x18c3,0x0000,0x0000,0x0000,0x0000,0x0000,0x0000,0x0000,
  0x0000,0x0000,0x0000,0x0000,0x0000,0x0000,0x0000,0x0000,0x0000,0x0000,0x0000,0x0000,
  0x0000,0x0000,0x0000,0x0000,0x0000,0x0000,0x0000,0x0000,0x0000,0x0000,0x0000,0x0000,
  0x0000,0x0000,0x0000,0x0000,0x3186,0xd679,0x7bcf,0xb596,0xef5d,0x9cd3,0x530c,0x6495,
  0x6495,0x7c95,0x6cb6,0x1bb7,0x0338,0x0399,0x03d9,0x03da,0x041b,0x043b,0x045c,0x047c,
  0x045c,0x047d,0x049d,0x04bd,0x051e,0x051e,0x159e,0x6e7f,0x35df,0xefbf,0x6e5e,0x04fe,
  0x04fe,0x051e,0x1d7f,0x1c58,0x638f,0xbe19,0xef5d,0xce59,0xffdf,0xa514,0x0000,0x0020,
  0x0000,0x0000,0x0000,0x0000,0x0000,0x0000,0x0000,0x0000,0x0000,0x0000,0x0000,0x0000,
  0x0000,0x0000,0x0000,0x0000,0x0000,0x0000,0x0000,0x0000,0x0000,0x0000,0x0000,0x0000,
  0x0000,0x0000,0x0000,0x0000,0x0000,0x0000,0x0000,0x0000,0x0000,0x0841,0xad34,0xdeba,
  0xce59,0xdeba,0x738e,0x9471,0xcdf6,0xcdf6,0xce16,0xde77,0xce59,0x4478,0x0379,0x03b9,
  0x03fa,0x041b,0x043b,0x043c,0x045c,0x14dc,0x251d,0x14fd,0x04dd,0x04dd,0x051e,0x2dbe,
  0xf7bf,0xffff,0xb71f,0x051e,0x051e,0x6e3e,0xcf3e,0xf7be,0xb5d7,0x738e,0xb5b7,0xef3c,
  0xffbe,0xffff,0x7bcf,0x0000,0x0020,0x0000,0x0000,0x0000,0x0000,0x0000,0x0000,0x0000,
  0x0000,0x0000,0x0000,0x0000,0x0000,0x0000,0x0000,0x0000,0x0000,0x0000,0x0000,0x0000,
  0x0000,0x0000,0x0000,0x0000,0x0000,0x0000,0x0000,0x0000,0x0000,0x0000,0x0000,0x0000,
  0x0000,0x0000,0x0000,0x1061,0x632c,0x736d,0x41e7,0x2924,0xb596,0xbdb6,0xbdd6,0xbdd6,
  0xce38,0xde99,0xe6da,0x7d7a,0x1c3a,0x03fa,0x041b,0x149b,0x5d7c,0xaebd,0xdf3d,0xef7d,
  0xe75d,0xb6dd,0x4dde,0x051e,0x04fe,0x053e,0x157e,0x04fe,0x257e,0xbf1e,0xffde,0xffbe,
  0xf79d,0xd6bb,0x4a69,0x738e,0xad54,0xd6ba,0x8c71,0x0020,0x0000,0x0000,0x0000,0x0000,
  0x0000,0x0000,0x0000,0x0000,0x0000,0x0000,0x0000,0x0000,0x0000,0x0000,0x0000,0x0000,
  0x0000,0x0000,0x0000,0x0000,0x0000,0x0000,0x0000,0x0000,0x0000,0x0000,0x0000,0x0000,
  0x0000,0x0000,0x0000,0x0000,0x0000,0x0000,0x0000,0x0000,0x0000,0x0000,0x0000,0x0000,
  0x18c3,0xce59,0xbdb6,0xc5d6,0xc5f6,0xce58,0xd679,0xdeba,0xf73b,0xdefb,0xbe9b,0xc6bc,
  0xe73c,0xff9d,0xff9d,0xf79d,0xf79d,0xff9d,0xffbd,0xffbd,0xbf1e,0x6e5e,0x45fe,0x4dfe,
  0x96be,0xf7be,0xffde,0xf7be,0xf7be,0xf77d,0xe73d,0x2986,0x0000,0x0841,0x0861,0x0000,
  0x0000,0x0000,0x0000,0x0000,0x0000,0x0000,0x0000,0x0000,0x0000,0x0000,0x0000,0x0000,
  0x0000,0x0000,0x0000,0x0000,0x0000,0x0000,0x0000,0x0000,0x0000,0x0000,0x0000,0x0000,
  0x0000,0x0000,0x0000,0x0000,0x0000,0x0000,0x0000,0x0000,0x0000,0x0000,0x0000,0x0000,
  0x0000,0x0000,0x0000,0x0020,0x0000,0x18e3,0xce59,0xbdd6,0xc5d6,0xc5f6,0xce58,0xd699,
  0xdeda,0xe6fb,0xef3b,0xf77c,0xff7c,0xf77c,0xef5c,0xef7d,0xf79d,0xf79d,0xf79d,0xf79d,
  0xf79d,0xffde,0xffde,0xffde,0xffde,0xfffe,0xffde,0xf7be,0xffbe,0xf7be,0xf77d,0xe73c,
  0x3186,0x0000,0x0000,0x0000,0x0000,0x0000,0x0000,0x0000,0x0000,0x0000,0x0000,0x0000,
  0x0000,0x0000,0x0000,0x0000,0x0000,0x0000,0x0000,0x0000,0x0000,0x0000,0x0000,0x0000,
  0x0000,0x0000,0x0000,0x0000,0x0000,0x0000,0x0000,0x0000,0x0000,0x0000,0x0000,0x0000,
  0x0000,0x0000,0x0000,0x0000,0x0000,0x0000,0x0000,0x0000,0x0000,0x0000,0x10a2,0xce59,
  0xbdd6,0xbdd6,0xc5d6,0xce38,0xd699,0xdeda,0xe6fb,0xe71b,0xef3c,0xef5c,0xef5c,0xf77c,
  0xf77d,0xf79d,0xf79d,0xf79d,0xf79d,0xf7bd,0xf79e,0xf7be,0xf7be,0xf7be,0xf7be,0xffbe,
  0xffbe,0xffbe,0xf79d,0xef7d,0xdf1c,0x2124,0x0000,0x0000,0x0000,0x0000,0x0000,0x0000,
  0x0000,0x0000,0x0000,0x0000,0x0000,0x0000,0x0000,0x0000,0x0000,0x0000,0x0000,0x0000,
  0x0000,0x0000,0x0000,0x0000,0x0000,0x0000,0x0000,0x0000,0x0000,0x0000,0x0000,0x0000,
  0x0000,0x0000,0x0000,0x0000,0x0000,0x0000,0x0000,0x0000,0x0000,0x0000,0x0000,0x0000,
  0x0000,0x0000,0x0000,0x0000,0xb596,0xc617,0xb575,0xbdb5,0xc5f6,0xd678,0xdeb9,0xe6fa,
  0xe71b,0xef3c,0xef5c,0xef5c,0xef5c,0xf77d,0xf77d,0xf79d,0xf79d,0xf79d,0xf79d,0xf7be,
  0xffbe,0xffbe,0xffbe,0xffbe,0xffbe,0xf7be,0xf79d,0xf79d,0xef5c,0xce9a,0x0861,0x0000,
  0x0000,0x0000,0x0000,0x0000,0x0000,0x0000,0x0000,0x0000,0x0000,0x0000,0x0000,0x0000,
  0x0000,0x0000,0x0000,0x0000,0x0000,0x0000,0x0000,0x0000,0x0000,0x0000,0x0000,0x0000,
  0x0000,0x0000,0x0000,0x0000,0x0000,0x0000,0x0000,0x0000,0x0000,0x0000,0x0000,0x0000,
  0x0000,0x0000,0x0000,0x0000,0x0000,0x0000,0x0000,0x0000,0x0000,0x630c,0xdedb,0xb574,
  0xbd95,0xbdb5,0xcdf6,0xd658,0xde99,0xe6da,0xe71b,0xef3b,0xef5c,0xef5c,0xf77c,0xf77d,
  0xf79d,0xf79d,0xf79d,0xf79d,0xf79d,0xf79d,0xffbe,0xf7bd,0xf79d,0xf79d,0xf79d,0xf79d,
  0xef5c,0xef5d,0xa514,0x0000,0x0000,0x0000,0x0000,0x0000,0x0000,0x0000,0x0000,0x0000,
  0x0000,0x0000,0x0000,0x0000,0x0000,0x0000,0x0000,0x0000,0x0000,0x0000,0x0000,0x0000,
  0x0000,0x0000,0x0000,0x0000,0x0000,0x0000,0x0000,0x0000,0x0000,0x0000,0x0000,0x0000,
  0x0000,0x0000,0x0000,0x0000,0x0000,0x0000,0x0000,0x0000,0x0000,0x0000,0x0000,0x0000,
  0x0000,0x0000,0x0020,0x8431,0xbdd7,0xad75,0xad95,0xb595,0xb5b5,0xbdd6,0xc617,0xce58,
  0xce78,0xd699,0xd6ba,0xdefa,0xdf1b,0xe73b,0xe75c,0xef5c,0xef7d,0xef9d,0xf79d,0xf79d,
  0xf79d,0xf79d,0xf79d,0xf77d,0xef5c,0xe6fb,0xdf1c,0x39e8,0x0000,0x0000,0x0000,0x0000,
  0x0000,0x0000,0x0000,0x0000,0x0000,0x0000,0x0000,0x0000,0x0000,0x0000,0x0000,0x0000,
  0x0000,0x0000,0x0000,0x0000,0x0000,0x0000,0x0000,0x0000,0x0000,0x0000,0x0000,0x0000,
  0x0000,0x0000,0x0000,0x0000,0x0000,0x0000,0x0000,0x0000,0x0000,0x0000,0x0000,0x0000,
  0x0000,0x0000,0x0000,0x0000,0x0000,0x0000,0x0000,0x0000,0x0000,0x62eb,0xb471,0x934c,
  0x9b4c,0x932c,0x9b4c,0xa34c,0xa36d,0xab8d,0xb3ae,0xbbee,0xbc0f,0xbc2f,0xc470,0xc4b1,
  0xc4d2,0xccf3,0xcd33,0xcd54,0xcd75,0xcdb5,0xcdb6,0xc5d6,0xc5f7,0xbdf7,0xb5d7,0x5acb,
  0x0000,0x0000,0x0000,0x0000,0x0000,0x0000,0x0000,0x0000,0x0000,0x0000,0x0000,0x0000,
  0x0000,0x0000,0x0000,0x0000,0x0000,0x0000,0x0000,0x0000,0x0000,0x0000,0x0000,0x0000,
  0x0000,0x0000,0x0000,0x0000,0x0000,0x0000,0x0000,0x0000,0x0000,0x0000,0x0000,0x0000,
  0x0000,0x0000,0x0000,0x0000,0x0000,0x0000,0x0000,0x0000,0x0000,0x0000,0x0000,0x0000,
  0x0000,0x0000,0x0820,0xbb8d,0xdbad,0xc32b,0xbaea,0xb2a9,0xb289,0xbaa9,0xc2ea,0xcb0a,
  0xcb2b,0xcb4c,0xd34c,0xd36c,0xdb8d,0xdbad,0xdbad,0xdbad,0xdbcd,0xdbce,0xdbce,0xd3ce,
  0xd3ce,0xcbce,0xd4b2,0x3186,0x0000,0x0000,0x0000,0x0000,0x0000,0x0000,0x0000,0x0000,
  0x0000,0x0000,0x0000,0x0000,0x0000,0x0000,0x0000,0x0000,0x0000,0x0000,0x0000,0x0000,
  0x0000,0x0000,0x0000,0x0000,0x0000,0x0000,0x0000,0x0000,0x0000,0x0000,0x0000,0x0000,
  0x0000,0x0000,0x0000,0x0000,0x0000,0x0000,0x0000,0x0000,0x0000,0x0000,0x0000,0x0000,
  0x0000,0x0000,0x0000,0x0000,0x0000,0x0000,0x0000,0x0000,0x2904,0x8a8a,0xaaca,0xcb8d,
  0xc34c,0xaaca,0xcb6c,0xf491,0xe44f,0xcb2b,0xcb4c,0xcb6c,0xcb8c,0xd38d,0xd36c,0xdbad,
  0xf512,0xfd54,0xe42f,0xdbee,0xe42f,0xe40f,0xdc0f,0x7248,0x0000,0x0000,0x0000,0x0000,
  0x0000,0x0000,0x0000,0x0000,0x0000,0x0000,0x0000,0x0000,0x0000,0x0000,0x0000,0x0000,
  0x0000,0x0000,0x0000,0x0000,0x0000,0x0000,0x0000,0x0000,0x0000,0x0000,0x0000,0x0000,
  0x0000,0x0000,0x0000,0x0000,0x0000,0x0000,0x0000,0x0000,0x0000,0x0000,0x0000,0x0000,
  0x0000,0x0000,0x0000,0x0000,0x0000,0x0000,0x0000,0x0000,0x0000,0x0000,0x0000,0x0000,
  0x0000,0x18c3,0x0000,0x1041,0x38e3,0x8a69,0xc38d,0xec50,0xfe17,0xfe17,0xdbad,0xbaca,
  0xc30b,0xc32b,0xc30b,0xaa89,0xdbad,0xfe17,0xfe79,0xec91,0xbb2c,0x7a07,0x5144,0x28e3,
  0x08a2,0x0000,0x0000,0x0000,0x0000,0x0000,0x0000,0x0000,0x0000,0x0000,0x0000,0x0000,
  0x0000,0x0000,0x0000,0x0000,0x0000,0x0000,0x0000,0x0000,0x0000,0x0000,0x0000,0x0000,
  0x0000,0x0000,0x0000,0x0000,0x0000,0x0000,0x0000,0x0000,0x0000,0x0000,0x0000,0x0000,
  0x0000,0x0000,0x0000,0x0000,0x0000,0x0000,0x0000,0x0000,0x0000,0x0000,0x0000,0x0000,
  0x0000,0x0000,0x0000,0x0000,0x0000,0x0020,0x2104,0x0000,0x0000,0x0000,0x0000,0x7a69,
  0xfcd2,0xfe79,0xfe37,0xdbae,0xc30b,0xc32b,0xc30b,0xc30b,0xbaca,0xd38c,0xfdf7,0xff1b,
  0xabad,0x1861,0x0000,0x0000,0x2986,0x2965,0x0000,0x0000,0x0000,0x0000,0x0000,0x0000,
  0x0000,0x0000,0x0000,0x0000,0x0000,0x0000,0x0000,0x0000,0x0000,0x0000,0x0000,0x0000,
  0x0000,0x0000,0x0000,0x0000,0x0000,0x0000,0x0000,0x0000,0x0000,0x0000,0x0000,0x0000,
  0x0000,0x0000,0x0000,0x0000,0x0000,0x0000,0x0000,0x0000,0x0000,0x0000,0x0000,0x0000,
  0x0000,0x0000,0x0000,0x0000,0x0000,0x0000,0x0000,0x0000,0x0000,0x0000,0x0861,0x18e3,
  0x0020,0x0841,0x0841,0x0000,0x5185,0xf4d1,0xfe37,0xd4f3,0x5145,0xbb0b,0xbaca,0xbaea,
  0xa2aa,0x5965,0xbb2b,0xfd94,0xfefa,0x6a89,0x0000,0x0841,0x0840,0x4208,0x39c7,0x0841,
  0x0000,0x0000,0x0000,0x0000,0x0000,0x0000,0x0000,0x0000,0x0000,0x0000,0x0000,0x0000,
  0x0000,0x0000,0x0000,0x0000,0x0000,0x0000,0x0000,0x0000,0x0000,0x0000,0x0000,0x0000,
  0x0000,0x0000,0x0000,0x0000,0x0000,0x0000,0x0000,0x0000,0x0000,0x0000,0x0000,0x0000,
  0x0000,0x0000,0x0000,0x0000,0x0000,0x0000,0x0000,0x0000,0x0000,0x0000,0x0000,0x0000,
  0x0000,0x0000,0x0000,0x10a2,0x18c3,0x0861,0x0861,0x0841,0x0000,0x1061,0xab4b,0xe4d1,
  0x4986,0x0000,0x9248,0x91e6,0xaa89,0x4944,0x0000,0x7207,0xf490,0xed53,0x2904,0x0000,
  0x0841,0x0020,0x31a6,0x4228,0x10a2,0x0000,0x0000,0x0000,0x0000,0x0000,0x0000,0x0000,
  0x0000,0x0000,0x0000,0x0000,0x0000,0x0000,0x0000,0x0000,0x0000,0x0000,0x0000,0x0000,
  0x0000,0x0000,0x0000,0x0000,0x0000,0x0000,0x0000,0x0000,0x0000,0x0000,0x0000,0x0000,
  0x0000,0x0000,0x0000,0x0000,0x0000,0x0000,0x0000,0x0000,0x0000,0x0000,0x0000,0x0000,
  0x0000,0x0000,0x0000,0x0000,0x0000,0x0000,0x0000,0x0000,0x18e3,0x1082,0x10a2,0x1082,
  0x0841,0x0000,0x0000,0x2103,0x5a8a,0x0000,0x0000,0x8228,0xc2ea,0xd36c,0x28c3,0x0000,
  0x0000,0x8b8d,0x3944,0x0000,0x0000,0x0841,0x0841,0x2104,0x4a49,0x18e3,0x0000,0x0000,
  0x0000,0x0000,0x0000,0x0000,0x0000,0x0000,0x0000,0x0000,0x0000,0x0000,0x0000,0x0000,
  0x0000,0x0000,0x0000,0x0000,0x0000,0x0000,0x0000,0x0000,0x0000,0x0000,0x0000,0x0000,
  0x0000,0x0000,0x0000,0x0000,0x0000,0x0000,0x0000,0x0000,0x0000,0x0000,0x0000,0x0000,
  0x0000,0x0000,0x0000,0x0000,0x0000,0x0000,0x0000,0x0000,0x0000,0x0000,0x0000,0x0000,
  0x0000,0x18c3,0x0861,0x18c3,0x10a2,0x0020,0x0000,0x0000,0x18e3,0x4a69,0x0000,0x0000,
  0x20a2,0xb36c,0x7228,0x0000,0x0000,0x0000,0x4a69,0x0861,0x0000,0x0000,0x0020,0x1082,
  0x10a2,0x4208,0x2124,0x0000,0x0000,0x0000,0x0000,0x0000,0x0000,0x0000,0x0000,0x0000,
  0x0000,0x0000,0x0000,0x0000,0x0000,0x0000,0x0000,0x0000,0x0000,0x0000,0x0000,0x0000,
  0x0000,0x0000,0x0000,0x0000,0x0000,0x0000,0x0000,0x0000,0x0000,0x0000,0x0000,0x0000,
  0x0000,0x0000,0x0000,0x0000,0x0000,0x0000,0x0000,0x0000,0x0000,0x0000,0x0000,0x0000,
  0x0000,0x0000,0x0000,0x0000,0x0000,0x2965,0x31a6,0x0000,0x1081,0x18a2,0x0861,0x0000,
  0x0000,0x5289,0xc617,0x0000,0x0020,0x0000,0x4a69,0x10a2,0x0000,0x0000,0x0000,0x9cd2,
  0x2965,0x0000,0x0000,0x0000,0x10a2,0x0841,0x2124,0x3185,0x3186,0x0020,0x0000,0x0000,
  0x0000,0x0000,0x0000,0x0000,0x0000,0x0000,0x0000,0x0000,0x0000,0x0000,0x0000,0x0000,
  0x0000,0x0000,0x0000,0x0000,0x0000,0x0000,0x0000,0x0000,0x0000,0x0000,0x0000,0x0000,
  0x0000,0x0000,0x0000,0x0000,0x0000,0x0000,0x0000,0x0000,0x0000,0x0000,0x0000,0x0000,
  0x0000,0x0000,0x0000,0x0000,0x0000,0x0000,0x0000,0x0020,0x0000,0x528a,0xe6fb,0xef5d,
  0xbdd7,0x4208,0x0820,0x7bae,0x528a,0x0000,0x4a48,0xa513,0x0000,0x0000,0x0000,0x6b4d,
  0x2124,0x0000,0x0000,0x0020,0xef3c,0x5acb,0x0000,0x0841,0x6b2c,0x2945,0x0841,0x8c71,
  0xef3c,0xffff,0xb5b6,0x0020,0x0020,0x0000,0x0000,0x0000,0x0000,0x0000,0x0000,0x0000,
  0x0000,0x0000,0x0000,0x0000,0x0000,0x0000,0x0000,0x0000,0x0000,0x0000,0x0000,0x0000,
  0x0000,0x0000,0x0000,0x0000,0x0000,0x0000,0x0000,0x0000,0x0000,0x0000,0x0000,0x0000,
  0x0000,0x0000,0x0000,0x0000,0x0000,0x0000,0x0000,0x0000,0x0000,0x0000,0x0000,0x0000,
  0x0000,0x0000,0x4a49,0x630b,0x8c51,0xffbe,0xffdf,0xce59,0xffbe,0xad54,0x0000,0x0000,
  0x0000,0x0000,0x0000,0x0020,0xd679,0x6b4d,0x0000,0x0020,0x0000,0x39c6,0x10a2,0x0000,
  0x2945,0xdeba,0xc618,0xb575,0xffff,0xef5d,0xa534,0xa4f3,0x0841,0x0000,0x0000,0x0000,
  0x0000,0x0000,0x0000,0x0000,0x0000,0x0000,0x0000,0x0000,0x0000,0x0000,0x0000,0x0000,
  0x0000,0x0000,0x0000,0x0000,0x0000,0x0000,0x0000,0x0000,0x0000,0x0000,0x0000,0x0000,
  0x0000,0x0000,0x0000,0x0000,0x0000,0x0000,0x0000,0x0000,0x0000,0x0000,0x0000,0x0000,
  0x0000,0x0000,0x0000,0x0000,0x0000,0x2104,0x528a,0x4228,0x0040,0x1082,0x4a49,0xad34,
  0xbdd6,0xb575,0x39e7,0x0000,0x0000,0x0000,0x0000,0x0000,0x0861,0xe6fb,0x840f,0x0000,
  0x0020,0x0000,0x0000,0x0000,0x0000,0x0841,0x738d,0x9491,0x9491,0x8c30,0x31a6,0x10a2,
  0x3186,0x5aeb,0x4228,0x0861,0x0000,0x0000,0x0000,0x0000,0x0000,0x0000,0x0000,0x0000,
  0x0000,0x0000,0x0000,0x0000,0x0000,0x0000,0x0000,0x0000,0x0000,0x0000,0x0000,0x0000,
  0x0000,0x0000,0x0000,0x0000,0x0000,0x0000,0x0000,0x0000,0x0000,0x0000,0x0000,0x0000,
  0x0000,0x0000,0x0000,0x0000,0x0000,0x0000,0x0000,0x0000,0x0861,0x9cd3,0xe73c,0xef7d,
  0xe73c,0x94b2,0x2124,0x18c3,0x18e3,0x1081,0x0861,0x2124,0x0000,0x0000,0x0000,0x0000,
  0x0000,0x0000,0x2124,0x0861,0x0000,0x0000,0x0000,0x0000,0x0000,0x0000,0x0861,0x2104,
  0x0020,0x0861,0x0841,0x0020,0x4a49,0xce38,0xf79e,0xffdf,0xe71c,0x632c,0x0000,0x0000,
  0x0000,0x0000,0x0000,0x0000,0x0000,0x0000,0x0000,0x0000,0x0000,0x0000,0x0000,0x0000,
  0x0000,0x0000,0x0000,0x0000,0x0000,0x0000,0x0000,0x0000,0x0000,0x0000,0x0000,0x0000,
  0x0000,0x0000,0x0000,0x0000,0x0000,0x0000,0x0000,0x0000,0x0000,0x0000,0x0000,0x0000,
  0x0000,0xa4f3,0xf7be,0xef5d,0xf79e,0xffbe,0xffff,0xb5b6,0x2945,0x18e3,0x18e3,0x10a2,
  0x3186,0x0861,0x0000,0x0000,0x0000,0x0000,0x0000,0x0000,0x0000,0x0000,0x0000,0x0000,
  0x0000,0x0000,0x0000,0x2945,0x18e3,0x0841,0x10a2,0x0841,0x2945,0xd6ba,0xf79e,0xf79e,
  0xf79e,0xffdf,0xffff,0x5aeb,0x0000,0x0000,0x0000,0x0000,0x0000,0x0000,0x0000,0x0000,
  0x0000,0x0000,0x0000,0x0000,0x0000,0x0000,0x0000,0x0000,0x0000,0x0000,0x0000,0x0000,
  0x0000,0x0000,0x0000,0x0000,0x0000,0x0000,0x0000,0x0000,0x0000,0x0000,0x0000,0x0000,
  0x0000,0x0000,0x0000,0x0000,0x0000,0x4208,0xd69a,0xd6ba,0xef7d,0xf7be,0xffdf,0xffbe,
  0xffff,0x5acb,0x1082,0x20e3,0x18c2,0x2104,0x0861,0x0000,0x0000,0x0000,0x0000,0x0000,
  0x0000,0x0000,0x0000,0x0000,0x0000,0x0000,0x0000,0x0000,0x18e3,0x10a2,0x0861,0x1082,
  0x0000,0x83ef,0xe71b,0xe71c,0xf79e,0xffff,0xffdf,0xffdf,0xd6ba,0x0841,0x0000,0x0000,
  0x0000,0x0000,0x0000,0x0000,0x0000,0x0000,0x0000,0x0000,0x0000,0x0000,0x0000,0x0000,
  0x0000,0x0000,0x0000,0x0000,0x0000,0x0000,0x0000,0x0000,0x0000,0x0000,0x0000,0x0000,
  0x0000,0x0000,0x0000,0x0000,0x0000,0x0000,0x0000,0x0000,0x0000,0x0000,0x632c,0xc5f7,
  0xd699,0xef5d,0xf79e,0xffbf,0xf7be,0xffff,0x8c71,0x0020,0x10a2,0x0841,0x31a6,0x3186,
  0x0000,0x0000,0x0000,0x0000,0x0000,0x0000,0x0000,0x0000,0x0000,0x0000,0x0000,0x0000,
  0x0020,0x39c7,0x0861,0x0020,0x0861,0x1082,0x9cd2,0xce58,0xe71b,0xef7d,0xffbe,0xffdf,
  0xf7be,0xf77d,0x2124,0x0000,0x0000,0x0000,0x0000,0x0000,0x0000,0x0000,0x0000,0x0000,
  0x0000,0x0000,0x0000,0x0000,0x0000,0x0000,0x0000,0x0000,0x0000,0x0000,0x0000,0x0000,
  0x0000,0x0000,0x0000,0x0000,0x0000,0x0000,0x0000,0x0000,0x0000,0x0000,0x0000,0x0000,
  0x0000,0x0000,0x0000,0x73ae,0xad54,0xb596,0xd6ba,0xe71c,0xef5d,0xef5d,0xffdf,0x9492,
  0x2124,0x6b6d,0x9cd3,0xef3c,0x73ae,0x0000,0x0020,0x0000,0x0000,0x0000,0x0000,0x0000,
  0x0000,0x0000,0x0000,0x0000,0x0000,0x0020,0x9491,0x7bef,0x4a69,0x2945,0x18e3,0x9491,
  0xad55,0xce59,0xe6fb,0xef3c,0xef5d,0xef5d,0xef5d,0x39e7,0x0000,0x0000,0x0000,0x0000,
  0x0000,0x0000,0x0000,0x0000,0x0000,0x0000,0x0000,0x0000,0x0000,0x0000,0x0000,0x0000,
  0x0000,0x0000,0x0000,0x0000,0x0000,0x0000,0x0000,0x0000,0x0000,0x0000,0x0000,0x0000,
  0x0000,0x0000,0x0000,0x0000,0x0000,0x0000,0x0000,0x0000,0x9cd3,0xb595,0xbdd7,0xce59,
  0xd6ba,0xe6fb,0xe71c,0xef5d,0xdedb,0xef5d,0xffff,0xffff,0xef5d,0x4208,0x0000,0x0000,
  0x0000,0x0000,0x0000,0x0000,0x0000,0x0000,0x0000,0x0000,0x0000,0x0000,0x0000,0x62eb,
  0xa4f3,0xad13,0xa513,0x9491,0xa514,0xb595,0xc5f7,0xd699,0xdefb,0xe71c,0xe71c,0xffff,
  0x6b6d,0x0000,0x0020,0x0000,0x0000,0x0000,0x0000,0x0000,0x0000,0x0000,0x0000,0x0000,
  0x0000,0x0000,0x0000,0x0000,0x0000,0x0000,0x0000,0x0000,0x0000,0x0000,0x0000,0x0000,
  0x0000,0x0000,0x0000,0x0000,0x0000,0x0000,0x0000,0x0000,0x0000,0x0000,0x0000,0x0000,
  0x0000,0x6b6d,0xbdb6,0xdeba,0xf77d,0xffdf,0xffff,0xffff,0xffff,0xffdf,0xdeba,0x8410,
  0x4a69,0x18c3,0x0000,0x0000,0x0000,0x0000,0x0000,0x0000,0x0000,0x0000,0x0000,0x0000,
  0x0000,0x0000,0x0000,0x0000,0x0000,0x18c2,0x3186,0x6b2c,0x9cd2,0xb575,0xd679,0xef3c,
  0xffbe,0xffff,0xffff,0xffff,0xf79e,0x4228,0x0000,0x0000,0x0000,0x0000,0x0000,0x0000,
  0x0000,0x0000,0x0000,0x0000,0x0000,0x0000,0x0000,0x0000,0x0000,0x0000,0x0000,0x0000,
  0x0000,0x0000,0x0000,0x0000,0x0000,0x0000,0x0000,0x0000,0x0000,0x0000,0x0000,0x0000,
  0x0000,0x0000,0x0000,0x0000,0x0000,0x0000,0x0000,0x2924,0x4a28,0x630c,0x73ae,0x7bef,
  0x7bae,0x630c,0x39c7,0x0861,0x0000,0x0000,0x0000,0x0000,0x0000,0x0000,0x0000,0x0000,
  0x0000,0x0000,0x0000,0x0000,0x0000,0x0000,0x0000,0x0000,0x0000,0x0000,0x0000,0x0000,
  0x0000,0x1082,0x31a6,0x5289,0x6b4c,0x7bce,0x83ef,0x738e,0x52aa,0x2104,0x0000,0x0000,
  0x0000,0x0000,0x0000,0x0000,0x0000,0x0000,0x0000,0x0000,0x0000,0x0000,0x0000,0x0000,
  0x0000,0x0000,0x0000,0x0000,0x0000,0x0000,0x0000,0x0000,0x0000,0x0000,0x0000,0x0000,
  0x0000,0x0000,0x0000,0x0000,0x0000,0x0000,0x0000,0x0000,0x0000,0x0000,0x0000,0x0000,
  0x0000,0x0000,0x0000,0x0000,0x0000,0x0000,0x0000,0x0000,0x0000,0x0000,0x0000,0x0000,
  0x0000,0x0000,0x0000,0x0000,0x0000,0x0000,0x0000,0x0000,0x0000,0x0000,0x0000,0x0000,
  0x0000,0x0000,0x0000,0x0000,0x0000,0x0000,0x0000,0x0000,0x0000,0x0000,0x0000,0x0000,
  0x0000,0x0000,0x0000,0x0000,0x0000,0x0000,0x0000,0x0000,0x0000,0x0000,0x0000,0x0000,
  0x0000,0x0000,0x0000,0x0000,0x0000,0x0000,0x0000,0x0000,0x0000,0x0000,0x0000,0x0000,
  0x0000,0x0000,0x0000,0x0000,0x0000,0x0000,0x0000,0x0000,0x0000,0x0000,0x0000,0x0000,
  0x0000,0x0000,0x0000,0x0000,0x0000,0x0000,0x0000,0x0000,0x0000,0x0000,0x0000,0x0000,
  0x0000,0x0000,0x0000,0x0000,0x0000,0x0000,0x0000,0x0000,0x0000,0x0000,0x0000,0x0000,
  0x0000,0x0000,0x0000,0x0000,0x0000,0x0000,0x0000,0x0000,0x0000,0x0000,0x0000,0x0000,
  0x0000,0x0000,0x0000,0x0000,0x0000,0x0000,0x0000,0x0000,0x0000,0x0000,0x0000,0x0000,
  0x0000,0x0000,0x0000,0x0000,0x0000,0x0000,0x0000,0x0000,0x0000,0x0000,0x0000,0x0000,
  0x0000,0x0000,0x0000,0x0000,0x0000,0x0000,0x0000,0x0000,0x0000,0x0000,0x0000,0x0000,
  0x0000,0x0000,0x0000,0x0000,0x0000,0x0000,0x0000,0x0000,0x0000,0x0000,0x0000,0x0000,
  0x0000,0x0000,0x0000,0x0000,0x0000,0x0000,0x0000,0x0000,0x0000,0x0000,0x0000,0x0000,
  0x0000,0x0000,0x0000,0x0000,0x0000,0x0000,0x0000,0x0000,0x0000,0x0000,0x0000,0x0000,
  0x0000,0x0000,0x0000,0x0000,0x0000,0x0000,0x0000,0x0000,0x0000,0x0000,0x0000,0x0000,
  0x0000,0x0000,0x0000,0x0000,0x0000,0x0000,0x0000,0x0000,0x0000,0x0000,0x0000,0x0000,
  0x0000,0x0000,0x0000,0x0000,0x0000,0x0000,0x0000,0x0000,0x0000,0x0000,0x0000,0x0000,
  0x0000,0x0000,0x0000,0x0000,0x0000,0x0000,0x0000,0x0000,0x0000,0x0000,0x0000,0x0000,
  0x0000,0x0000,0x0000,0x0000,0x0000,0x0000,0x0000,0x0000,0x0000,0x0000,0x0000,0x0000,
  0x0000,0x0000,0x0000,0x0000,0x0000,0x0000,0x0000,0x0000,0x0000,0x0000,0x0000,0x0000,
  0x0000,0x0000,0x0000,0x0000,0x0000,0x0000,0x0000,0x0000,0x0000,0x0000,0x0000,0x0000,
  0x0000,0x0000,0x0000,0x0000,0x0000,0x0000,0x0000,0x0000,0x0000,0x0000,0x0000,0x0000,
  0x0000,0x0000,0x0000,0x0000,0x0000,0x0000,0x0000,0x0000,0x0000,0x0000,0x0000,0x0000,
  0x0000,0x0000,0x0000,0x0000,0x0000,0x0000,0x0000,0x0000,0x0000,0x0000,0x0000,0x0000,
  0x0000,0x0000,0x0000,0x0000,0x0000,0x0000,0x0000,0x0000,0x0000,0x0000,0x0000,0x0000,
  0x0000,0x0000,0x0000,0x0000,0x0000,0x0000,0x0000,0x0000,0x0000,0x0000,0x0000,0x0000,
  0x0000,0x0000,0x0000,0x0000,0x0000,0x0000,0x0000,0x0000,0x0000,0x0000,0x0000,0x0000,
  0x0000,0x0000,0x0000,0x0000,0x0000,0x0000,0x0000,0x0000,0x0000,0x0000,0x0000,0x0000,
  0x0000,0x0000,0x0000,0x0000,0x0000,0x0000,0x0000,0x0000,0x0000,0x0000,0x0000,0x0000,
  0x0000,0x0000,0x0000,0x0000,0x0000,0x0000,0x0000,0x0000,0x0000,0x0000,0x0000,0x0000,
  0x0000,0x0000,0x0000,0x0000,0x0000,0x0000,0x0000,0x0000,0x0000,0x0000,0x0000,0x0000,
  0x0000,0x0000,0x0000,0x0000,0x0000,0x0000,0x0000,0x0000,0x0000,0x0000,0x0000,0x0000,
  0x0000,0x0000,0x0000,0x0000,0x0000,0x0000,0x0000,0x0000,0x0000,0x0000,0x0000,0x0000,
  0x0000,0x0000,0x0000,0x0000,0x0000,0x0000,0x0000,0x0000,0x0000,0x0000,0x0000,0x0000,
  0x0000,0x0000,0x0000,0x0000,0x0000,0x0000,0x0000,0x0000,0x0000,0x0000,0x0000,0x0000,
  0x0000,0x0000,0x0000,0x0000,0x0000,0x0000,0x0000,0x0000,0x0000,0x0000,0x0000,0x0000,
};
static const uint8_t MILKY_WORKING_MASK[] PROGMEM = {
  0xff,0xff,0xff,0xff,0xff,0xff,0xff,0xff,0xff,0xf8,0xff,0xff,0xff,0xff,0xff,0xff,
  0xff,0xff,0xff,0xf8,0xff,0xff,0xff,0xff,0xff,0xff,0xff,0xff,0xff,0xf8,0xff,0xff,
  0xff,0xff,0xff,0xff,0xff,0xff,0xff,0xf8,0xff,0xff,0xff,0xff,0xff,0xff,0xff,0xff,
  0xff,0xf8,0xff,0xff,0xff,0xff,0xff,0xff,0xff,0xff,0xff,0xf8,0xff,0xff,0xff,0xff,
  0xff,0xff,0xff,0xff,0xff,0xf8,0xff,0xff,0xff,0xff,0xff,0xff,0xff,0xff,0xff,0xf8,
  0xff,0xff,0xff,0xff,0xff,0xff,0xff,0xff,0xff,0xf8,0xff,0xff,0xff,0xff,0xff,0xff,
  0xff,0xff,0xff,0xf8,0xff,0xff,0xff,0xff,0xff,0xff,0xff,0xff,0xff,0xf8,0xff,0xff,
  0xff,0xff,0xff,0xff,0xff,0xff,0xff,0xf8,0xff,0xff,0xff,0xff,0xff,0xff,0xff,0xff,
  0xff,0xf8,0xff,0xff,0xff,0xff,0xff,0xff,0xff,0xff,0xff,0xf8,0xff,0xff,0xff,0xff,
  0xff,0xff,0xff,0xff,0xff,0xf8,0xff,0xff,0xff,0xff,0xff,0xff,0xff,0xff,0xff,0xf8,
  0xff,0xff,0xff,0xff,0xff,0xff,0xff,0xff,0xff,0xf8,0xff,0xff,0xff,0xff,0xff,0xff,
  0xff,0xff,0xff,0xf8,0xff,0xff,0xff,0xff,0xff,0xff,0xff,0xff,0xff,0xf8,0xff,0xff,
  0xff,0xff,0xff,0xff,0xff,0xff,0xff,0xf8,0xff,0xff,0xff,0xff,0xff,0xff,0xff,0xff,
  0xff,0xf8,0xff,0xff,0xff,0xff,0xff,0xff,0xff,0xff,0xff,0xf8,0xff,0xff,0xff,0xff,
  0xff,0xff,0xff,0xff,0xff,0xf8,0xff,0xff,0xff,0xff,0xff,0xff,0xff,0xff,0xff,0xf8,
  0xff,0xff,0xff,0xff,0xff,0xff,0xff,0xff,0xff,0xf8,0xff,0xff,0xff,0xff,0xff,0xff,
  0xff,0xff,0xff,0xf8,0xff,0xff,0xff,0xff,0xff,0xff,0xff,0xff,0xff,0xf8,0xff,0xff,
  0xff,0xff,0xff,0xff,0xff,0xff,0xff,0xf8,0xff,0xff,0xff,0xff,0xff,0xff,0xff,0xff,
  0xff,0xf8,0xff,0xff,0xff,0xff,0xff,0xff,0xff,0xff,0xff,0xf8,0xff,0xff,0xff,0xff,
  0xff,0xff,0xff,0xff,0xff,0xf8,0xff,0xff,0xff,0xff,0xff,0xff,0xff,0xff,0xff,0xf8,
  0xff,0xff,0xff,0xff,0xff,0xff,0xff,0xff,0xff,0xf8,0xff,0xff,0xff,0xff,0xff,0xff,
  0xff,0xff,0xff,0xf8,0xff,0xff,0xff,0xff,0xff,0xff,0xff,0xff,0xff,0xf8,0xff,0xff,
  0xff,0xff,0xff,0xff,0xff,0xff,0xff,0xf8,0xff,0xff,0xff,0xff,0xff,0xff,0xff,0xff,
  0xff,0xf8,0xff,0xff,0xff,0xff,0xff,0xff,0xff,0xff,0xff,0xf8,0xff,0xff,0xff,0xff,
  0xff,0xff,0xff,0xff,0xff,0xf8,0xff,0xff,0xff,0xff,0xff,0xff,0xff,0xff,0xff,0xf8,
  0xff,0xff,0xff,0xff,0xff,0xff,0xff,0xff,0xff,0xf8,0xff,0xff,0xff,0xff,0xff,0xff,
  0xff,0xff,0xff,0xf8,0xff,0xff,0xff,0xff,0xff,0xff,0xff,0xff,0xff,0xf8,0xff,0xff,
  0xff,0xff,0xff,0xff,0xff,0xff,0xff,0xf8,0xff,0xff,0xff,0xff,0xff,0xff,0xff,0xff,
  0xff,0xf8,0xff,0xff,0xff,0xff,0xff,0xff,0xff,0xff,0xff,0xf8,0xff,0xff,0xff,0xff,
  0xff,0xff,0xff,0xff,0xff,0xf8,0xff,0xff,0xff,0xff,0xff,0xff,0xff,0xff,0xff,0xf8,
  0xff,0xff,0xff,0xff,0xff,0xff,0xff,0xff,0xff,0xf8,0xff,0xff,0xff,0xff,0xff,0xff,
  0xff,0xff,0xff,0xf8,0xff,0xff,0xff,0xff,0xff,0xff,0xff,0xff,0xff,0xf8,0xff,0xff,
  0xff,0xff,0xff,0xff,0xff,0xff,0xff,0xf8,0xff,0xff,0xff,0xff,0xff,0xff,0xff,0xff,
  0xff,0xf8,0xff,0xff,0xff,0xff,0xff,0xff,0xff,0xff,0xff,0xf8,0xff,0xff,0xff,0xff,
  0xff,0xff,0xff,0xff,0xff,0xf8,0xff,0xff,0xff,0xff,0xff,0xff,0xff,0xff,0xff,0xf8,
  0xff,0xff,0xff,0xff,0xff,0xff,0xff,0xff,0xff,0xf8,0xff,0xff,0xff,0xff,0xff,0xff,
  0xff,0xff,0xff,0xf8,0xff,0xff,0xff,0xff,0xff,0xff,0xff,0xff,0xff,0xf8,0xff,0xff,
  0xff,0xff,0xff,0xff,0xff,0xff,0xff,0xf8,0xff,0xff,0xff,0xff,0xff,0xff,0xff,0xff,
  0xff,0xf8,0xff,0xff,0xff,0xff,0xff,0xff,0xff,0xff,0xff,0xf8,0xff,0xff,0xff,0xff,
  0xff,0xff,0xff,0xff,0xff,0xf8,0xff,0xff,0xff,0xff,0xff,0xff,0xff,0xff,0xff,0xf8,
  0xff,0xff,0xff,0xff,0xff,0xff,0xff,0xff,0xff,0xf8,0xff,0xff,0xff,0xff,0xff,0xff,
  0xff,0xff,0xff,0xf8,0xff,0xff,0xff,0xff,0xff,0xff,0xff,0xff,0xff,0xf8,0xff,0xff,
  0xff,0xff,0xff,0xff,0xff,0xff,0xff,0xf8,0xff,0xff,0xff,0xff,0xff,0xff,0xff,0xff,
  0xff,0xf8,0xff,0xff,0xff,0xff,0xff,0xff,0xff,0xff,0xff,0xf8,0xff,0xff,0xff,0xff,
  0xff,0xff,0xff,0xff,0xff,0xf8,0xff,0xff,0xff,0xff,0xff,0xff,0xff,0xff,0xff,0xf8,
  0xff,0xff,0xff,0xff,0xff,0xff,0xff,0xff,0xff,0xf8,0xff,0xff,0xff,0xff,0xff,0xff,
  0xff,0xff,0xff,0xf8,0xff,0xff,0xff,0xff,0xff,0xff,0xff,0xff,0xff,0xf8,0xff,0xff,
  0xff,0xff,0xff,0xff,0xff,0xff,0xff,0xf8,0xff,0xff,0xff,0xff,0xff,0xff,0xff,0xff,
  0xff,0xf8,0xff,0xff,0xff,0xff,0xff,0xff,0xff,0xff,0xff,0xf8,0xff,0xff,0xff,0xff,
  0xff,0xff,0xff,0xff,0xff,0xf8,0xff,0xff,0xff,0xff,0xff,0xff,0xff,0xff,0xff,0xf8,
  0xff,0xff,0xff,0xff,0xff,0xff,0xff,0xff,0xff,0xf8,0xff,0xff,0xff,0xff,0xff,0xff,
  0xff,0xff,0xff,0xf8,0xff,0xff,0xff,0xff,0xff,0xff,0xff,0xff,0xff,0xf8,0xff,0xff,
  0xff,0xff,0xff,0xff,0xff,0xff,0xff,0xf8,0xff,0xff,0xff,0xff,0xff,0xff,0xff,0xff,
  0xff,0xf8,0xff,0xff,0xff,0xff,0xff,0xff,0xff,0xff,0xff,0xf8,0xff,0xff,0xff,0xff,
  0xff,0xff,0xff,0xff,0xff,0xf8,0xff,0xff,0xff,0xff,0xff,0xff,0xff,0xff,0xff,0xf8,
  0xff,0xff,0xff,0xff,0xff,0xff,0xff,0xff,0xff,0xf8,0xff,0xff,0xff,0xff,0xff,0xff,
  0xff,0xff,0xff,0xf8,0xff,0xff,0xff,0xff,0xff,0xff,0xff,0xff,0xff,0xf8,0xff,0xff,
  0xff,0xff,0xff,0xff,0xff,0xff,0xff,0xf8,0xff,0xff,0xff,0xff,0xff,0xff,0xff,0xff,
  0xff,0xf8,0xff,0xff,0xff,0xff,0xff,0xff,0xff,0xff,0xff,0xf8,0xff,0xff,0xff,0xff,
  0xff,0xff,0xff,0xff,0xff,0xf8,0xff,0xff,0xff,0xff,0xff,0xff,0xff,0xff,0xff,0xf8,
};
static const MilkySprite MILKY_WORKING = { MILKY_WORKING_PX, MILKY_WORKING_MASK, 77, 96 };

// tired: milky-tired-standing.png  64x96
static const uint16_t MILKY_TIRED_PX[] PROGMEM = {
  0x0000,0x0000,0x0000,0x0000,0x0000,0x0000,0x0000,0x0000,0x0000,0x0000,0x0000,0x0000,
  0x0000,0x0000,0x0000,0x0000,0x0000,0x0000,0x0000,0x0000,0x0000,0x0000,0x0000,0x0000,
  0x0000,0x0000,0x0000,0x0000,0x0000,0x0000,0x0000,0x0000,0x0000,0x0000,0x0000,0x0000,
  0x0000,0x0000,0x0000,0x0000,0x0000,0x0000,0x0000,0x0000,0x0000,0x0000,0x0000,0x0000,
  0x0000,0x0000,0x0000,0x0000,0x0000,0x0000,0x0000,0x0000,0x0000,0x0000,0x0000,0x0000,
  0x0000,0x0000,0x0000,0x0000,0x0000,0x0000,0x0000,0x0000,0x0000,0x0000,0x0000,0x0000,
  0x0000,0x0000,0x0000,0x0000,0x0000,0x0000,0x0000,0x0000,0x0000,0x0000,0x0000,0x0000,
  0x0000,0x0000,0x0000,0x0000,0x0000,0x0000,0x0000,0x0000,0x0000,0x0000,0x0000,0x0000,
  0x0000,0x0000,0x0000,0x0000,0x0000,0x0000,0x0000,0x0000,0x0000,0x0000,0x0000,0x0000,
  0x0000,0x0000,0x0000,0x0000,0x0000,0x0000,0x0000,0x0000,0x0000,0x0000,0x0000,0x0000,
  0x0000,0x0000,0x0000,0x0000,0x0000,0x0000,0x0000,0x0000,0x0000,0x0000,0x0000,0x0000,
  0x0000,0x0000,0x0000,0x0000,0x0000,0x0000,0x0000,0x0000,0x0000,0x0000,0x0000,0x0000,
  0x0000,0x0000,0x0000,0x0000,0x0000,0x0000,0x0000,0x0000,0x0000,0x0000,0x0000,0x0000,
  0x0000,0x0000,0x0000,0x0000,0x0000,0x0000,0x0000,0x0000,0x0000,0x0000,0x0000,0x0000,
  0x0000,0x0000,0x0000,0x0000,0x0000,0x0000,0x0000,0x0000,0x0000,0x0000,0x0000,0x0000,
  0x0000,0x0000,0x0000,0x0000,0x0000,0x0000,0x0000,0x0000,0x0000,0x0000,0x0000,0x0000,
  0x0000,0x0000,0x0000,0x0000,0x0000,0x0000,0x0000,0x0000,0x0000,0x0000,0x0000,0x0000,
  0x0000,0x0000,0x0000,0x0000,0x0000,0x0000,0x0000,0x0000,0x0000,0x0000,0x0000,0x0000,
  0x0000,0x0000,0x0000,0x0000,0x0000,0x0000,0x0000,0x0000,0x0000,0x0000,0x0000,0x0000,
  0x0000,0x0000,0x0000,0x0000,0x0000,0x0000,0x0000,0x0000,0x0000,0x0000,0x0000,0x0000,
  0x0000,0x0000,0x0000,0x0000,0x0000,0x0000,0x0000,0x0000,0x0000,0x0000,0x0000,0x0000,
  0x0000,0x0000,0x0000,0x0000,0x0000,0x0000,0x0000,0x0000,0x0000,0x0000,0x0000,0x0000,
  0x0000,0x0000,0x0000,0x0000,0x0000,0x0000,0x0000,0x0000,0x0000,0x0000,0x0000,0x0000,
  0x0000,0x0000,0x0000,0x0000,0x0000,0x0000,0x0000,0x0000,0x0000,0x0000,0x0000,0x0000,
  0x0000,0x0000,0x0000,0x0000,0x0000,0x0000,0x0000,0x0000,0x0000,0x0000,0x0000,0x0000,
  0x0000,0x0000,0x0000,0x0000,0x0000,0x0000,0x0000,0x0000,0x0000,0x0000,0x0000,0x0000,
  0x0000,0x0000,0x0000,0x0000,0x0000,0x0000,0x0000,0x0000,0x0000,0x0000,0x0000,0x0000,
  0x0000,0x0000,0x0000,0x0000,0x0000,0x0000,0x0000,0x0000,0x0000,0x0000,0x0000,0x0000,
  0x0000,0x0000,0x0000,0x0000,0x0000,0x0000,0x0000,0x0000,0x0000,0x0000,0x0000,0x0000,
  0x0000,0x0000,0x0000,0x0000,0x0000,0x0000,0x0000,0x0000,0x0000,0x0000,0x0000,0x0000,
  0x0000,0x0000,0x0000,0x0000,0x0000,0x0000,0x0000,0x0000,0x0000,0x0000,0x0000,0x0000,
  0x0000,0x0000,0x0000,0x0000,0x0000,0x0000,0x0000,0x0000,0x0000,0x0000,0x0000,0x0000,
  0x0000,0x0000,0x0000,0x0000,0x0000,0x0000,0x0000,0x0000,0x0000,0x0000,0x0000,0x0000,
  0x0000,0x0000,0x0000,0x0000,0x0000,0x0000,0x0000,0x0000,0x0000,0x0000,0x0000,0x0000,
  0x0000,0x0000,0x0000,0x0000,0x0000,0x0000,0x0000,0x0000,0x0000,0x0000,0x0000,0x0000,
  0x0000,0x0000,0x0000,0x0000,0x0000,0x0000,0x0000,0x0000,0x0000,0x0000,0x0000,0x0000,
  0x0000,0x0000,0x0000,0x0000,0x0000,0x0000,0x0000,0x0000,0x0000,0x0000,0x0000,0x0000,
  0x0000,0x0000,0x0000,0x0000,0x0000,0x0000,0x0000,0x0000,0x0000,0x0000,0x0000,0x0000,
  0x0000,0x0000,0x0000,0x0000,0x0000,0x0000,0x0000,0x0000,0x0000,0x0000,0x0000,0x0000,
  0x0000,0x0000,0x0000,0x0000,0x0000,0x0000,0x0000,0x0000,0x0000,0x0000,0x0000,0x0000,
  0x0000,0x0000,0x0000,0x0000,0x0000,0x0000,0x0000,0x0000,0x0000,0x0000,0x0000,0x0000,
  0x0000,0x0000,0x0000,0x0000,0x0000,0x0000,0x0000,0x0000,0x0000,0x0000,0x0000,0x0000,
  0x0000,0x0000,0x0000,0x0000,0x0000,0x0000,0x0000,0x0000,0x0000,0x0000,0x0000,0x0000,
  0x0000,0x0000,0x0000,0x0000,0x0000,0x0000,0x0000,0x0000,0x0000,0x0000,0x0000,0x0000,
  0x0000,0x0000,0x0000,0x0000,0x0000,0x0000,0x0000,0x0000,0x0000,0x0000,0x0000,0x0861,
  0x0905,0x09a8,0x09ea,0x0a0a,0x09ea,0x09a8,0x0126,0x0083,0x0000,0x0000,0x0000,0x0000,
  0x0000,0x0000,0x0000,0x0000,0x0000,0x0000,0x0000,0x0000,0x0000,0x0000,0x0000,0x0000,
  0x0000,0x0000,0x0000,0x0000,0x0000,0x0000,0x0000,0x0000,0x0000,0x0000,0x0000,0x0000,
  0x0000,0x0000,0x0000,0x0000,0x0000,0x0000,0x0000,0x0000,0x0000,0x0000,0x0000,0x0000,
  0x0000,0x0000,0x0000,0x0000,0x0000,0x0000,0x0000,0x0000,0x0000,0x0000,0x0000,0x0000,
  0x0000,0x1966,0x2373,0x1439,0x0cdc,0x0d5f,0x15bf,0x261f,0x2e5f,0x3e7f,0x5e9f,0x5e5e,
  0x4d9a,0x2c55,0x1aac,0x10e4,0x0000,0x0000,0x0000,0x0000,0x0000,0x0000,0x0000,0x0000,
  0x0000,0x0000,0x0000,0x0000,0x0000,0x0000,0x0000,0x0000,0x0000,0x0000,0x0000,0x0000,
  0x0000,0x0000,0x0000,0x0000,0x0000,0x0000,0x0000,0x0000,0x0000,0x0000,0x0000,0x0000,
  0x0000,0x0000,0x0000,0x0000,0x0000,0x0000,0x0000,0x0000,0x0000,0x0000,0x0000,0x0000,
  0x0000,0x0000,0x0000,0x0000,0x1125,0x34da,0x0337,0x0337,0x03da,0x045b,0x04dc,0x0d1d,
  0x1d7e,0x2dde,0x5e5f,0x8edf,0x971f,0x7eff,0x56bf,0x4e3e,0x4412,0x0861,0x0000,0x0000,
  0x0000,0x0000,0x0000,0x0000,0x0000,0x0000,0x0000,0x0000,0x0000,0x0000,0x0000,0x0000,
  0x0000,0x0000,0x0000,0x0000,0x0000,0x0000,0x0000,0x0000,0x0000,0x0000,0x0000,0x0000,
  0x0000,0x0000,0x0000,0x0000,0x0000,0x0000,0x0000,0x0000,0x0000,0x0000,0x0000,0x0000,
  0x0000,0x0000,0x0000,0x0000,0x0000,0x0000,0x0000,0x0000,0x2aac,0x249a,0x0273,0x0316,
  0x03d9,0x047b,0x04dd,0x0d1d,0x155e,0x1d9e,0x35ff,0x4e1f,0x4e3f,0x4e3f,0x3dff,0x2dff,
  0x4eff,0x5432,0x0000,0x0000,0x0000,0x0000,0x0000,0x0000,0x0000,0x0000,0x0000,0x0000,
  0x0000,0x0000,0x0000,0x0000,0x0000,0x0000,0x0000,0x0000,0x0000,0x0000,0x0000,0x0000,
  0x0000,0x0000,0x0000,0x0000,0x0000,0x0000,0x0000,0x0000,0x0000,0x0000,0x0000,0x0000,
  0x0000,0x0000,0x0000,0x0000,0x0000,0x0000,0x0000,0x0000,0x0000,0x0000,0x0000,0x0000,
  0x330e,0x249a,0x0294,0x0337,0x03fa,0x049d,0x051e,0x0d7f,0x15bf,0x1dff,0x3e5f,0x5e9f,
  0x5e9f,0x4e3f,0x35ff,0x25de,0x2e1f,0x6558,0x0000,0x0000,0x0000,0x0000,0x0000,0x0000,
  0x0000,0x0000,0x0000,0x0000,0x0000,0x0000,0x0000,0x0000,0x0000,0x0000,0x0000,0x0000,
  0x0000,0x0000,0x0000,0x0000,0x0000,0x0000,0x0000,0x0000,0x0000,0x0000,0x0000,0x0000,
  0x0000,0x0000,0x0000,0x0000,0x0000,0x0000,0x0000,0x0000,0x0000,0x0000,0x0000,0x0000,
  0x0000,0x0000,0x0000,0x0000,0x3391,0x1418,0x0ab2,0x0ab1,0x1312,0x1312,0x1353,0x1374,
  0x13d5,0x1c16,0x34d9,0x4d5b,0x459c,0x3dff,0x2e1f,0x1dff,0x367f,0x5cb5,0x0000,0x0000,
  0x0000,0x0000,0x0000,0x0000,0x0000,0x0000,0x0000,0x0000,0x0000,0x0000,0x0000,0x0000,
  0x0000,0x0000,0x0000,0x0000,0x0000,0x0000,0x0000,0x0000,0x0000,0x0000,0x0000,0x0000,
  0x0000,0x0000,0x0000,0x0000,0x0000,0x0000,0x0000,0x0000,0x0000,0x0000,0x0000,0x0000,
  0x0000,0x0000,0x0000,0x0000,0x0000,0x0000,0x0000,0x0000,0x09a9,0x7cf6,0x5bb0,0x3b0e,
  0x2a8d,0x226c,0x2a4c,0x224c,0x224c,0x220b,0x63b0,0x7c73,0x7473,0x3b91,0x1b93,0x0c17,
  0x2dde,0x5453,0x0000,0x0000,0x0000,0x0000,0x0000,0x0000,0x0000,0x0000,0x0000,0x0000,
  0x0000,0x0000,0x0000,0x0000,0x0000,0x0000,0x0000,0x0000,0x0000,0x0000,0x0000,0x0000,
  0x0000,0x0000,0x0000,0x0000,0x0000,0x0000,0x0000,0x0000,0x0000,0x0000,0x0000,0x0000,
  0x0000,0x0000,0x0000,0x0000,0x0000,0x0000,0x0000,0x0000,0x0000,0x0000,0x0000,0x0000,
  0x0000,0x8430,0x9d56,0x6c53,0x22ae,0x1a8e,0x124d,0x124d,0x0a2d,0x124d,0x6432,0x7c94,
  0x7c73,0x3aee,0x224c,0x63b0,0x6cf7,0x11ea,0x0000,0x0000,0x0000,0x0000,0x0000,0x0000,
  0x0000,0x0000,0x0000,0x0000,0x0000,0x0000,0x0000,0x0000,0x0000,0x0000,0x0000,0x0000,
  0x0000,0x0000,0x0000,0x0000,0x0000,0x0000,0x0000,0x0000,0x0000,0x0000,0x0000,0x0000,
  0x0000,0x0000,0x0000,0x0000,0x0000,0x0000,0x0000,0x0000,0x0000,0x0000,0x0000,0x0000,
  0x0000,0x0000,0x0000,0x0020,0x0000,0x73ae,0xc69b,0xb618,0x7cb4,0x5c12,0x4bd1,0x4370,
  0x3330,0x3330,0xa5b7,0xbe5a,0xb639,0x4b91,0x4b70,0xb619,0x5acb,0x0000,0x0000,0x0000,
  0x0000,0x0000,0x0000,0x0000,0x0000,0x0000,0x0000,0x0000,0x0000,0x0000,0x0000,0x0000,
  0x0000,0x0000,0x0000,0x0000,0x0000,0x0000,0x0000,0x0000,0x0000,0x0000,0x0000,0x0000,
  0x0000,0x0000,0x0000,0x0000,0x0000,0x0000,0x0000,0x0000,0x0000,0x0000,0x0000,0x0000,
  0x0000,0x0000,0x0000,0x0000,0x0000,0x0000,0x0000,0x0000,0x0000,0xa555,0xc67a,0xbe59,
  0x9556,0x9535,0x9515,0x8d15,0x8cf5,0x9d56,0xdf1c,0xffdf,0xef9e,0x9d56,0x7cb4,0xbe59,
  0x18e3,0x0000,0x0000,0x0000,0x0000,0x0000,0x0000,0x0000,0x0000,0x0000,0x0000,0x0000,
  0x0000,0x0000,0x0000,0x0000,0x0000,0x0000,0x0000,0x0000,0x0000,0x0000,0x0000,0x0000,
  0x0000,0x0000,0x0000,0x0000,0x0000,0x0000,0x0000,0x0000,0x0000,0x0000,0x0000,0x0000,
  0x0000,0x0000,0x0000,0x0000,0x0000,0x0000,0x0000,0x0000,0x0000,0x0000,0x0000,0x0000,
  0x39e7,0xc67a,0xb618,0xadd8,0x9556,0x9535,0x9515,0x8d15,0x8d15,0x9556,0xd6db,0xf7bf,
  0xffdf,0xadd7,0x84d4,0xc67a,0x39e7,0x0000,0x0000,0x0000,0x0000,0x0000,0x0000,0x0000,
  0x0000,0x0000,0x0000,0x0000,0x0000,0x0000,0x0000,0x0000,0x0000,0x0000,0x0000,0x0000,
  0x0000,0x0000,0x0000,0x0000,0x0000,0x0000,0x0000,0x0000,0x0000,0x0000,0x0000,0x0000,
  0x0000,0x0000,0x0000,0x0000,0x0000,0x0000,0x0000,0x0000,0x0000,0x0000,0x0000,0x0000,
  0x0000,0x0000,0x0000,0x0020,0xb5d7,0xcedb,0xd6db,0xd6bb,0xd6bb,0xd6bb,0xd6db,0xcebb,
  0xce9a,0xce9a,0xdf1c,0xe75d,0xe75d,0xbe39,0x9d56,0xb619,0x7bf0,0x0000,0x0000,0x0000,
  0x0000,0x0000,0x0000,0x0000,0x0000,0x0000,0x0000,0x0000,0x0000,0x0000,0x0000,0x0000,
  0x0000,0x0000,0x0000,0x0000,0x0000,0x0000,0x0000,0x0000,0x0000,0x0000,0x0000,0x0000,
  0x0000,0x0000,0x0000,0x0000,0x0000,0x0000,0x0000,0x0000,0x0000,0x0000,0x0000,0x0000,
  0x0000,0x0000,0x0000,0x0000,0x0000,0x0000,0x0000,0x738e,0xef3c,0xe6da,0xef5c,0xf79d,
  0xffbe,0xffde,0xffde,0xffff,0xffff,0xffff,0xffff,0xffff,0xffff,0xf7be,0xef5d,0xcebb,
  0xce9a,0x1082,0x0000,0x0000,0x0000,0x0000,0x0000,0x0000,0x0000,0x0000,0x0000,0x0000,
  0x0000,0x0000,0x0000,0x0000,0x0000,0x0000,0x0000,0x0000,0x0000,0x0000,0x0000,0x0000,
  0x0000,0x0000,0x0000,0x0000,0x0000,0x0000,0x0000,0x0000,0x0000,0x0000,0x0000,0x0000,
  0x0000,0x0000,0x0000,0x0000,0x0000,0x0000,0x0000,0x0000,0x0000,0x0000,0x2965,0xdefb,
  0xd658,0xd678,0xe6fa,0xef3c,0xf77c,0xf77d,0xf79d,0xffbd,0xffbe,0xffbe,0xffff,0xffff,
  0xffff,0xffff,0xffff,0xffde,0xffff,0x73cf,0x0000,0x0000,0x0000,0x0000,0x0000,0x0000,
  0x0000,0x0000,0x0000,0x0000,0x0000,0x0000,0x0000,0x0000,0x0000,0x0000,0x0000,0x0000,
  0x0000,0x0000,0x0000,0x0000,0x0000,0x0000,0x0000,0x0000,0x0000,0x0000,0x0000,0x0000,
  0x0000,0x0000,0x0000,0x0000,0x0000,0x0000,0x0000,0x0000,0x0000,0x0000,0x0000,0x0000,
  0x0000,0x0000,0xad55,0xdeba,0xce58,0xe6da,0xef5c,0xf77d,0xf79d,0xf79d,0xffbe,0xffbe,
  0xffde,0xffde,0xffff,0xffff,0xffff,0xffff,0xffde,0xffbe,0xffde,0xdefb,0x10a2,0x0000,
  0x0000,0x0000,0x0000,0x0000,0x0000,0x0000,0x0000,0x0000,0x0000,0x0000,0x0000,0x0000,
  0x0000,0x0000,0x0000,0x0000,0x0000,0x0000,0x0000,0x0000,0x0000,0x0000,0x0000,0x0000,
  0x0000,0x0000,0x0000,0x0000,0x0000,0x0000,0x0000,0x0000,0x0000,0x0000,0x0000,0x0000,
  0x0000,0x0000,0x0000,0x0000,0x0000,0x528a,0xe6fb,0xc617,0xd699,0xe71b,0xf75c,0xf79d,
  0xf7bd,0xffbe,0xffbe,0xffde,0xffde,0xffde,0xffff,0xffff,0xffff,0xffff,0xffdf,0xffde,
  0xffbe,0xffff,0x738e,0x0000,0x0020,0x0000,0x0000,0x0000,0x0000,0x0000,0x0000,0x0000,
  0x0000,0x0000,0x0000,0x0000,0x0000,0x0000,0x0000,0x0000,0x0000,0x0000,0x0000,0x0000,
  0x0000,0x0000,0x0000,0x0000,0x0000,0x0000,0x0000,0x0000,0x0000,0x0000,0x0000,0x0000,
  0x0000,0x0000,0x0000,0x0000,0x0000,0x0000,0x0000,0x0000,0x0020,0xbdd7,0xce58,0xce37,
  0xdeda,0xef3c,0xf77d,0xf79d,0xffbe,0xffbe,0xffde,0xffde,0xffde,0xffde,0xffff,0xffff,
  0xffff,0xffff,0xffff,0xffff,0xffde,0xffff,0xce9a,0x0841,0x0000,0x0000,0x0000,0x0000,
  0x0000,0x0000,0x0000,0x0000,0x0000,0x0000,0x0000,0x0000,0x0000,0x0000,0x0000,0x0000,
  0x0000,0x0000,0x0000,0x0000,0x0000,0x0000,0x0000,0x0000,0x0000,0x0000,0x0000,0x0000,
  0x0000,0x0000,0x0000,0x0000,0x0000,0x0000,0x0000,0x0000,0x0000,0x0000,0x0000,0x0000,
  0x4228,0xdefb,0xc5d6,0xd678,0xe6fb,0xef5c,0xf77d,0xf79d,0xffbe,0xffbe,0xffde,0xffde,
  0xffde,0xffde,0xffff,0xffff,0xffff,0xffff,0xffff,0xffff,0xffff,0xffbe,0xffdf,0x4228,
  0x0000,0x0000,0x0000,0x0000,0x0000,0x0000,0x0000,0x0000,0x0000,0x0000,0x0000,0x0000,
  0x0000,0x0000,0x0000,0x0000,0x0000,0x0000,0x0000,0x0000,0x0000,0x0000,0x0000,0x0000,
  0x0000,0x0000,0x0000,0x0000,0x0000,0x0000,0x0000,0x0000,0x0000,0x0000,0x0000,0x0000,
  0x0000,0x0000,0x0000,0x0000,0xa514,0xd679,0xc5f6,0xde99,0xef1b,0xf75c,0xf79d,0xf79d,
  0xf79d,0xffbe,0xffde,0xffde,0xffde,0xffde,0xffff,0xffff,0xffff,0xffff,0xffff,0xffff,
  0xffff,0xffde,0xffff,0x9492,0x0000,0x0000,0x0000,0x0000,0x0000,0x0000,0x0000,0x0000,
  0x0000,0x0000,0x0000,0x0000,0x0000,0x0000,0x0000,0x0000,0x0000,0x0000,0x0000,0x0000,
  0x0000,0x0000,0x0000,0x0000,0x0000,0x0000,0x0000,0x0000,0x0000,0x0000,0x0000,0x0000,
  0x0000,0x0000,0x0000,0x0000,0x0000,0x0000,0x0000,0x18c3,0xd69a,0xc5f6,0xce37,0xdeba,
  0xef3c,0xf77c,0xf77d,0xf79d,0xffff,0xffff,0xffde,0xffde,0xffde,0xffde,0xffff,0xffff,
  0xffff,0xffff,0xffff,0xffff,0xffff,0xffde,0xffff,0xd69a,0x0841,0x0000,0x0000,0x0000,
  0x0000,0x0000,0x0000,0x0000,0x0000,0x0000,0x0000,0x0000,0x0000,0x0000,0x0000,0x0000,
  0x0000,0x0000,0x0000,0x0000,0x0000,0x0000,0x0000,0x0000,0x0000,0x0000,0x0000,0x0000,
  0x0000,0x0000,0x0000,0x0000,0x0000,0x0000,0x0000,0x0000,0x0000,0x0020,0x0000,0x52aa,
  0xe6fb,0xc5d6,0xd678,0xe6da,0xef3b,0xf79d,0xffff,0xffff,0xbdd6,0xbdf7,0xffff,0xffde,
  0xffde,0xffde,0xffff,0xffff,0xffff,0xffff,0xffdf,0xffff,0xffff,0xffff,0xffde,0xf79e,
  0x2965,0x0000,0x0000,0x0000,0x0000,0x0000,0x0000,0x0000,0x0000,0x0000,0x0000,0x0000,
  0x0000,0x0000,0x0000,0x0000,0x0000,0x0000,0x0000,0x0000,0x0000,0x0000,0x0000,0x0000,
  0x0000,0x0000,0x0000,0x0000,0x0000,0x0000,0x0000,0x0000,0x0000,0x0000,0x0000,0x0000,
  0x0000,0x0000,0x0000,0x9492,0xde99,0xc5d6,0xd678,0xe6fa,0xf77c,0xd699,0x7bef,0x4228,
  0x10a2,0xad75,0xffff,0xffbe,0xffde,0xffde,0xffff,0xc618,0x6b6d,0xffdf,0xffff,0xffff,
  0xffff,0xffff,0xffbe,0xffff,0x5acb,0x0000,0x0020,0x0000,0x0000,0x0000,0x0000,0x0000,
  0x0000,0x0000,0x0000,0x0000,0x0000,0x0000,0x0000,0x0000,0x0000,0x0000,0x0000,0x0000,
  0x0000,0x0000,0x0000,0x0000,0x0000,0x0000,0x0000,0x0000,0x0000,0x0000,0x0000,0x0000,
  0x0000,0x0000,0x0000,0x0000,0x0000,0x0000,0x0000,0xbdb6,0xce37,0xc5f6,0xd699,0xe6fa,
  0xf79d,0xad54,0x39e7,0x630b,0xc617,0xffff,0xffbe,0xffde,0xffde,0xffde,0xffff,0xe71b,
  0x3186,0x4208,0x9cf3,0xef5d,0xffff,0xffdf,0xffbe,0xffff,0x8410,0x0000,0x0020,0x0000,
  0x0000,0x0000,0x0000,0x0000,0x0000,0x0000,0x0000,0x0000,0x0000,0x0000,0x0000,0x0000,
  0x0000,0x0000,0x0000,0x0000,0x0000,0x0000,0x0000,0x0000,0x0000,0x0000,0x0000,0x0000,
  0x0000,0x0000,0x0000,0x0000,0x0000,0x0000,0x0000,0x0000,0x0000,0x0000,0x10a2,0xce79,
  0xc5d6,0xce17,0xd699,0xe71b,0xef3b,0xf77d,0xffde,0xfffe,0xffbe,0xf79d,0xffde,0xffde,
  0xffde,0xffde,0xffde,0xffff,0xef5c,0x7bef,0x4228,0xc638,0xffff,0xffde,0xffde,0xffff,
  0x9cf3,0x0000,0x0000,0x0000,0x0000,0x0000,0x0000,0x0000,0x0000,0x0000,0x0000,0x0000,
  0x0000,0x0000,0x0000,0x0000,0x0000,0x0000,0x0000,0x0000,0x0000,0x0000,0x0000,0x0000,
  0x0000,0x0000,0x0000,0x0000,0x0000,0x0000,0x0000,0x0000,0x0000,0x0000,0x0000,0x0000,
  0x0000,0x0000,0x3186,0xdeba,0xbdb5,0xce37,0xdeb9,0xe71b,0xe71b,0xe6fb,0xef1b,0xf79d,
  0xf7be,0xf75c,0xffbe,0xffde,0xffde,0xffde,0xffde,0xffbe,0xffbd,0xffff,0xffff,0xffff,
  0xffff,0xffff,0xffde,0xffff,0xad55,0x0000,0x0000,0x0000,0x0000,0x0000,0x0000,0x0000,
  0x0000,0x0000,0x0000,0x0000,0x0000,0x0000,0x0000,0x0000,0x0000,0x0000,0x0000,0x0000,
  0x0000,0x0000,0x0000,0x0000,0x0000,0x0000,0x0000,0x0000,0x0000,0x0000,0x0000,0x0000,
  0x0000,0x0000,0x0000,0x0000,0x0000,0x0000,0x4a49,0xdeda,0xbdb5,0xce58,0xdeb9,0xe71b,
  0xd678,0xdeb9,0xf79d,0xffde,0xffff,0xffff,0xf79d,0xffde,0xffde,0xffde,0xffde,0xef5c,
  0xffbe,0xffbe,0xf79d,0xffde,0xffff,0xffdf,0xffde,0xffff,0xad96,0x0000,0x0000,0x0000,
  0x0000,0x0000,0x0000,0x0000,0x0000,0x0000,0x0000,0x0000,0x0000,0x0000,0x0000,0x0000,
  0x0000,0x0000,0x0000,0x0000,0x0000,0x0000,0x0000,0x0000,0x0000,0x0000,0x0000,0x0000,
  0x0000,0x0000,0x0000,0x0000,0x0000,0x0000,0x0000,0x0000,0x0020,0x0000,0x632c,0xdeba,
  0xbd95,0xce58,0xdeba,0xe71b,0xd658,0xf75c,0xffde,0xef5c,0xdeba,0xce38,0xef5c,0xffde,
  0xffde,0xffff,0xe71b,0xffde,0xffff,0xffff,0xffdf,0xf79d,0xffde,0xffff,0xffbe,0xffff,
  0xad75,0x0000,0x0000,0x0000,0x0000,0x0000,0x0000,0x0000,0x0000,0x0000,0x0000,0x0000,
  0x0000,0x0000,0x0000,0x0000,0x0000,0x0000,0x0000,0x0000,0x0000,0x0000,0x0000,0x0000,
  0x0000,0x0000,0x0000,0x0000,0x0000,0x0000,0x0000,0x0000,0x0000,0x0000,0x0000,0x0000,
  0x0020,0x0000,0x8410,0xd699,0xbdb5,0xce37,0xe6da,0xdeba,0xbd95,0x9471,0x4a48,0x39c7,
  0xa4f3,0x7bce,0xef5c,0xffde,0xffbe,0xffff,0xad75,0x62eb,0xad75,0xef7d,0xffff,0xffde,
  0xffbe,0xffff,0xffbe,0xffff,0xa514,0x0000,0x0000,0x0000,0x0000,0x0000,0x0000,0x0000,
  0x0000,0x0000,0x0000,0x0000,0x0000,0x0000,0x0000,0x0000,0x0000,0x0000,0x0000,0x0000,
  0x0000,0x0000,0x0000,0x0000,0x0000,0x0000,0x0000,0x0000,0x0000,0x0000,0x0000,0x0000,
  0x0000,0x0000,0x0000,0x0000,0x0000,0x0000,0x9cd3,0xd679,0xbdb5,0xce57,0xe6fa,0xce58,
  0xbdd6,0x6b4d,0x0000,0x0000,0x0841,0x9492,0xffbe,0xffbe,0xffde,0xffff,0xa514,0x0000,
  0x18c3,0xad75,0xa513,0xef7d,0xffde,0xffde,0xffbe,0xffff,0x9492,0x0000,0x0000,0x0000,
  0x0000,0x0000,0x0000,0x0000,0x0000,0x0000,0x0000,0x0000,0x0000,0x0000,0x0000,0x0000,
  0x0000,0x0000,0x0000,0x0000,0x0000,0x0000,0x0000,0x0000,0x0000,0x0000,0x0000,0x0000,
  0x0000,0x0000,0x0000,0x0000,0x0000,0x0000,0x0000,0x0000,0x0000,0x0000,0xad75,0xce38,
  0xbdb6,0xce58,0xdeda,0xdeb9,0xc618,0xdeba,0x41e7,0x10a2,0x4a69,0xd699,0xffde,0xffbe,
  0xffde,0xffff,0xad54,0x0000,0x0841,0x18e3,0x9492,0xce59,0xef5c,0xffff,0xffbe,0xffff,
  0x8410,0x0000,0x0020,0x0000,0x0000,0x0000,0x0000,0x0000,0x0000,0x0000,0x0000,0x0000,
  0x0000,0x0000,0x0000,0x0000,0x0000,0x0000,0x0000,0x0000,0x0000,0x0000,0x0000,0x0000,
  0x0000,0x0000,0x0000,0x0000,0x0000,0x0000,0x0000,0x0000,0x0000,0x0000,0x0000,0x0000,
  0x0000,0x0000,0xbdf7,0xc5f7,0xc5d6,0xd658,0xdeba,0xef3b,0xce58,0xc638,0xd69a,0xbdd7,
  0xd679,0xf77d,0xffbe,0xffbe,0xffde,0xffff,0xe71c,0x6b4d,0x18e3,0x5aaa,0xffff,0xdeda,
  0xf7be,0xffff,0xffbd,0xffff,0x738e,0x0000,0x0020,0x0000,0x0000,0x0000,0x0000,0x0000,
  0x0000,0x0000,0x0000,0x0000,0x0000,0x0000,0x0000,0x0000,0x0000,0x0000,0x0000,0x0000,
  0x0000,0x0000,0x0000,0x0000,0x0000,0x0000,0x0000,0x0000,0x0000,0x0000,0x0000,0x0000,
  0x0000,0x0000,0x0000,0x0000,0x0000,0x1082,0xce59,0xbdb6,0xc5f6,0xd658,0xe6da,0xef3b,
  0xf77d,0xe71b,0xdeda,0xef5c,0xffff,0xffff,0xffff,0xffde,0xffde,0xffde,0xffff,0xd6ba,
  0xce79,0xf79e,0xd6ba,0xe73c,0xffff,0xffde,0xf79d,0xffff,0x5aeb,0x0000,0x0020,0x0000,
  0x0000,0x0000,0x0000,0x0000,0x0000,0x0000,0x0000,0x0000,0x0000,0x0000,0x0000,0x0000,
  0x0000,0x0000,0x0000,0x0000,0x0000,0x0000,0x0000,0x0000,0x0000,0x0000,0x0000,0x0000,
  0x0000,0x0000,0x0000,0x0000,0x0000,0x0000,0x0000,0x0000,0x0000,0x10c4,0xce9a,0xc5b5,
  0xbdd6,0xce58,0xe6da,0xef3b,0xf77c,0xf79d,0xffff,0xdeba,0x6b4c,0x9471,0xdeda,0xffde,
  0xffff,0xffde,0xf7be,0xffff,0xef5d,0xdefb,0xf77d,0xffff,0xffde,0xffde,0xf79d,0xffdf,
  0x4a49,0x0000,0x0000,0x0000,0x0000,0x0000,0x0000,0x0000,0x0000,0x0000,0x0000,0x0000,
  0x0000,0x0000,0x0000,0x0000,0x0000,0x0000,0x0000,0x0000,0x0000,0x0000,0x0000,0x0000,
  0x0000,0x0000,0x0000,0x0000,0x0000,0x0000,0x0000,0x0000,0x0000,0x0000,0x0000,0x0000,
  0x0000,0x1146,0x553a,0xad75,0xd616,0xd657,0xdeba,0xe71b,0xef5c,0xef7c,0xffff,0x528a,
  0x0000,0x0000,0x0000,0x1904,0x31a6,0x3185,0x2104,0x9491,0xffff,0xffff,0xffff,0xffdf,
  0xffde,0xffde,0xf79d,0xf7be,0x39c7,0x0000,0x0000,0x0000,0x0000,0x0000,0x0000,0x0000,
  0x0000,0x0000,0x0000,0x0000,0x0000,0x0000,0x0000,0x0000,0x0000,0x0000,0x0000,0x0000,
  0x0000,0x0000,0x0000,0x0000,0x0000,0x0000,0x0000,0x0000,0x0000,0x0000,0x0000,0x0000,
  0x0000,0x0000,0x0000,0x0020,0x10a2,0x10c3,0x13d7,0x1396,0x6cb6,0xb5f7,0xe6b9,0xf75b,
  0xff7c,0xf77c,0xffde,0x9492,0x3042,0x8146,0x7946,0x4883,0x2000,0x0000,0x0000,0x41e7,
  0xffff,0xffde,0xffdf,0xffdf,0xffde,0xffde,0xffbe,0xf79e,0x2145,0x0000,0x0000,0x0000,
  0x0000,0x0000,0x0000,0x0000,0x0000,0x0000,0x0000,0x0000,0x0000,0x0000,0x0000,0x0000,
  0x0000,0x0000,0x0000,0x0000,0x0000,0x0000,0x0000,0x0000,0x0000,0x0000,0x0000,0x0000,
  0x0000,0x0000,0x0000,0x0000,0x0000,0x0000,0x0020,0x18e3,0x18e3,0x0862,0x1334,0x0336,
  0x02d6,0x0398,0x2c9a,0x659b,0xae9c,0xef7d,0xffbd,0xffde,0xd618,0xdd15,0xed35,0xf535,
  0xdc32,0x49a7,0x4228,0xd679,0xffff,0xffde,0xffff,0xfffe,0xfffe,0xfffe,0xef9e,0x7e7e,
  0x0905,0x0000,0x0000,0x0000,0x0000,0x0000,0x0000,0x0000,0x0000,0x0000,0x0000,0x0000,
  0x0000,0x0000,0x0000,0x0000,0x0000,0x0000,0x0000,0x0000,0x0000,0x0000,0x0000,0x0000,
  0x0000,0x0000,0x0000,0x0000,0x0000,0x0000,0x0000,0x0000,0x0000,0x0000,0x18e3,0x2104,
  0x2945,0x0001,0x0ad4,0x0336,0x02f5,0x0378,0x03da,0x03fa,0x047c,0x353c,0xa69d,0xff9d,
  0xfffe,0xf7be,0xe77c,0xe77d,0xefbe,0xffdf,0xffff,0xffff,0xfffe,0xffff,0xf7df,0xd79f,
  0xb73f,0x86be,0x2ddf,0x1d3c,0x31c7,0x1082,0x0000,0x0000,0x0000,0x0000,0x0000,0x0000,
  0x0000,0x0000,0x0000,0x0000,0x0000,0x0000,0x0000,0x0000,0x0000,0x0000,0x0000,0x0000,
  0x0000,0x0000,0x0000,0x0000,0x0000,0x0000,0x0000,0x0000,0x0000,0x0000,0x0000,0x0000,
  0x0000,0x10a2,0x18e3,0x31c7,0x0840,0x0907,0x02d4,0x02f4,0x02f6,0x0398,0x143a,0x4d5c,
  0x14bc,0x04bc,0x04bc,0x4dbd,0xc71e,0xffbd,0xffbd,0xffbd,0xffde,0xfffe,0xfffe,0xffde,
  0xd79f,0x8edf,0x565f,0x35ff,0x1ddf,0x159f,0x15bf,0x14ba,0x31a7,0x41e7,0x0841,0x0000,
  0x0000,0x0000,0x0000,0x0000,0x0000,0x0000,0x0000,0x0000,0x0000,0x0000,0x0000,0x0000,
  0x0000,0x0000,0x0000,0x0000,0x0000,0x0000,0x0000,0x0000,0x0000,0x0000,0x0000,0x0000,
  0x0000,0x0000,0x0000,0x0000,0x0841,0x18c3,0x2965,0x2145,0x0000,0x2aef,0x1376,0x0294,
  0x0316,0x0358,0x6d7a,0xfffe,0x65dd,0x04bc,0x2d5d,0x04fd,0x153d,0x5e1e,0xa6fe,0xcf5e,
  0xcf7e,0xbf3f,0x9eff,0x667f,0x3e1f,0x463f,0x4e3f,0x2dff,0x2dff,0x25be,0x15bf,0x0417,
  0x0841,0x4249,0x3186,0x0000,0x0000,0x0000,0x0000,0x0000,0x0000,0x0000,0x0000,0x0000,
  0x0000,0x0000,0x0000,0x0000,0x0000,0x0000,0x0000,0x0000,0x0000,0x0000,0x0000,0x0000,
  0x0000,0x0000,0x0000,0x0000,0x0000,0x0000,0x0000,0x0000,0x10a2,0x18c3,0x39c7,0x10a3,
  0x0000,0x33b1,0x1b97,0x0273,0x0316,0x0378,0x3479,0xcebb,0x6dfd,0x6dfd,0xf7df,0xa6ff,
  0x153e,0x0d3e,0x155e,0x1d9e,0x25be,0x1dbf,0x25df,0x5e5f,0x5e7f,0x565f,0x565f,0x25df,
  0x2ddf,0x1dbe,0x0d9f,0x0bf6,0x0000,0x2124,0x4a49,0x1082,0x0000,0x0000,0x0000,0x0000,
  0x0000,0x0000,0x0000,0x0000,0x0000,0x0000,0x0000,0x0000,0x0000,0x0000,0x0000,0x0000,
  0x0000,0x0000,0x0000,0x0000,0x0000,0x0000,0x0000,0x0000,0x0000,0x0000,0x0000,0x0000,
  0x18c2,0x2124,0x3186,0x0861,0x0000,0x3c14,0x1376,0x0273,0x0336,0x0398,0x03b9,0x0c5b,
  0x045b,0x861c,0xffde,0xffff,0xaf1f,0x155e,0x0d3e,0x155e,0x157e,0x4e1f,0xbf5f,0xf7ff,
  0xffff,0x7ebf,0x9f1f,0x86bf,0x1dbf,0x1dbe,0x0d9f,0x23d4,0x0820,0x0862,0x4228,0x2965,
  0x0000,0x0000,0x0000,0x0000,0x0000,0x0000,0x0000,0x0000,0x0000,0x0000,0x0000,0x0000,
  0x0000,0x0000,0x0000,0x0000,0x0000,0x0000,0x0000,0x0000,0x0000,0x0000,0x0000,0x0000,
  0x0000,0x0000,0x0000,0x0841,0x10a2,0x2965,0x2145,0x0000,0x0000,0x3c76,0x0b56,0x0273,
  0x0337,0x0378,0x1439,0xdf1d,0x965d,0xbebc,0xf79e,0xdf5e,0xffde,0xe79f,0x9edf,0x8ebf,
  0xbf3f,0xffff,0xffff,0xffff,0xffff,0xa71f,0x769f,0x4e3f,0x25df,0x1d9e,0x15bf,0x2bb2,
  0x0000,0x0062,0x3166,0x39e7,0x0020,0x0000,0x0000,0x0000,0x0000,0x0000,0x0000,0x0000,
  0x0000,0x0000,0x0000,0x0000,0x0000,0x0000,0x0000,0x0000,0x0000,0x0000,0x0000,0x0000,
  0x0000,0x0000,0x0000,0x0000,0x0000,0x0000,0x0000,0x0861,0x10a2,0x2965,0x2145,0x0000,
  0x0040,0x3cb8,0x0b36,0x0294,0x0357,0x0398,0x03d9,0x655a,0xa65c,0x6ddc,0x2d3d,0x1d1d,
  0x2d7d,0x765e,0x9ede,0x9edf,0x665f,0x5e5f,0x96ff,0xffff,0xefbf,0x463f,0x35ff,0x15bf,
  0x2ddf,0x159e,0x15bf,0x3370,0x0000,0x0882,0x2104,0x4228,0x0861,0x0000,0x0000,0x0000,
  0x0000,0x0000,0x0000,0x0000,0x0000,0x0000,0x0000,0x0000,0x0000,0x0000,0x0000,0x0000,
  0x0000,0x0000,0x0000,0x0000,0x0000,0x0000,0x0000,0x0000,0x0000,0x0000,0x0000,0x0861,
  0x1082,0x3186,0x2145,0x0000,0x0882,0x3cd8,0x0315,0x02b4,0x0357,0x0bd8,0x1c59,0x0c5a,
  0x041b,0x049c,0x049c,0x763d,0x96be,0x359e,0x5e3e,0x0d5e,0x86bf,0x35ff,0x1dbf,0x5e7f,
  0xe7bf,0xa71f,0xb73f,0x86df,0x15bf,0x157e,0x1ddf,0x2aee,0x0000,0x08a3,0x18e3,0x4228,
  0x10a2,0x0000,0x0000,0x0000,0x0000,0x0000,0x0000,0x0000,0x0000,0x0000,0x0000,0x0000,
  0x0000,0x0000,0x0000,0x0000,0x0000,0x0000,0x0000,0x0000,0x0000,0x0000,0x0000,0x0000,
  0x0000,0x0000,0x0000,0x0861,0x1082,0x3186,0x2986,0x0000,0x10c3,0x3cd9,0x02f5,0x02b4,
  0x0337,0x8dba,0xef1c,0xd71c,0xbedd,0xe77d,0x3d7d,0x4ddd,0x4dde,0xaeff,0xc75f,0x259e,
  0xffff,0x4e3f,0x1dbf,0x25df,0x461f,0x86df,0x96ff,0x9eff,0x463f,0x157e,0x25ff,0x2a8b,
  0x0000,0x08a3,0x18e3,0x4228,0x18e3,0x0000,0x0000,0x0000,0x0000,0x0000,0x0000,0x0000,
  0x0000,0x0000,0x0000,0x0000,0x0000,0x0000,0x0000,0x0000,0x0000,0x0000,0x0000,0x0000,
  0x0000,0x0000,0x0000,0x0000,0x0000,0x0000,0x0000,0x0861,0x1082,0x2944,0x2965,0x0000,
  0x1104,0x3cfa,0x02f4,0x02d4,0x0337,0xbe7a,0x5d5b,0xbebc,0x9e7d,0xc71d,0x8e7e,0x9ebe,
  0x7e7e,0xaf1f,0x96bf,0x35de,0xe7bf,0x563f,0xaf1f,0x667f,0x7ebf,0x35ff,0x665f,0x2ddf,
  0xd77f,0x1d7e,0x25ff,0x2209,0x0000,0x10c3,0x1904,0x4a49,0x18c3,0x0000,0x0000,0x0000,
  0x0000,0x0000,0x0000,0x0000,0x0000,0x0000,0x0000,0x0000,0x0000,0x0000,0x0000,0x0000,
  0x0000,0x0000,0x0000,0x0000,0x0000,0x0000,0x0000,0x0000,0x0000,0x0000,0x0000,0x0020,
  0x0020,0x2944,0x5b0c,0x39c7,0x1966,0x3cd9,0x02f4,0x02f5,0x0377,0xc67a,0x2c9a,0xbebc,
  0x453c,0x9e7d,0x8e5d,0xbf1e,0x7e7e,0xbf3f,0x7e9f,0x45ff,0xf7df,0xe7bf,0x96ff,0x96ff,
  0xc75f,0x6e9f,0xe79f,0x25bf,0x35df,0x0d5e,0x35ff,0x19a7,0x0000,0x0041,0x0882,0x4208,
  0x18e3,0x0000,0x0000,0x0000,0x0000,0x0000,0x0000,0x0000,0x0000,0x0000,0x0000,0x0000,
  0x0000,0x0000,0x0000,0x0000,0x0000,0x0000,0x0000,0x0000,0x0000,0x0000,0x0000,0x0000,
  0x0000,0x0000,0x0000,0x0020,0x7bcf,0xe6fb,0xffff,0xffdf,0x9db7,0x2458,0x02f4,0x0356,
  0x0b97,0xce9a,0x2c7a,0xdf1c,0x455c,0xc6fd,0x7e3d,0xc73e,0x765e,0xd77f,0x5e3e,0x563f,
  0xf7df,0xffff,0x3e1f,0x9f1f,0x9eff,0x6e9f,0xc75f,0x159f,0x1dbf,0x157e,0x35de,0x1104,
  0x0861,0x52ec,0x6b4d,0x5aca,0x0861,0x0000,0x0000,0x0000,0x0000,0x0000,0x0000,0x0000,
  0x0000,0x0000,0x0000,0x0000,0x0000,0x0000,0x0000,0x0000,0x0000,0x0000,0x0000,0x0000,
  0x0000,0x0000,0x0000,0x0000,0x0000,0x0000,0x0000,0x736d,0xe6fb,0xdedb,0xe71c,0xef3c,
  0xb67b,0x1bf7,0x0273,0x0316,0x0316,0x2c38,0x0bf9,0x6d7b,0x149b,0x965d,0x4d9d,0xc71e,
  0x4dde,0xcf5f,0xdf9f,0xa6ff,0xc75f,0x8edf,0xdfbf,0x86df,0xf7df,0xdfbf,0xa71f,0x0d9f,
  0x25bf,0x1d9f,0x359d,0x10e4,0x7c73,0xe73d,0xffdf,0xffdf,0x9cd3,0x0020,0x0000,0x0000,
  0x0000,0x0000,0x0000,0x0000,0x0000,0x0000,0x0000,0x0000,0x0000,0x0000,0x0000,0x0000,
  0x0000,0x0000,0x0000,0x0000,0x0000,0x0000,0x0000,0x0000,0x0000,0x0000,0x0000,0x840f,
  0xb575,0xce79,0xf79e,0xffdf,0xf7be,0x9d77,0x4b72,0x5c55,0x5476,0x1bf8,0x0399,0x03da,
  0x043a,0x047b,0x049c,0x1d1d,0x151d,0x359d,0x5e1e,0x45de,0x561e,0x25be,0x7e9f,0x35ff,
  0x5e5f,0xdf9f,0x86bf,0x0d7f,0x1d9e,0x055f,0x1d1b,0x08c3,0x9556,0xce9a,0xdedb,0xdefb,
  0xffff,0x632c,0x0000,0x0020,0x0000,0x0000,0x0000,0x0000,0x0000,0x0000,0x0000,0x0000,
  0x0000,0x0000,0x0000,0x0000,0x0000,0x0000,0x0000,0x0000,0x0000,0x0000,0x0000,0x0000,
  0x0000,0x0000,0x0000,0x2104,0xc5f7,0xe6fb,0xf79e,0xffdf,0xffff,0xef5c,0xacf2,0xcdd5,
  0xde57,0xde99,0x859a,0x041a,0x043b,0x0c7b,0x0cbc,0x04dc,0x04dd,0x04fd,0x051d,0x0d3e,
  0x053e,0x259e,0x159e,0xbf5f,0xc77f,0xe7bf,0x2ddf,0x0d5e,0x561e,0x8edf,0x7537,0x6baf,
  0xef9e,0xffdf,0xffff,0xf79e,0xdeda,0x4a69,0x0000,0x0000,0x0000,0x0000,0x0000,0x0000,
  0x0000,0x0000,0x0000,0x0000,0x0000,0x0000,0x0000,0x0000,0x0000,0x0000,0x0000,0x0000,
  0x0000,0x0000,0x0000,0x0000,0x0000,0x0000,0x0000,0x39c7,0xce58,0xdeba,0xf79e,0xffff,
  0xffdf,0xffff,0xad75,0xb575,0xd658,0xdeb9,0xf73a,0xb67b,0x34fb,0x049b,0x049c,0x151d,
  0x55dd,0xaedd,0xd73d,0xc71e,0x765e,0x259e,0x159e,0x565f,0x8ebf,0x2ddf,0x1dbf,0xa6ff,
  0xfffe,0xffbd,0xc5d7,0xd6fc,0xffdf,0xffdf,0xffdf,0xffff,0xd6ba,0x0000,0x0000,0x0000,
  0x0000,0x0000,0x0000,0x0000,0x0000,0x0000,0x0000,0x0000,0x0000,0x0000,0x0000,0x0000,
  0x0000,0x0000,0x0000,0x0000,0x0000,0x0000,0x0000,0x0000,0x0000,0x0000,0x0000,0x4a49,
  0xce58,0xd699,0xf77d,0xffff,0xe71c,0xffff,0xce58,0xb554,0xde99,0xdeba,0xe6fa,0xf75c,
  0xf77c,0xcefc,0xbefd,0xdf5d,0xffbd,0xffde,0xffde,0xffde,0xffde,0xcf5e,0x769f,0x461f,
  0x3dff,0x769f,0xe79f,0xfffe,0xffff,0xdefb,0xad75,0xef7e,0xef7d,0xf7be,0xffff,0xffff,
  0xef7d,0x18c3,0x0000,0x0000,0x0000,0x0000,0x0000,0x0000,0x0000,0x0000,0x0000,0x0000,
  0x0000,0x0000,0x0000,0x0000,0x0000,0x0000,0x0000,0x0000,0x0000,0x0000,0x0000,0x0000,
  0x0000,0x0000,0x0000,0x4228,0xce38,0xce38,0xef3c,0xffff,0xbdb6,0xe71b,0xffbe,0xb574,
  0xd678,0xdeda,0xe71b,0xef5c,0xf77d,0xffbd,0xffbd,0xffbd,0xf79d,0xf7be,0xffbe,0xffbe,
  0xffbe,0xfffe,0xfffe,0xffde,0xfffe,0xfffe,0xfffe,0xffde,0xffff,0xce38,0xc618,0xffdf,
  0xce59,0xf79e,0xffff,0xffff,0xf79e,0x2104,0x0000,0x0000,0x0000,0x0000,0x0000,0x0000,
  0x0000,0x0000,0x0000,0x0000,0x0000,0x0000,0x0000,0x0000,0x0000,0x0000,0x0000,0x0000,
  0x0000,0x0000,0x0000,0x0000,0x0000,0x0000,0x0000,0x2945,0xc5f7,0xbdb6,0xc618,0xffff,
  0x9cd3,0xad34,0xe71c,0xb554,0xd658,0xdeb9,0xe6fb,0xef3c,0xf77d,0xf79d,0xf79d,0xf79d,
  0xf7be,0xffbe,0xffbe,0xffde,0xffde,0xffde,0xffde,0xffde,0xffde,0xffde,0xffde,0xffde,
  0xffbe,0xc5f6,0xf79e,0xe71c,0xa4f3,0xffdf,0xffbf,0xffdf,0xef5d,0x10a2,0x0000,0x0000,
  0x0000,0x0000,0x0000,0x0000,0x0000,0x0000,0x0000,0x0000,0x0000,0x0000,0x0000,0x0000,
  0x0000,0x0000,0x0000,0x0000,0x0000,0x0000,0x0000,0x0000,0x0000,0x0000,0x0000,0x0841,
  0x9cb2,0xbdd7,0xad34,0xf7be,0xd69a,0xa534,0xad54,0xad33,0xc5f6,0xd658,0xe6da,0xef1b,
  0xef5c,0xf77d,0xf79d,0xf79d,0xf7bd,0xffbe,0xffbe,0xffde,0xffde,0xffde,0xffde,0xffde,
  0xffde,0xffde,0xffde,0xffde,0xf77d,0xb554,0xdeba,0x6b4d,0xad75,0xffff,0xe73c,0xf7be,
  0xce59,0x0020,0x0000,0x0000,0x0000,0x0000,0x0000,0x0000,0x0000,0x0000,0x0000,0x0000,
  0x0000,0x0000,0x0000,0x0000,0x0000,0x0000,0x0000,0x0000,0x0000,0x0000,0x0000,0x0000,
  0x0000,0x0000,0x0000,0x0000,0x39c7,0xbdd6,0xb595,0xce79,0xffff,0xb5b6,0xbdd7,0xc5f6,
  0xbdb5,0xc5f6,0xd678,0xe6da,0xef1b,0xef5c,0xf77c,0xf77d,0xf79d,0xf79d,0xffbe,0xffbe,
  0xffbe,0xffbe,0xffde,0xffde,0xffde,0xffde,0xffbe,0xffbe,0xef3b,0xc5f7,0x2104,0x5acb,
  0xf77d,0xef7d,0xdefb,0xffff,0x7bcf,0x0000,0x0000,0x0000,0x0000,0x0000,0x0000,0x0000,
  0x0000,0x0000,0x0000,0x0000,0x0000,0x0000,0x0000,0x0000,0x0000,0x0000,0x0000,0x0000,
  0x0000,0x0000,0x0000,0x0000,0x0000,0x0000,0x0000,0x0000,0x0000,0x2124,0x738e,0x9491,
  0xd699,0x4a49,0x31a6,0xa534,0xbdd7,0xc617,0xce37,0xce58,0xd678,0xdeb9,0xe6da,0xe6fa,
  0xef3b,0xef5c,0xf77c,0xf77d,0xf77d,0xf79d,0xf79d,0xf79d,0xf79d,0xf79d,0xf77c,0xef3c,
  0xef7d,0x7bef,0x0861,0xdeda,0xf77d,0xdeba,0xef5c,0xb596,0x1082,0x0000,0x0000,0x0000,
  0x0000,0x0000,0x0000,0x0000,0x0000,0x0000,0x0000,0x0000,0x0000,0x0000,0x0000,0x0000,
  0x0000,0x0000,0x0000,0x0000,0x0000,0x0000,0x0000,0x0000,0x0000,0x0000,0x0000,0x0000,
  0x0000,0x0000,0x0000,0x0020,0x0861,0x0000,0x0000,0x0000,0x3186,0x5acb,0x7bcf,0x9492,
  0xad54,0xbdd7,0xc617,0xce58,0xd679,0xd679,0xce58,0xdeb9,0xdeda,0xe6fa,0xe6fa,0xe6fb,
  0xe6fb,0xdeda,0xd6ba,0xc638,0x7bcf,0x0020,0x0020,0x83ef,0x9492,0x9471,0x528a,0x0841,
  0x0000,0x0000,0x0000,0x0000,0x0000,0x0000,0x0000,0x0000,0x0000,0x0000,0x0000,0x0000,
  0x0000,0x0000,0x0000,0x0000,0x0000,0x0000,0x0000,0x0000,0x0000,0x0000,0x0000,0x0000,
  0x0000,0x0000,0x0000,0x0000,0x0000,0x0000,0x0000,0x0000,0x0000,0x0000,0x0000,0x0000,
  0x0020,0x0000,0x0000,0x0020,0x10a2,0x2124,0x31c7,0x4a49,0x5acb,0x9471,0xc617,0x94b2,
  0x7bef,0x7bcf,0x738e,0x6b4d,0x630c,0x4a69,0x39c7,0x18c3,0x0000,0x0000,0x0000,0x0000,
  0x0000,0x0000,0x0000,0x0000,0x0000,0x0000,0x0000,0x0000,0x0000,0x0000,0x0000,0x0000,
  0x0000,0x0000,0x0000,0x0000,0x0000,0x0000,0x0000,0x0000,0x0000,0x0000,0x0000,0x0000,
  0x0000,0x0000,0x0000,0x0000,0x0000,0x0000,0x0000,0x0000,0x0000,0x0000,0x0000,0x0000,
  0x0000,0x0000,0x0000,0x0000,0x18c3,0x10a2,0x1903,0x0841,0x0000,0x0000,0x0000,0x0000,
  0x0000,0x0841,0x9471,0x0020,0x0000,0x0000,0x0000,0x0000,0x0000,0x0000,0x18c3,0x18c3,
  0x0000,0x0000,0x0000,0x0000,0x0000,0x0000,0x0000,0x0000,0x0000,0x0000,0x0000,0x0000,
  0x0000,0x0000,0x0000,0x0000,0x0000,0x0000,0x0000,0x0000,0x0000,0x0000,0x0000,0x0000,
  0x0000,0x0000,0x0000,0x0000,0x0000,0x0000,0x0000,0x0000,0x0000,0x0000,0x0000,0x0000,
  0x0000,0x0000,0x0000,0x0000,0x0000,0x0000,0x0000,0x0000,0x18c3,0x18c3,0x3186,0x0861,
  0x0000,0x0000,0x0000,0x0000,0x0000,0x0000,0x39e7,0x0000,0x0000,0x0000,0x0000,0x0000,
  0x0861,0x0861,0x39c7,0x3186,0x0000,0x0000,0x0000,0x0000,0x0000,0x0000,0x0000,0x0000,
  0x0000,0x0000,0x0000,0x0000,0x0000,0x0000,0x0000,0x0000,0x0000,0x0000,0x0000,0x0000,
  0x0000,0x0000,0x0000,0x0000,0x0000,0x0000,0x0000,0x0000,0x0000,0x0000,0x0000,0x0000,
  0x0000,0x0000,0x0000,0x0000,0x0000,0x0000,0x0000,0x0000,0x0000,0x0000,0x0000,0x0000,
  0x10a2,0x10a2,0x2945,0x10a2,0x0000,0x0000,0x0000,0x0000,0x0000,0x0020,0x5aaa,0x0000,
  0x0000,0x0000,0x0000,0x0000,0x0841,0x0861,0x2124,0x2965,0x0020,0x0000,0x0000,0x0000,
  0x0000,0x0000,0x0000,0x0000,0x0000,0x0000,0x0000,0x0000,0x0000,0x0000,0x0000,0x0000,
  0x0000,0x0000,0x0000,0x0000,0x0000,0x0000,0x0000,0x0000,0x0000,0x0000,0x0000,0x0000,
  0x0000,0x0000,0x0000,0x0000,0x0000,0x0000,0x0000,0x0000,0x0000,0x0000,0x0000,0x0000,
  0x0000,0x0000,0x0000,0x0000,0x18c3,0x10a2,0x2124,0x18c3,0x0000,0x0000,0x0000,0x0000,
  0x0000,0x2104,0xd69a,0x0861,0x0000,0x0000,0x0000,0x0000,0x0861,0x1082,0x18e3,0x2945,
  0x0840,0x0000,0x0000,0x0000,0x0000,0x0000,0x0000,0x0000,0x0000,0x0000,0x0000,0x0000,
  0x0000,0x0000,0x0000,0x0000,0x0000,0x0000,0x0000,0x0000,0x0000,0x0000,0x0000,0x0000,
  0x0000,0x0000,0x0000,0x0000,0x0000,0x0000,0x0000,0x0000,0x0000,0x0000,0x0000,0x0000,
  0x0000,0x0000,0x0000,0x0000,0x0000,0x0000,0x0000,0x0000,0x0000,0x0000,0x18c3,0x2104,
  0x0000,0x0000,0x0000,0x0000,0x0000,0x18e3,0xa4f3,0x0861,0x0000,0x0000,0x0000,0x0000,
  0x1082,0x10a2,0x18a2,0x10a2,0x0000,0x0000,0x0000,0x0000,0x0000,0x0000,0x0000,0x0000,
  0x0000,0x0000,0x0000,0x0000,0x0000,0x0000,0x0000,0x0000,0x0000,0x0000,0x0000,0x0000,
  0x0000,0x0000,0x0000,0x0000,0x0000,0x0000,0x0000,0x0000,0x0000,0x0000,0x0000,0x0000,
  0x0000,0x0000,0x0000,0x0000,0x0000,0x0000,0x0000,0x0000,0x0000,0x0000,0x0000,0x528a,
  0xa514,0x6b6d,0x2104,0x10a2,0x52aa,0x20e3,0x0000,0x0000,0x0000,0x0000,0x0000,0x0000,
  0x0000,0x0000,0x0000,0x39c7,0x2965,0x0000,0x31a6,0x94b2,0xa514,0x2104,0x0000,0x0000,
  0x0000,0x0000,0x0000,0x0000,0x0000,0x0000,0x0000,0x0000,0x0000,0x0000,0x0000,0x0000,
  0x0000,0x0000,0x0000,0x0000,0x0000,0x0000,0x0000,0x0000,0x0000,0x0000,0x0000,0x0000,
  0x0000,0x0000,0x0000,0x0000,0x0000,0x0000,0x0000,0x0000,0x0000,0x0000,0x0000,0x0000,
  0x0020,0x0000,0x1082,0xb575,0xce59,0xffff,0xdedb,0x3186,0xd699,0xb596,0x0000,0x0000,
  0x0000,0x0000,0x0000,0x0000,0x0000,0x0000,0x2104,0xdedb,0x6b6d,0x39e7,0xf7be,0xffff,
  0xffff,0x8c51,0x0000,0x0020,0x0000,0x0000,0x0000,0x0000,0x0000,0x0000,0x0000,0x0000,
  0x0000,0x0000,0x0000,0x0000,0x0000,0x0000,0x0000,0x0000,0x0000,0x0000,0x0000,0x0000,
  0x0000,0x0000,0x0000,0x0000,0x0000,0x0000,0x0000,0x0000,0x0000,0x0000,0x0000,0x0000,
  0x0000,0x0000,0x0000,0x0000,0x0000,0x0000,0x2104,0x2965,0x18c3,0x632c,0xef5d,0x6b4d,
  0xb5b6,0x7bef,0x0000,0x0000,0x0000,0x0000,0x0000,0x0000,0x0000,0x0000,0x1082,0xb595,
  0x630c,0x8430,0xdefb,0x632c,0x39a6,0x39e7,0x10a2,0x0000,0x0000,0x0000,0x0000,0x0000,
  0x0000,0x0000,0x0000,0x0000,0x0000,0x0000,0x0000,0x0000,0x0000,0x0000,0x0000,0x0000,
  0x0000,0x0000,0x0000,0x0000,0x0000,0x0000,0x0000,0x0000,0x0000,0x0000,0x0000,0x0000,
  0x0000,0x0000,0x0000,0x0000,0x0000,0x0000,0x0000,0x0000,0x5acb,0xb596,0xce59,0x9cb2,
  0x31a6,0x18a2,0x4228,0x2965,0x18e3,0x2124,0x0841,0x0000,0x0000,0x0000,0x0000,0x0000,
  0x0000,0x0000,0x18c3,0x2945,0x0861,0x2104,0x2124,0x0861,0x4a49,0xb596,0xdedb,0xc618,
  0x6b4d,0x0000,0x0000,0x0000,0x0000,0x0000,0x0000,0x0000,0x0000,0x0000,0x0000,0x0000,
  0x0000,0x0000,0x0000,0x0000,0x0000,0x0000,0x0000,0x0000,0x0000,0x0000,0x0000,0x0000,
  0x0000,0x0000,0x0000,0x0000,0x0000,0x0000,0x0000,0x0000,0x0000,0x0000,0x0000,0x7bef,
  0xffdf,0xffdf,0xffff,0xffff,0xdefb,0x5acb,0x31a6,0x2945,0x18c3,0x2965,0x10a2,0x0000,
  0x0000,0x0000,0x0000,0x0000,0x0000,0x0000,0x31a6,0x1082,0x0020,0x0861,0x0020,0x39c7,
  0xe73c,0xffff,0xffff,0xffff,0xffff,0x94b2,0x0000,0x0000,0x0000,0x0000,0x0000,0x0000,
  0x0000,0x0000,0x0000,0x0000,0x0000,0x0000,0x0000,0x0000,0x0000,0x0000,0x0000,0x0000,
  0x0000,0x0000,0x0000,0x0000,0x0000,0x0000,0x0000,0x0000,0x0000,0x0000,0x0000,0x0000,
  0x0000,0x0000,0x2965,0xd69a,0xdefb,0xf79e,0xffdf,0xffbf,0xffff,0xad75,0x2104,0x2124,
  0x18c3,0x18c3,0x2124,0x1082,0x0020,0x0000,0x0000,0x0020,0x1082,0x10a2,0x2965,0x0841,
  0x0841,0x0841,0x0000,0x9492,0xef5d,0xef5d,0xffdf,0xffdf,0xffdf,0xffff,0x31a6,0x0000,
  0x0020,0x0000,0x0020,0x0000,0x0000,0x0000,0x0000,0x0000,0x0000,0x0000,0x0000,0x0000,
  0x0000,0x0000,0x0000,0x0000,0x0000,0x0000,0x0000,0x0000,0x0000,0x0000,0x0000,0x0000,
  0x0000,0x0000,0x0000,0x0000,0x0000,0x0000,0x630c,0xc618,0xd69a,0xf79d,0xf7be,0xffdf,
  0xffff,0xdeba,0x10a2,0x1082,0x2124,0x630c,0xbdd7,0xb575,0xa514,0x9492,0x8c71,0x9cd3,
  0xad75,0xbdf7,0x8c51,0x2965,0x1082,0x0000,0x0020,0xad34,0xd679,0xef3c,0xf7be,0xffdf,
  0xffbe,0xffff,0x6b4d,0x0000,0x0000,0x0000,0x0000,0x0000,0x0000,0x0000,0x0000,0x0000,
  0x0000,0x0000,0x0000,0x0000,0x0000,0x0000,0x0000,0x0000,0x0000,0x0000,0x0000,0x0000,
  0x0000,0x0000,0x0000,0x0000,0x0861,0x4a49,0x738e,0x8410,0x8c51,0x9471,0xb596,0xad75,
  0xbdd7,0xdeba,0xef3c,0xef7d,0xf7be,0xdedb,0x630c,0xa514,0xe71c,0xffdf,0xdeda,0xce58,
  0xce59,0xc638,0xbdd7,0xad54,0x9492,0x8c30,0xad55,0xb575,0xa4f3,0x738e,0x528a,0xad54,
  0xbdd7,0xd679,0xe71c,0xef7d,0xf77d,0xf77d,0xdeba,0xb5b6,0xad75,0x9cd3,0x8410,0x4208,
  0x0020,0x0000,0x0000,0x0000,0x0000,0x0000,0x0000,0x0000,0x0000,0x0000,0x0000,0x0000,
  0x0000,0x0000,0x0000,0x0000,0x0000,0x0000,0x0000,0x0000,0x4228,0xd6ba,0xdefb,0xdedb,
  0xb596,0x9cd3,0xad34,0xbdb6,0xd69a,0xe71c,0xef7d,0xf79e,0xf7be,0xf7be,0xffff,0xffbe,
  0xef3c,0xdedb,0xdeba,0xdefb,0xdedb,0xdedb,0xdeba,0xd69a,0xce59,0xbdd7,0xa4f3,0xa534,
  0xa4f3,0xb575,0xbdb6,0xbdb6,0xce38,0xdedb,0xef5c,0xf79e,0xf7be,0xf79e,0xef3c,0xe73c,
  0xef5d,0xef7d,0xe71b,0x738e,0x0000,0x0000,0x0000,0x0000,0x0000,0x0000,0x0000,0x0000,
  0x0000,0x0000,0x0000,0x0000,0x0000,0x0000,0x0000,0x0000,0x0000,0x0000,0x0000,0x0000,
  0x0000,0x2124,0x41e7,0x4a49,0xe71c,0xe71b,0xbdd6,0xb596,0xce38,0xe6fb,0xef7d,0xf79e,
  0xf79e,0xef7d,0xef3c,0xe71c,0xef3c,0xef5d,0xe73c,0xe71c,0xe73c,0xe71c,0xe71c,0xe6fb,
  0xe71b,0xe71c,0xe71b,0xdeda,0xd679,0xc617,0xbdd6,0xc617,0xce38,0xdeba,0xef5c,0xf77d,
  0xf77d,0xef7d,0xf77d,0xf79e,0xffff,0xc618,0x1082,0x7bcf,0x9cd3,0x2945,0x0000,0x0000,
  0x0000,0x0000,0x0000,0x0000,0x0000,0x0000,0x0000,0x0000,0x0000,0x0000,0x0000,0x0000,
  0x0000,0x0000,0x0000,0x0000,0x0000,0x2965,0x2965,0x0000,0x5acb,0xa513,0xc638,0xd679,
  0xd699,0xd679,0xce58,0xc5f7,0xd699,0xf79d,0xf79d,0xef5c,0xe73c,0xe71c,0xe71c,0xe73c,
  0xe73c,0xef3c,0xef5c,0xef5c,0xef3c,0xe73c,0xe6fb,0xdefb,0xe71b,0xe71c,0xe73c,0xe73c,
  0xef3c,0xe71c,0xbdd7,0xa513,0x9cd3,0x9cf3,0x9cf3,0x94b2,0x7bcf,0x3186,0x0841,0x6b4d,
  0x7bcf,0x2124,0x0000,0x0000,0x0000,0x0000,0x0000,0x0000,0x0000,0x0000,0x0000,0x0000,
  0x0000,0x0000,0x0000,0x0000,0x0000,0x0000,0x0000,0x0000,0x0000,0x0000,0x0000,0x0000,
  0x0000,0x0000,0x0000,0x0820,0x0861,0x0861,0x0841,0x39c6,0x2965,0x738d,0xffbe,0xffbe,
  0xffdf,0xffff,0xffff,0xffff,0xffdf,0xf77d,0xe73c,0xe73c,0xef5d,0xffbe,0xffde,0xffbe,
  0xffbe,0xffbe,0xffde,0xffff,0xffff,0xb596,0x0000,0x0000,0x0020,0x8430,0x52aa,0x0000,
  0x0000,0x0000,0x0000,0x0000,0x0000,0x0000,0x0000,0x0000,0x0000,0x0000,0x0000,0x0000,
  0x0000,0x0000,0x0000,0x0000,0x0000,0x0000,0x0000,0x0000,0x0000,0x0000,0x0000,0x0000,
  0x0000,0x0000,0x0000,0x0000,0x0000,0x0000,0x0000,0x0000,0x0000,0x0000,0x0000,0x528a,
  0x3186,0x0000,0x3186,0x5aeb,0x7bae,0x840f,0x7bef,0x6b2c,0x4228,0x2945,0x18e3,0x18e3,
  0x2945,0x4a69,0x738d,0x8c71,0x9cf3,0xa513,0x9cd3,0x8c30,0x5aeb,0x18e3,0x0000,0x0000,
  0x0020,0x18e3,0x10a2,0x0000,0x0020,0x0000,0x0000,0x0000,0x0020,0x0000,0x0000,0x0000,
  0x0000,0x0000,0x0000,0x0000,0x0000,0x0000,0x0000,0x0000,0x0000,0x0000,0x0000,0x0000,
  0x0000,0x0000,0x0000,0x0000,0x0000,0x0000,0x0000,0x0000,0x0000,0x0000,0x0000,0x0000,
  0x0000,0x0000,0x0000,0x0000,0x0000,0x0000,0x0000,0x0000,0x0000,0x0000,0x0000,0x0000,
  0x0000,0x0000,0x0000,0x0000,0x0000,0x0000,0x0000,0x0000,0x0000,0x0000,0x0000,0x0000,
  0x0000,0x0000,0x0000,0x0000,0x0000,0x0000,0x0000,0x0000,0x0000,0x0000,0x0000,0x0000,
  0x0000,0x0000,0x0000,0x0000,0x0000,0x0000,0x0000,0x0000,0x0000,0x0000,0x0000,0x0000,
  0x0000,0x0000,0x0000,0x0000,0x0000,0x0000,0x0000,0x0000,0x0000,0x0000,0x0000,0x0000,
  0x0000,0x0000,0x0000,0x0000,0x0000,0x0000,0x0000,0x0000,0x0000,0x0000,0x0000,0x0020,
  0x0020,0x0020,0x0020,0x0020,0x0000,0x0000,0x0000,0x0000,0x0000,0x0000,0x0020,0x0020,
  0x0000,0x0000,0x0000,0x0020,0x0020,0x0000,0x0000,0x0000,0x0000,0x0000,0x0000,0x0000,
  0x0000,0x0000,0x0000,0x0000,0x0000,0x0000,0x0000,0x0000,0x0000,0x0000,0x0000,0x0000,
  0x0000,0x0000,0x0000,0x0000,0x0000,0x0000,0x0000,0x0000,0x0000,0x0000,0x0000,0x0000,
  0x0000,0x0000,0x0000,0x0000,0x0000,0x0000,0x0000,0x0000,0x0000,0x0000,0x0000,0x0000,
  0x0000,0x0000,0x0000,0x0000,0x0000,0x0000,0x0000,0x0000,0x0000,0x0000,0x0000,0x0000,
  0x0000,0x0000,0x0000,0x0000,0x0000,0x0000,0x0000,0x0000,0x0000,0x0000,0x0000,0x0000,
  0x0000,0x0000,0x0000,0x0000,0x0000,0x0000,0x0000,0x0000,0x0000,0x0000,0x0000,0x0000,
  0x0000,0x0000,0x0000,0x0000,0x0000,0x0000,0x0000,0x0000,0x0000,0x0000,0x0000,0x0000,
  0x0000,0x0000,0x0000,0x0000,0x0000,0x0000,0x0000,0x0000,0x0000,0x0000,0x0000,0x0000,
  0x0000,0x0000,0x0000,0x0000,0x0000,0x0000,0x0000,0x0000,0x0000,0x0000,0x0000,0x0000,
  0x0000,0x0000,0x0000,0x0000,0x0000,0x0000,0x0000,0x0000,0x0000,0x0000,0x0000,0x0000,
  0x0000,0x0000,0x0000,0x0000,0x0000,0x0000,0x0000,0x0000,0x0000,0x0000,0x0000,0x0000,
  0x0000,0x0000,0x0000,0x0000,0x0000,0x0000,0x0000,0x0000,0x0000,0x0000,0x0000,0x0000,
  0x0000,0x0000,0x0000,0x0000,0x0000,0x0000,0x0000,0x0000,0x0000,0x0000,0x0000,0x0000,
  0x0000,0x0000,0x0000,0x0000,0x0000,0x0000,0x0000,0x0000,0x0000,0x0000,0x0000,0x0000,
  0x0000,0x0000,0x0000,0x0000,0x0000,0x0000,0x0000,0x0000,0x0000,0x0000,0x0000,0x0000,
  0x0000,0x0000,0x0000,0x0000,0x0000,0x0000,0x0000,0x0000,0x0000,0x0000,0x0000,0x0000,
  0x0000,0x0000,0x0000,0x0000,0x0000,0x0000,0x0000,0x0000,0x0000,0x0000,0x0000,0x0000,
  0x0000,0x0000,0x0000,0x0000,0x0000,0x0000,0x0000,0x0000,0x0000,0x0000,0x0000,0x0000,
  0x0000,0x0000,0x0000,0x0000,0x0000,0x0000,0x0000,0x0000,0x0000,0x0000,0x0000,0x0000,
  0x0000,0x0000,0x0000,0x0000,0x0000,0x0000,0x0000,0x0000,0x0000,0x0000,0x0000,0x0000,
  0x0000,0x0000,0x0000,0x0000,0x0000,0x0000,0x0000,0x0000,0x0000,0x0000,0x0000,0x0000,
  0x0000,0x0000,0x0000,0x0000,0x0000,0x0000,0x0000,0x0000,0x0000,0x0000,0x0000,0x0000,
  0x0000,0x0000,0x0000,0x0000,0x0000,0x0000,0x0000,0x0000,0x0000,0x0000,0x0000,0x0000,
  0x0000,0x0000,0x0000,0x0000,0x0000,0x0000,0x0000,0x0000,0x0000,0x0000,0x0000,0x0000,
  0x0000,0x0000,0x0000,0x0000,0x0000,0x0000,0x0000,0x0000,0x0000,0x0000,0x0000,0x0000,
  0x0000,0x0000,0x0000,0x0000,0x0000,0x0000,0x0000,0x0000,0x0000,0x0000,0x0000,0x0000,
  0x0000,0x0000,0x0000,0x0000,0x0000,0x0000,0x0000,0x0000,0x0000,0x0000,0x0000,0x0000,
  0x0000,0x0000,0x0000,0x0000,0x0000,0x0000,0x0000,0x0000,0x0000,0x0000,0x0000,0x0000,
  0x0000,0x0000,0x0000,0x0000,0x0000,0x0000,0x0000,0x0000,0x0000,0x0000,0x0000,0x0000,
  0x0000,0x0000,0x0000,0x0000,0x0000,0x0000,0x0000,0x0000,0x0000,0x0000,0x0000,0x0000,
  0x0000,0x0000,0x0000,0x0000,0x0000,0x0000,0x0000,0x0000,0x0000,0x0000,0x0000,0x0000,
  0x0000,0x0000,0x0000,0x0000,0x0000,0x0000,0x0000,0x0000,0x0000,0x0000,0x0000,0x0000,
  0x0000,0x0000,0x0000,0x0000,0x0000,0x0000,0x0000,0x0000,0x0000,0x0000,0x0000,0x0000,
  0x0000,0x0000,0x0000,0x0000,0x0000,0x0000,0x0000,0x0000,0x0000,0x0000,0x0000,0x0000,
  0x0000,0x0000,0x0000,0x0000,0x0000,0x0000,0x0000,0x0000,0x0000,0x0000,0x0000,0x0000,
  0x0000,0x0000,0x0000,0x0000,0x0000,0x0000,0x0000,0x0000,0x0000,0x0000,0x0000,0x0000,
  0x0000,0x0000,0x0000,0x0000,0x0000,0x0000,0x0000,0x0000,0x0000,0x0000,0x0000,0x0000,
  0x0000,0x0000,0x0000,0x0000,0x0000,0x0000,0x0000,0x0000,0x0000,0x0000,0x0000,0x0000,
  0x0000,0x0000,0x0000,0x0000,0x0000,0x0000,0x0000,0x0000,0x0000,0x0000,0x0000,0x0000,
  0x0000,0x0000,0x0000,0x0000,0x0000,0x0000,0x0000,0x0000,0x0000,0x0000,0x0000,0x0000,
  0x0000,0x0000,0x0000,0x0000,0x0000,0x0000,0x0000,0x0000,0x0000,0x0000,0x0000,0x0000,
  0x0000,0x0000,0x0000,0x0000,0x0000,0x0000,0x0000,0x0000,0x0000,0x0000,0x0000,0x0000,
  0x0000,0x0000,0x0000,0x0000,0x0000,0x0000,0x0000,0x0000,0x0000,0x0000,0x0000,0x0000,
  0x0000,0x0000,0x0000,0x0000,0x0000,0x0000,0x0000,0x0000,0x0000,0x0000,0x0000,0x0000,
};
static const uint8_t MILKY_TIRED_MASK[] PROGMEM = {
  0xff,0xff,0xff,0xff,0xff,0xff,0xff,0xff,0xff,0xff,0xff,0xff,0xff,0xff,0xff,0xff,
  0xff,0xff,0xff,0xff,0xff,0xff,0xff,0xff,0xff,0xff,0xff,0xff,0xff,0xff,0xff,0xff,
  0xff,0xff,0xff,0xff,0xff,0xff,0xff,0xff,0xff,0xff,0xff,0xff,0xff,0xff,0xff,0xff,
  0xff,0xff,0xff,0xff,0xff,0xff,0xff,0xff,0xff,0xff,0xff,0xff,0xff,0xff,0xff,0xff,
  0xff,0xff,0xff,0xff,0xff,0xff,0xff,0xff,0xff,0xff,0xff,0xff,0xff,0xff,0xff,0xff,
  0xff,0xff,0xff,0xff,0xff,0xff,0xff,0xff,0xff,0xff,0xff,0xff,0xff,0xff,0xff,0xff,
  0xff,0xff,0xff,0xff,0xff,0xff,0xff,0xff,0xff,0xff,0xff,0xff,0xff,0xff,0xff,0xff,
  0xff,0xff,0xff,0xff,0xff,0xff,0xff,0xff,0xff,0xff,0xff,0xff,0xff,0xff,0xff,0xff,
  0xff,0xff,0xff,0xff,0xff,0xff,0xff,0xff,0xff,0xff,0xff,0xff,0xff,0xff,0xff,0xff,
  0xff,0xff,0xff,0xff,0xff,0xff,0xff,0xff,0xff,0xff,0xff,0xff,0xff,0xff,0xff,0xff,
  0xff,0xff,0xff,0xff,0xff,0xff,0xff,0xff,0xff,0xff,0xff,0xff,0xff,0xff,0xff,0xff,
  0xff,0xff,0xff,0xff,0xff,0xff,0xff,0xff,0xff,0xff,0xff,0xff,0xff,0xff,0xff,0xff,
  0xff,0xff,0xff,0xff,0xff,0xff,0xff,0xff,0xff,0xff,0xff,0xff,0xff,0xff,0xff,0xff,
  0xff,0xff,0xff,0xff,0xff,0xff,0xff,0xff,0xff,0xff,0xff,0xff,0xff,0xff,0xff,0xff,
  0xff,0xff,0xff,0xff,0xff,0xff,0xff,0xff,0xff,0xff,0xff,0xff,0xff,0xff,0xff,0xff,
  0xff,0xff,0xff,0xff,0xff,0xff,0xff,0xff,0xff,0xff,0xff,0xff,0xff,0xff,0xff,0xff,
  0xff,0xff,0xff,0xff,0xff,0xff,0xff,0xff,0xff,0xff,0xff,0xff,0xff,0xff,0xff,0xff,
  0xff,0xff,0xff,0xff,0xff,0xff,0xff,0xff,0xff,0xff,0xff,0xff,0xff,0xff,0xff,0xff,
  0xff,0xff,0xff,0xff,0xff,0xff,0xff,0xff,0xff,0xff,0xff,0xff,0xff,0xff,0xff,0xff,
  0xff,0xff,0xff,0xff,0xff,0xff,0xff,0xff,0xff,0xff,0xff,0xff,0xff,0xff,0xff,0xff,
  0xff,0xff,0xff,0xff,0xff,0xff,0xff,0xff,0xff,0xff,0xff,0xff,0xff,0xff,0xff,0xff,
  0xff,0xff,0xff,0xff,0xff,0xff,0xff,0xff,0xff,0xff,0xff,0xff,0xff,0xff,0xff,0xff,
  0xff,0xff,0xff,0xff,0xff,0xff,0xff,0xff,0xff,0xff,0xff,0xff,0xff,0xff,0xff,0xff,
  0xff,0xff,0xff,0xff,0xff,0xff,0xff,0xff,0xff,0xff,0xff,0xff,0xff,0xff,0xff,0xff,
  0xff,0xff,0xff,0xff,0xff,0xff,0xff,0xff,0xff,0xff,0xff,0xff,0xff,0xff,0xff,0xff,
  0xff,0xff,0xff,0xff,0xff,0xff,0xff,0xff,0xff,0xff,0xff,0xff,0xff,0xff,0xff,0xff,
  0xff,0xff,0xff,0xff,0xff,0xff,0xff,0xff,0xff,0xff,0xff,0xff,0xff,0xff,0xff,0xff,
  0xff,0xff,0xff,0xff,0xff,0xff,0xff,0xff,0xff,0xff,0xff,0xff,0xff,0xff,0xff,0xff,
  0xff,0xff,0xff,0xff,0xff,0xff,0xff,0xff,0xff,0xff,0xff,0xff,0xff,0xff,0xff,0xff,
  0xff,0xff,0xff,0xff,0xff,0xff,0xff,0xff,0xff,0xff,0xff,0xff,0xff,0xff,0xff,0xff,
  0xff,0xff,0xff,0xff,0xff,0xff,0xff,0xff,0xff,0xff,0xff,0xff,0xff,0xff,0xff,0xff,
  0xff,0xff,0xff,0xff,0xff,0xff,0xff,0xff,0xff,0xff,0xff,0xff,0xff,0xff,0xff,0xff,
  0xff,0xff,0xff,0xff,0xff,0xff,0xff,0xff,0xff,0xff,0xff,0xff,0xff,0xff,0xff,0xff,
  0xff,0xff,0xff,0xff,0xff,0xff,0xff,0xff,0xff,0xff,0xff,0xff,0xff,0xff,0xff,0xff,
  0xff,0xff,0xff,0xff,0xff,0xff,0xff,0xff,0xff,0xff,0xff,0xff,0xff,0xff,0xff,0xff,
  0xff,0xff,0xff,0xff,0xff,0xff,0xff,0xff,0xff,0xff,0xff,0xff,0xff,0xff,0xff,0xff,
  0xff,0xff,0xff,0xff,0xff,0xff,0xff,0xff,0xff,0xff,0xff,0xff,0xff,0xff,0xff,0xff,
  0xff,0xff,0xff,0xff,0xff,0xff,0xff,0xff,0xff,0xff,0xff,0xff,0xff,0xff,0xff,0xff,
  0xff,0xff,0xff,0xff,0xff,0xff,0xff,0xff,0xff,0xff,0xff,0xff,0xff,0xff,0xff,0xff,
  0xff,0xff,0xff,0xff,0xff,0xff,0xff,0xff,0xff,0xff,0xff,0xff,0xff,0xff,0xff,0xff,
  0xff,0xff,0xff,0xff,0xff,0xff,0xff,0xff,0xff,0xff,0xff,0xff,0xff,0xff,0xff,0xff,
  0xff,0xff,0xff,0xff,0xff,0xff,0xff,0xff,0xff,0xff,0xff,0xff,0xff,0xff,0xff,0xff,
  0xff,0xff,0xff,0xff,0xff,0xff,0xff,0xff,0xff,0xff,0xff,0xff,0xff,0xff,0xff,0xff,
  0xff,0xff,0xff,0xff,0xff,0xff,0xff,0xff,0xff,0xff,0xff,0xff,0xff,0xff,0xff,0xff,
  0xff,0xff,0xff,0xff,0xff,0xff,0xff,0xff,0xff,0xff,0xff,0xff,0xff,0xff,0xff,0xff,
  0xff,0xff,0xff,0xff,0xff,0xff,0xff,0xff,0xff,0xff,0xff,0xff,0xff,0xff,0xff,0xff,
  0xff,0xff,0xff,0xff,0xff,0xff,0xff,0xff,0xff,0xff,0xff,0xff,0xff,0xff,0xff,0xff,
  0xff,0xff,0xff,0xff,0xff,0xff,0xff,0xff,0xff,0xff,0xff,0xff,0xff,0xff,0xff,0xff,
};
static const MilkySprite MILKY_TIRED = { MILKY_TIRED_PX, MILKY_TIRED_MASK, 64, 96 };

// spent: milky-exhausted-seated.png  64x96
static const uint16_t MILKY_SPENT_PX[] PROGMEM = {
  0x0000,0x0000,0x0000,0x0000,0x0000,0x0000,0x0000,0x0000,0x0000,0x0000,0x0000,0x0000,
  0x0000,0x0000,0x0000,0x0000,0x0000,0x0000,0x0000,0x0000,0x0000,0x0000,0x0000,0x0000,
  0x0000,0x0000,0x0000,0x0000,0x0000,0x0000,0x0000,0x0000,0x0000,0x0000,0x0000,0x0000,
  0x0000,0x0000,0x0000,0x0000,0x0000,0x0000,0x0000,0x0000,0x0000,0x0000,0x0000,0x0000,
  0x0000,0x0000,0x0000,0x0000,0x0000,0x0000,0x0000,0x0000,0x0000,0x0000,0x0000,0x0000,
  0x0000,0x0000,0x0000,0x0000,0x0000,0x0000,0x0000,0x0000,0x0000,0x0000,0x0000,0x0000,
  0x0000,0x0000,0x0000,0x0000,0x0000,0x0000,0x0000,0x0000,0x0000,0x0000,0x0000,0x0000,
  0x0000,0x0000,0x0000,0x0000,0x0000,0x0000,0x0000,0x0000,0x0000,0x0000,0x0000,0x0000,
  0x0000,0x0000,0x0000,0x0000,0x0000,0x0000,0x0000,0x0000,0x0000,0x0000,0x0000,0x0000,
  0x0000,0x0000,0x0000,0x0000,0x0000,0x0000,0x0000,0x0000,0x0000,0x0000,0x0000,0x0000,
  0x0000,0x0000,0x0000,0x0000,0x0000,0x0000,0x0000,0x0000,0x0000,0x0000,0x0000,0x0000,
  0x0000,0x0000,0x0000,0x0000,0x0000,0x0000,0x0000,0x0000,0x0000,0x0000,0x0000,0x0000,
  0x0000,0x0000,0x0000,0x0000,0x0000,0x0000,0x0000,0x0000,0x0000,0x0000,0x0000,0x0000,
  0x0000,0x0000,0x0000,0x0000,0x0000,0x0000,0x0000,0x0000,0x0000,0x0000,0x0000,0x0000,
  0x0000,0x0000,0x0000,0x0000,0x0000,0x0000,0x0000,0x0000,0x0000,0x0000,0x0000,0x0000,
  0x0000,0x0000,0x0000,0x0000,0x0000,0x0000,0x0000,0x0000,0x0000,0x0000,0x0000,0x0000,
  0x0000,0x0000,0x0000,0x0000,0x0000,0x0000,0x0000,0x0000,0x0000,0x0000,0x0000,0x0000,
  0x0000,0x0000,0x0000,0x0000,0x0000,0x0000,0x0000,0x0000,0x0000,0x0000,0x0000,0x0000,
  0x0000,0x0000,0x0000,0x0000,0x0000,0x0000,0x0000,0x0000,0x0000,0x0000,0x0000,0x0000,
  0x0000,0x0000,0x0000,0x0000,0x0000,0x0000,0x0000,0x0000,0x0000,0x0000,0x0000,0x0000,
  0x0000,0x0000,0x0000,0x0000,0x0000,0x0000,0x0000,0x0000,0x0000,0x0000,0x0000,0x0000,
  0x0000,0x0000,0x0000,0x0000,0x0000,0x0000,0x0000,0x0000,0x0000,0x0000,0x0000,0x0000,
  0x0000,0x0000,0x0000,0x0000,0x0000,0x0000,0x0000,0x0000,0x0000,0x0000,0x0000,0x0000,
  0x0000,0x0000,0x0000,0x0000,0x0000,0x0000,0x0000,0x0000,0x0000,0x0000,0x0000,0x0000,
  0x0000,0x0000,0x0000,0x0000,0x0000,0x0000,0x0000,0x0000,0x0000,0x0000,0x0000,0x0000,
  0x0000,0x0000,0x0000,0x0000,0x0000,0x0000,0x0000,0x0000,0x0000,0x0000,0x0000,0x0000,
  0x0000,0x0000,0x0000,0x0000,0x0000,0x0000,0x0000,0x0000,0x0000,0x0000,0x0000,0x0000,
  0x0000,0x0000,0x0000,0x0000,0x0000,0x0000,0x0000,0x0000,0x0000,0x0000,0x0000,0x0000,
  0x0000,0x0000,0x0000,0x0000,0x0000,0x0000,0x0000,0x0000,0x0000,0x0000,0x0000,0x0000,
  0x0000,0x0000,0x0000,0x0000,0x0000,0x0000,0x0000,0x0000,0x0000,0x0000,0x0000,0x0000,
  0x0000,0x0000,0x0000,0x0000,0x0000,0x0000,0x0000,0x0000,0x0000,0x0000,0x0000,0x0000,
  0x0000,0x0000,0x0000,0x0000,0x0000,0x0000,0x0000,0x0000,0x0000,0x0000,0x0000,0x0000,
  0x0000,0x0000,0x0000,0x0000,0x0000,0x0000,0x0000,0x0000,0x0000,0x0000,0x0000,0x0000,
  0x0000,0x0000,0x0000,0x0000,0x0000,0x0000,0x0000,0x0000,0x0000,0x0000,0x0000,0x0000,
  0x0000,0x0000,0x0000,0x0000,0x0000,0x0000,0x0000,0x0000,0x0000,0x0000,0x0000,0x0000,
  0x0000,0x0000,0x0000,0x0000,0x0000,0x0000,0x0000,0x0000,0x0000,0x0000,0x0000,0x0000,
  0x0000,0x0000,0x0000,0x0000,0x0000,0x0000,0x0000,0x0000,0x0000,0x0000,0x0000,0x0000,
  0x0000,0x0000,0x0000,0x0000,0x0000,0x0000,0x0000,0x0000,0x0000,0x0000,0x0000,0x0000,
  0x0000,0x0000,0x0000,0x0000,0x0000,0x0000,0x0000,0x0000,0x0000,0x0000,0x0000,0x0000,
  0x0000,0x0000,0x0000,0x0000,0x0000,0x0000,0x0000,0x0000,0x0000,0x0000,0x0000,0x0000,
  0x0000,0x0000,0x0000,0x0000,0x0000,0x0000,0x0000,0x0000,0x0000,0x0000,0x0000,0x0000,
  0x0000,0x0000,0x0000,0x0000,0x0000,0x0000,0x0000,0x0000,0x0000,0x0000,0x0000,0x0000,
  0x0000,0x0000,0x0000,0x0000,0x0000,0x0000,0x0000,0x0000,0x0000,0x0000,0x0000,0x0000,
  0x0000,0x0000,0x0000,0x0000,0x0000,0x0000,0x0000,0x0000,0x0000,0x0000,0x0000,0x0000,
  0x0000,0x0000,0x0000,0x0000,0x0000,0x0000,0x0000,0x0000,0x0000,0x0000,0x0000,0x0000,
  0x0000,0x0000,0x0000,0x0000,0x0000,0x0000,0x0000,0x0000,0x0000,0x0000,0x0000,0x0000,
  0x0000,0x0000,0x0000,0x0000,0x0000,0x0000,0x0000,0x0000,0x0000,0x0000,0x0000,0x0000,
  0x0000,0x0000,0x0000,0x0000,0x0000,0x0000,0x0000,0x0000,0x0000,0x0000,0x0000,0x0000,
  0x0000,0x0000,0x0000,0x0000,0x0000,0x0000,0x0000,0x0000,0x0000,0x0000,0x0000,0x0000,
  0x0000,0x0000,0x0000,0x0000,0x0000,0x0000,0x0000,0x0000,0x0000,0x0000,0x0000,0x0000,
  0x0000,0x0000,0x0000,0x0000,0x0000,0x0000,0x0000,0x0000,0x0000,0x0000,0x0000,0x0000,
  0x0000,0x0000,0x0000,0x0000,0x0000,0x0000,0x0000,0x0000,0x0000,0x0000,0x0000,0x0000,
  0x0000,0x0000,0x0000,0x0000,0x0000,0x0000,0x0000,0x0000,0x0000,0x0000,0x0000,0x0000,
  0x0000,0x0000,0x0000,0x0000,0x0000,0x0000,0x0000,0x0000,0x0000,0x0000,0x0000,0x0000,
  0x0000,0x0000,0x0000,0x0000,0x0000,0x0000,0x0000,0x0000,0x0000,0x0000,0x0000,0x0000,
  0x0000,0x0000,0x0000,0x0000,0x0000,0x0000,0x0000,0x0000,0x0000,0x0000,0x0000,0x0000,
  0x0000,0x0000,0x0000,0x0000,0x0000,0x0000,0x0000,0x0000,0x0000,0x0000,0x0000,0x0000,
  0x0000,0x0000,0x0000,0x0000,0x0000,0x0000,0x0000,0x0000,0x0000,0x0000,0x0000,0x0000,
  0x0000,0x0000,0x0000,0x0000,0x0000,0x0000,0x0000,0x0000,0x0000,0x0000,0x0000,0x0000,
  0x0000,0x0000,0x0000,0x0000,0x0000,0x0000,0x0000,0x0000,0x0000,0x0000,0x0000,0x0000,
  0x0000,0x0000,0x0000,0x0000,0x0000,0x0000,0x0000,0x0000,0x0000,0x0000,0x0000,0x0000,
  0x0000,0x0000,0x0000,0x0000,0x0000,0x0000,0x0000,0x0000,0x0000,0x0000,0x0000,0x0000,
  0x0000,0x0000,0x0000,0x0000,0x0000,0x0000,0x0000,0x0000,0x0000,0x0000,0x0000,0x0000,
  0x0000,0x0000,0x0000,0x0000,0x0000,0x0000,0x0000,0x0000,0x0000,0x0000,0x0000,0x0000,
  0x0000,0x0000,0x0000,0x0000,0x0000,0x0000,0x0000,0x0000,0x0000,0x0000,0x0000,0x0000,
  0x0000,0x0000,0x0000,0x0000,0x0000,0x0000,0x0000,0x0000,0x0000,0x0000,0x0000,0x0000,
  0x0000,0x0000,0x0000,0x0000,0x0000,0x0000,0x0000,0x0000,0x0000,0x0000,0x0000,0x0000,
  0x0000,0x0000,0x0000,0x0000,0x0000,0x0000,0x0000,0x0000,0x0000,0x0000,0x0000,0x0000,
  0x0000,0x0000,0x0000,0x0000,0x0000,0x0000,0x0000,0x0000,0x0000,0x0000,0x0000,0x0000,
  0x0000,0x0000,0x0000,0x0000,0x0000,0x0000,0x0000,0x0000,0x0000,0x0000,0x0000,0x0000,
  0x0000,0x0000,0x0000,0x0000,0x0000,0x0000,0x0000,0x0000,0x0000,0x0000,0x0000,0x0000,
  0x0000,0x0000,0x0000,0x0000,0x0000,0x0000,0x0000,0x0000,0x0000,0x0000,0x0000,0x0000,
  0x0000,0x0000,0x0000,0x0000,0x0000,0x0000,0x0000,0x0000,0x0000,0x0000,0x0000,0x0000,
  0x0000,0x0000,0x0000,0x0000,0x0000,0x0000,0x0000,0x0000,0x0000,0x0000,0x0000,0x0000,
  0x0000,0x0000,0x0000,0x0000,0x0000,0x0000,0x0000,0x0000,0x0000,0x0000,0x0000,0x0000,
  0x0000,0x0000,0x0000,0x0000,0x0000,0x0000,0x0000,0x0000,0x0000,0x0000,0x0000,0x0000,
  0x0000,0x0000,0x0000,0x0000,0x0000,0x0000,0x0000,0x0000,0x0000,0x0000,0x0000,0x0000,
  0x0000,0x0000,0x0000,0x0000,0x0000,0x0000,0x0000,0x0000,0x0000,0x0000,0x0000,0x0000,
  0x0000,0x0000,0x0000,0x0000,0x0000,0x0000,0x0000,0x0000,0x0000,0x0000,0x0000,0x0000,
  0x0000,0x0000,0x0000,0x0000,0x0000,0x0000,0x0000,0x0000,0x0000,0x0000,0x0000,0x0000,
  0x0000,0x0000,0x0000,0x0000,0x0000,0x0000,0x0000,0x0000,0x0000,0x0000,0x0000,0x0000,
  0x0000,0x0000,0x0000,0x0000,0x0000,0x0000,0x0000,0x0000,0x0000,0x0000,0x0000,0x0000,
  0x0000,0x0000,0x0000,0x0000,0x0000,0x0000,0x0000,0x0000,0x0000,0x0000,0x0000,0x0000,
  0x0000,0x0000,0x0000,0x0000,0x0000,0x0000,0x0000,0x0000,0x0000,0x0000,0x0000,0x0000,
  0x0000,0x0000,0x0000,0x0000,0x0000,0x0000,0x0000,0x0000,0x0000,0x0000,0x0000,0x0000,
  0x0000,0x0000,0x0000,0x0000,0x0000,0x0000,0x0000,0x0000,0x0000,0x0000,0x0000,0x0000,
  0x0000,0x0000,0x0000,0x0000,0x0000,0x0000,0x0000,0x0000,0x0000,0x0000,0x0000,0x0000,
  0x0000,0x0000,0x0000,0x0000,0x0000,0x0000,0x0000,0x0000,0x0000,0x0000,0x0000,0x0000,
  0x0000,0x0000,0x0000,0x0000,0x0000,0x0000,0x0000,0x0000,0x0000,0x0000,0x0000,0x0000,
  0x0000,0x0000,0x0000,0x0000,0x0000,0x0000,0x0000,0x0000,0x0000,0x0000,0x0000,0x0000,
  0x0000,0x0000,0x0000,0x0000,0x0000,0x0000,0x0000,0x0000,0x0000,0x0000,0x0000,0x0000,
  0x0000,0x0000,0x0000,0x0000,0x0000,0x0000,0x0000,0x0000,0x0000,0x0000,0x0000,0x0000,
  0x0000,0x0000,0x0000,0x0000,0x0000,0x0000,0x0000,0x0000,0x0000,0x0000,0x0000,0x0000,
  0x0000,0x0000,0x0000,0x0000,0x0000,0x1125,0x11ea,0x122c,0x124d,0x0a0b,0x0988,0x08c4,
  0x0021,0x0000,0x0000,0x0000,0x0000,0x0000,0x0000,0x0000,0x0000,0x0000,0x0000,0x0000,
  0x0000,0x0000,0x0000,0x0000,0x0000,0x0000,0x0000,0x0000,0x0000,0x0000,0x0000,0x0000,
  0x0000,0x0000,0x0000,0x0000,0x0000,0x0000,0x0000,0x0000,0x0000,0x0000,0x0000,0x0000,
  0x0000,0x0000,0x0000,0x0000,0x0000,0x0000,0x0000,0x0000,0x0000,0x0000,0x0000,0x0000,
  0x0000,0x0000,0x0000,0x0000,0x0000,0x0000,0x0000,0x08c3,0x2bb4,0x141b,0x041d,0x047f,
  0x04ff,0x055f,0x059f,0x0d7f,0x151b,0x0bf5,0x024c,0x00a3,0x0000,0x0000,0x0000,0x0000,
  0x0000,0x0000,0x0000,0x0000,0x0000,0x0000,0x0000,0x0000,0x0000,0x0000,0x0000,0x0000,
  0x0000,0x0000,0x0000,0x0000,0x0000,0x0000,0x0000,0x0000,0x0000,0x0000,0x0000,0x0000,
  0x0000,0x0000,0x0000,0x0000,0x0000,0x0000,0x0000,0x0000,0x0000,0x0000,0x0000,0x0000,
  0x0000,0x0000,0x0000,0x0000,0x0000,0x0000,0x0000,0x0000,0x0000,0x0000,0x0000,0x23d4,
  0x0399,0x0235,0x02f8,0x039a,0x041c,0x049d,0x051f,0x059f,0x261f,0x569f,0x5edf,0x2dde,
  0x13d3,0x0905,0x0000,0x0000,0x0000,0x0000,0x0000,0x0000,0x0000,0x0000,0x0000,0x0000,
  0x0000,0x0000,0x0000,0x0000,0x0000,0x0000,0x0000,0x0000,0x0000,0x0000,0x0000,0x0000,
  0x0000,0x0000,0x0000,0x0000,0x0000,0x0000,0x0000,0x0000,0x0000,0x0000,0x0000,0x0000,
  0x0000,0x0000,0x0000,0x0000,0x0000,0x0000,0x0000,0x0000,0x0000,0x0000,0x0000,0x0000,
  0x0000,0x0000,0x08c3,0x2479,0x02b5,0x0296,0x035a,0x03dc,0x045d,0x049e,0x04fe,0x053f,
  0x159f,0x561f,0x7e9f,0x6e9f,0x265f,0x15de,0x228c,0x0000,0x0000,0x0000,0x0000,0x0000,
  0x0000,0x0000,0x0000,0x0000,0x0000,0x0000,0x0000,0x0000,0x0000,0x0000,0x0000,0x0000,
  0x0000,0x0000,0x0000,0x0000,0x0000,0x0000,0x0000,0x0000,0x0000,0x0000,0x0000,0x0000,
  0x0000,0x0000,0x0000,0x0000,0x0000,0x0000,0x0000,0x0000,0x0000,0x0000,0x0000,0x0000,
  0x0000,0x0000,0x0000,0x0000,0x0000,0x0000,0x19e9,0x1c7b,0x0254,0x0275,0x02f8,0x039a,
  0x041c,0x049e,0x053f,0x059f,0x25ff,0x563f,0x5e3f,0x4e1f,0x1dbf,0x059f,0x263f,0x19a8,
  0x0000,0x0000,0x0000,0x0000,0x0000,0x0000,0x0000,0x0000,0x0000,0x0000,0x0000,0x0000,
  0x0000,0x0000,0x0000,0x0000,0x0000,0x0000,0x0000,0x0000,0x0000,0x0000,0x0000,0x0000,
  0x0000,0x0000,0x0000,0x0000,0x0000,0x0000,0x0000,0x0000,0x0000,0x0000,0x0000,0x0000,
  0x0000,0x0000,0x0000,0x0000,0x0000,0x0000,0x0000,0x0000,0x0000,0x0000,0x124d,0x0ab2,
  0x224d,0x32ae,0x430f,0x3b10,0x3b31,0x2b32,0x1b75,0x0c18,0x14db,0x45df,0x6e9f,0x4e7f,
  0x15bf,0x055e,0x0ddf,0x2bb2,0x0000,0x0000,0x0000,0x0000,0x0000,0x0000,0x0000,0x0000,
  0x0000,0x0000,0x0000,0x0000,0x0000,0x0000,0x0000,0x0000,0x0000,0x0000,0x0000,0x0000,
  0x0000,0x0000,0x0000,0x0000,0x0000,0x0000,0x0000,0x0000,0x0000,0x0000,0x0000,0x0000,
  0x0000,0x0000,0x0000,0x0000,0x0000,0x0000,0x0000,0x0000,0x0000,0x0000,0x0000,0x0000,
  0x0000,0x0000,0x08c5,0x6c12,0x538f,0x3aee,0x2a8d,0x32ce,0x3aed,0x4b2e,0x534f,0x5b6f,
  0x5b90,0x53d3,0x3c16,0x24db,0x059f,0x059f,0x15df,0x2b50,0x0000,0x0000,0x0000,0x0000,
  0x0000,0x0000,0x0000,0x0000,0x0000,0x0000,0x0000,0x0000,0x0000,0x0000,0x0000,0x0000,
  0x0000,0x0000,0x0000,0x0000,0x0000,0x0000,0x0000,0x0000,0x0000,0x0000,0x0000,0x0000,
  0x0000,0x0000,0x0000,0x0000,0x0000,0x0000,0x0000,0x0000,0x0000,0x0000,0x0000,0x0000,
  0x0000,0x0000,0x0000,0x0000,0x0000,0x0000,0x0000,0x8493,0x7cb5,0x3b0f,0x22ae,0x32ce,
  0x226d,0x1a4d,0x1a6d,0x32ce,0x7453,0x84b3,0x6c11,0x3ace,0x1af1,0x03d9,0x261f,0x2209,
  0x0000,0x0000,0x0000,0x0000,0x0000,0x0000,0x0000,0x0000,0x0000,0x0000,0x0000,0x0000,
  0x0000,0x0000,0x0000,0x0000,0x0000,0x0000,0x0000,0x0000,0x0000,0x0000,0x0000,0x0000,
  0x0000,0x0000,0x0000,0x0000,0x0000,0x0000,0x0000,0x0000,0x0000,0x0000,0x0000,0x0000,
  0x0000,0x0000,0x0000,0x0000,0x0000,0x0000,0x0000,0x0000,0x0000,0x0000,0x0841,0x9d56,
  0xa5b8,0x5bf2,0x6433,0x7cb4,0x5bd1,0x434f,0x432f,0x5bf2,0x9536,0x9d77,0x53f2,0x330f,
  0x3ace,0x328d,0x13b6,0x1105,0x0000,0x0000,0x0000,0x0000,0x0000,0x0000,0x0000,0x0000,
  0x0000,0x0000,0x0000,0x0000,0x0000,0x0000,0x0000,0x0000,0x0000,0x0000,0x0000,0x0000,
  0x0000,0x0000,0x0000,0x0000,0x0000,0x0000,0x0000,0x0000,0x0000,0x0000,0x0000,0x0000,
  0x0000,0x0000,0x0000,0x0000,0x0000,0x0000,0x0000,0x0000,0x0000,0x0000,0x0000,0x0000,
  0x0020,0x0000,0x6baf,0xcebb,0xb5f8,0xa597,0xadf8,0xadf8,0x7cd5,0x6c53,0x6433,0x8d36,
  0xdefc,0xdefc,0x8d16,0x7494,0x84f6,0xa577,0x0928,0x0000,0x0000,0x0000,0x0000,0x0000,
  0x0000,0x0000,0x0000,0x0000,0x0000,0x0000,0x0000,0x0000,0x0000,0x0000,0x0000,0x0000,
  0x0000,0x0000,0x0000,0x0000,0x0000,0x0000,0x0000,0x0000,0x0000,0x0000,0x0000,0x0000,
  0x0000,0x0000,0x0000,0x0000,0x0000,0x0000,0x0000,0x0000,0x0000,0x0000,0x0000,0x0000,
  0x0000,0x0000,0x0000,0x0020,0x0000,0x52cb,0xd6db,0xd678,0xdeb9,0xef3b,0xf77c,0xf79d,
  0xf77d,0xe73c,0xd6db,0xd6fc,0xf7be,0xef7e,0xb639,0xa5d8,0xcedc,0x52ab,0x0000,0x0000,
  0x0000,0x0000,0x0000,0x0000,0x0000,0x0000,0x0000,0x0000,0x0000,0x0000,0x0000,0x0000,
  0x0000,0x0000,0x0000,0x0000,0x0000,0x0000,0x0000,0x0000,0x0000,0x0000,0x0000,0x0000,
  0x0000,0x0000,0x0000,0x0000,0x0000,0x0000,0x0000,0x0000,0x0000,0x0000,0x0000,0x0000,
  0x0000,0x0000,0x0000,0x0000,0x0000,0x0000,0x0000,0x0000,0x4208,0xd6db,0xd658,0xd678,
  0xe6da,0xef1b,0xf75c,0xf77d,0xf79d,0xffbe,0xffde,0xffdf,0xffdf,0xf7be,0xef7d,0xc69b,
  0xd71d,0x4a69,0x0000,0x0020,0x0000,0x0000,0x0000,0x0000,0x0000,0x0000,0x0000,0x0000,
  0x0000,0x0000,0x0000,0x0000,0x0000,0x0000,0x0000,0x0000,0x0000,0x0000,0x0000,0x0000,
  0x0000,0x0000,0x0000,0x0000,0x0000,0x0000,0x0000,0x0000,0x0000,0x0000,0x0000,0x0000,
  0x0000,0x0000,0x0000,0x0000,0x0000,0x0000,0x0000,0x0000,0x0000,0x0000,0x0000,0x2124,
  0xce79,0xd679,0xd678,0xe6fa,0xef3b,0xef5c,0xf77d,0xf79d,0xf79d,0xf7be,0xffbe,0xffbe,
  0xffde,0xffde,0xffde,0xffbd,0xffdf,0x9492,0x0000,0x0000,0x0000,0x0000,0x0000,0x0000,
  0x0000,0x0000,0x0000,0x0000,0x0000,0x0000,0x0000,0x0000,0x0000,0x0000,0x0000,0x0000,
  0x0000,0x0000,0x0000,0x0000,0x0000,0x0000,0x0000,0x0000,0x0000,0x0000,0x0000,0x0000,
  0x0000,0x0000,0x0000,0x0000,0x0000,0x0000,0x0000,0x0000,0x0000,0x0000,0x0000,0x0000,
  0x0000,0x0000,0x0020,0xad76,0xd679,0xce58,0xdeda,0xef3b,0xef5c,0xf77c,0xf79d,0xf79d,
  0xffbe,0xffbe,0xffde,0xffde,0xffdf,0xffdf,0xffbe,0xffbe,0xffde,0xe71c,0x1082,0x0000,
  0x0000,0x0000,0x0000,0x0000,0x0000,0x0000,0x0000,0x0000,0x0000,0x0000,0x0000,0x0000,
  0x0000,0x0000,0x0000,0x0000,0x0000,0x0000,0x0000,0x0000,0x0000,0x0000,0x0000,0x0000,
  0x0000,0x0000,0x0000,0x0000,0x0000,0x0000,0x0000,0x0000,0x0000,0x0000,0x0000,0x0000,
  0x0000,0x0000,0x0000,0x0000,0x0000,0x0000,0x6b6e,0xd6ba,0xc5f7,0xde99,0xe6fa,0xef3b,
  0xf75c,0xf77d,0xf79d,0xf79d,0xffbe,0xffbe,0xffde,0xffdf,0xffff,0xffff,0xffde,0xffde,
  0xf79d,0xffff,0x6b4d,0x0000,0x0020,0x0000,0x0000,0x0000,0x0000,0x0000,0x0000,0x0000,
  0x0000,0x0000,0x0000,0x0000,0x0000,0x0000,0x0000,0x0000,0x0000,0x0000,0x0000,0x0000,
  0x0000,0x0000,0x0000,0x0000,0x0000,0x0000,0x0000,0x0000,0x0000,0x0000,0x0000,0x0000,
  0x0000,0x0000,0x0000,0x0000,0x0000,0x0000,0x0000,0x0000,0x0000,0x2104,0xce59,0xc5f7,
  0xce37,0xdeb9,0xf75c,0xff9d,0xef5c,0xf77d,0xf79d,0xf79d,0xffbe,0xffff,0xffde,0xffdf,
  0xffff,0xffff,0xffdf,0xffde,0xffbe,0xffff,0xc638,0x0000,0x0000,0x0000,0x0000,0x0000,
  0x0000,0x0000,0x0000,0x0000,0x0000,0x0000,0x0000,0x0000,0x0000,0x0000,0x0000,0x0000,
  0x0000,0x0000,0x0000,0x0000,0x0000,0x0000,0x0000,0x0000,0x0000,0x0000,0x0000,0x0000,
  0x0000,0x0000,0x0000,0x0000,0x0000,0x0000,0x0000,0x0000,0x0000,0x0000,0x0000,0x0000,
  0x0000,0x8430,0xd679,0xc5f6,0xe6da,0xef3b,0xc617,0x528a,0x5aeb,0xffbe,0xf77d,0xf79d,
  0xffbe,0xdeda,0xffde,0xffff,0xffdf,0xffff,0xffff,0xffde,0xffde,0xffbd,0xffde,0x31a6,
  0x0000,0x0000,0x0000,0x0000,0x0000,0x0000,0x0000,0x0000,0x0000,0x0000,0x0000,0x0000,
  0x0000,0x0000,0x0000,0x0000,0x0000,0x0000,0x0000,0x0000,0x0000,0x0000,0x0000,0x0000,
  0x0000,0x0000,0x0000,0x0000,0x0000,0x0000,0x0000,0x0000,0x0000,0x0000,0x0000,0x0000,
  0x0000,0x0000,0x0000,0x0000,0x18c3,0xc638,0xbdd6,0xd658,0x840f,0x3165,0x0820,0x2924,
  0xb595,0xff9d,0xf77d,0xffbe,0xf77c,0x2124,0x6b4d,0xffff,0xffff,0xffff,0xffff,0xffde,
  0xffde,0xf79d,0xffff,0x7bf0,0x0000,0x0020,0x0000,0x0000,0x0000,0x0000,0x0000,0x0000,
  0x0000,0x0000,0x0000,0x0000,0x0000,0x0000,0x0000,0x0000,0x0000,0x0000,0x0000,0x0000,
  0x0000,0x0000,0x0000,0x0000,0x0000,0x0000,0x0000,0x0000,0x0000,0x0020,0x0000,0x0000,
  0x0000,0x0000,0x0000,0x0000,0x0000,0x0000,0x0000,0x0000,0x632c,0xce79,0xbdb5,0xce17,
  0x840f,0x840f,0xc5f6,0xf77c,0xff9d,0xf77c,0xf79d,0xf79d,0xffbe,0x9cb1,0x0861,0x4a49,
  0xce7a,0xffff,0xffff,0xffde,0xffde,0xffbe,0xffff,0xbdd7,0x0000,0x0000,0x0000,0x0000,
  0x0000,0x0000,0x0000,0x0000,0x0000,0x0000,0x0000,0x0000,0x0000,0x0000,0x0000,0x0000,
  0x0000,0x0000,0x0000,0x0000,0x0000,0x0000,0x0000,0x0000,0x0000,0x0000,0x0000,0x0000,
  0x5acb,0xdefb,0x73ae,0x0000,0x0000,0x0000,0x0000,0x0000,0x0000,0x0000,0x0000,0x0000,
  0xa514,0xc5f7,0xc5d6,0xce17,0xe6fa,0xff9d,0xffde,0xffbe,0xef5c,0xf77c,0xf79d,0xf79d,
  0xffbe,0xffde,0xce58,0x630b,0x3185,0xa534,0xffff,0xffde,0xffde,0xffbe,0xffde,0xe6fb,
  0x0861,0x0000,0x0000,0x0000,0x0000,0x0000,0x0000,0x0000,0x0000,0x0000,0x0000,0x0000,
  0x0000,0x0000,0x0000,0x0000,0x0000,0x0000,0x0000,0x0000,0x0000,0x0000,0x0000,0x0000,
  0x0000,0x0000,0x0841,0x52aa,0x83ef,0xffbe,0xf7be,0x18e3,0x0000,0x0000,0x0000,0x18c3,
  0x0841,0x0020,0x0000,0x18e3,0xc618,0xbd95,0xc5d6,0xd678,0xef3b,0xffbe,0xffbd,0xffff,
  0xffde,0xf75c,0xf79d,0xffbe,0xf79d,0xef5c,0xffff,0xffff,0xef5c,0xef3c,0xffff,0xffde,
  0xffde,0xffde,0xffbe,0xf79d,0x2124,0x0000,0x0000,0x0000,0x0000,0x0000,0x0000,0x0000,
  0x0000,0x0000,0x0000,0x0000,0x0000,0x0000,0x0000,0x0000,0x0000,0x0000,0x0000,0x0000,
  0x0000,0x0000,0x0000,0x0000,0x0000,0x0000,0x5acb,0xffff,0xbdf7,0xa514,0xffff,0x7bef,
  0x0000,0x8c51,0x6b6d,0x1082,0x2924,0x18c3,0x0000,0x4a49,0xce58,0xb595,0xbd95,0xad33,
  0x9491,0x6b4d,0x8c50,0x9cd3,0xc5f7,0xffbe,0xf79d,0xf77d,0xd679,0xffde,0xffff,0xffff,
  0xffff,0xffff,0xffff,0xffde,0xffde,0xffde,0xf79d,0xffbe,0x39c7,0x0000,0x0000,0x0000,
  0x0000,0x0000,0x0000,0x0000,0x0000,0x0000,0x0000,0x0000,0x0000,0x0000,0x0000,0x0000,
  0x0000,0x0000,0x0000,0x0000,0x0000,0x0000,0x0000,0x0000,0x0000,0x0841,0x4a69,0xce38,
  0xffdf,0xad54,0xe6fb,0xd69a,0x5aaa,0xffff,0xef5d,0x0861,0x2104,0x0861,0x0000,0x738e,
  0xce58,0xbd95,0x8c50,0xad34,0x6b2c,0x0000,0x0020,0x4a49,0xd658,0xff9d,0xf79d,0xef3c,
  0x840f,0x4a69,0xad54,0xffde,0xffff,0xffff,0xffdf,0xffde,0xffde,0xffde,0xf79d,0xffde,
  0x4208,0x0000,0x0000,0x0000,0x0000,0x0000,0x0000,0x0000,0x0000,0x0000,0x0000,0x0000,
  0x0000,0x0000,0x0000,0x0000,0x0000,0x0000,0x0000,0x0000,0x0000,0x0000,0x0000,0x0000,
  0x0000,0x9cd3,0xef7d,0x9471,0xce58,0xef5d,0xdefb,0xe6fb,0xa534,0xef3c,0x8c71,0x0000,
  0x0861,0x0000,0x0000,0x94b3,0xc617,0xb574,0x9cd2,0xce79,0xdeba,0x52aa,0x4228,0xa534,
  0xf77c,0xf77d,0xf79d,0xef3c,0xa514,0x0000,0x0841,0x632c,0xb596,0xf77d,0xffdf,0xffde,
  0xffde,0xffbe,0xf79d,0xf7be,0x39e7,0x0000,0x0000,0x0000,0x0000,0x0000,0x0000,0x0000,
  0x0000,0x0000,0x0000,0x0000,0x0000,0x0000,0x0000,0x0000,0x0000,0x0000,0x0000,0x0000,
  0x0000,0x0000,0x0000,0x0000,0x0000,0x738d,0xf79e,0xf7be,0xc617,0xef5c,0xf77d,0xdedb,
  0xce59,0xffbe,0x5acb,0x0000,0x0000,0x0000,0x0020,0xb596,0xc5d6,0xbd95,0xad33,0xad34,
  0xd6ba,0xef5c,0xdedb,0xe6fb,0xf77d,0xf77d,0xffbe,0xe71b,0xce79,0x6b4d,0x0861,0x6b4d,
  0xe71c,0xb595,0xe71b,0xffff,0xffbe,0xffbe,0xf79d,0xef7d,0x2945,0x0000,0x0000,0x0000,
  0x0000,0x0000,0x0000,0x0000,0x0000,0x0000,0x0000,0x0000,0x0000,0x0000,0x0000,0x0000,
  0x0000,0x0000,0x0000,0x0000,0x0000,0x0000,0x0000,0x0000,0x0000,0x0000,0x5269,0xd679,
  0xef7d,0xf77d,0xe71b,0xdeba,0xf79e,0xffff,0x52aa,0x0000,0x0020,0x0000,0x18e3,0xc618,
  0xbdb5,0xbdb5,0xc5f6,0xb595,0xb595,0xc617,0xdeba,0xef3b,0xef5c,0xf77d,0xf79d,0xffbd,
  0xce79,0xe73c,0xe73c,0xffff,0xffff,0xd69a,0xf77d,0xffde,0xffbe,0xf7bd,0xf79d,0xe71b,
  0x10a2,0x0000,0x0000,0x0000,0x0000,0x0000,0x0000,0x0000,0x0000,0x0000,0x0000,0x0000,
  0x0000,0x0000,0x0000,0x0000,0x0000,0x0000,0x0000,0x0000,0x0000,0x0000,0x0000,0x0000,
  0x0000,0x0000,0x0000,0x39c7,0xdeba,0xef7d,0xef5d,0xdeba,0xef5d,0xe73c,0x2124,0x0000,
  0x0020,0x0000,0x39e7,0xce59,0xbdb5,0xc5d6,0xd658,0xde99,0xdeb9,0xe6da,0xf79d,0xffde,
  0xffde,0xffbe,0xffbe,0xffbe,0xf77d,0xce58,0xdedb,0xe71c,0xd679,0xe73c,0xffff,0xffbe,
  0xffbe,0xf79d,0xffbe,0xce59,0x0000,0x0000,0x0000,0x0000,0x0000,0x0000,0x0000,0x0000,
  0x0000,0x0000,0x0000,0x0000,0x0000,0x0000,0x0000,0x0000,0x0000,0x0000,0x0000,0x0000,
  0x0000,0x0000,0x0000,0x0000,0x0000,0x0000,0x0020,0x0000,0x8c51,0xe71c,0xef7d,0xe6fb,
  0xdeba,0xe71c,0x52aa,0x0000,0x0020,0x0000,0x5aeb,0xce59,0xbd95,0xc5d6,0xd678,0xdeda,
  0xc617,0x20e3,0x4a48,0x9cb2,0xce38,0xe71b,0xff9d,0xffff,0xffff,0xffff,0xef7d,0xe73c,
  0xf79d,0xffff,0xffde,0xffbe,0xffbe,0xf77d,0xffde,0xa535,0x0000,0x0000,0x0000,0x0000,
  0x0000,0x0000,0x0000,0x0000,0x0000,0x0000,0x0000,0x0000,0x0000,0x0000,0x0000,0x0000,
  0x0000,0x0000,0x0000,0x0000,0x0000,0x0000,0x0000,0x0000,0x0000,0x0000,0x0000,0x0000,
  0x10a2,0x8c50,0xc617,0xe71b,0xffdf,0xffff,0x8c72,0x0000,0x0020,0x0000,0x8c30,0xce38,
  0xb575,0xc5d6,0xd678,0xdeb9,0xd679,0x0820,0x0000,0x0000,0x0000,0x10a2,0x2144,0x39c6,
  0x41e7,0x39e7,0xc618,0xffff,0xffff,0xffdf,0xffde,0xffbe,0xffbe,0xf77c,0xffff,0x7bef,
  0x0000,0x0020,0x0000,0x0000,0x0000,0x0000,0x0000,0x0000,0x0000,0x0000,0x0000,0x0000,
  0x0000,0x0000,0x0000,0x0000,0x0000,0x0000,0x0000,0x0000,0x0000,0x0000,0x0000,0x0000,
  0x0000,0x0000,0x0000,0x0000,0x0000,0x39c7,0xce79,0xdedb,0xbdd7,0x5aec,0x0861,0x0000,
  0x0000,0x0000,0x5413,0xb596,0xc5d5,0xce16,0xd678,0xdeb9,0xe6da,0x9471,0x0861,0x1800,
  0x3821,0x2000,0x1800,0x0000,0x0000,0x0000,0xbdd6,0xffff,0xffdf,0xffdf,0xffbe,0xffbe,
  0xffbe,0xef7c,0xffdf,0x528a,0x0000,0x0020,0x0000,0x0000,0x0000,0x0000,0x0000,0x0000,
  0x0000,0x0000,0x0000,0x0000,0x0000,0x0000,0x0000,0x0000,0x0000,0x0000,0x0000,0x0000,
  0x0000,0x0000,0x0000,0x0000,0x0000,0x0000,0x0000,0x0000,0x0000,0x1082,0x630c,0x39a6,
  0x0841,0x18e3,0x0861,0x0000,0x0000,0x0882,0x1b75,0x1356,0x4bd5,0x9537,0xde98,0xeefa,
  0xdeb9,0xde99,0xbdd6,0xc4b2,0xe472,0xdbb0,0xf3d1,0xbaac,0x4a28,0xb595,0xffff,0xffdf,
  0xffdf,0xffde,0xffbe,0xffde,0xffbd,0xff9d,0xf77d,0x2945,0x0000,0x0000,0x0000,0x0000,
  0x0000,0x0000,0x0000,0x0000,0x0000,0x0000,0x0000,0x0000,0x0000,0x0000,0x0000,0x0000,
  0x0000,0x0000,0x0000,0x0000,0x0000,0x0000,0x0000,0x0000,0x0000,0x0000,0x0000,0x0000,
  0x0000,0x0000,0x0000,0x0020,0x0841,0x2124,0x10a2,0x0020,0x0840,0x1945,0x1b76,0x02d5,
  0x0296,0x02b7,0x3c19,0xbe5a,0xf73a,0xdeda,0xdeda,0xe71b,0xdf1b,0xef7c,0xf79d,0xff9e,
  0xffff,0xffff,0xffde,0xffff,0xffff,0xfffe,0xffbe,0xef9e,0xdf5d,0xcf1d,0xc69b,0x1061,
  0x0000,0x0000,0x0000,0x0000,0x0000,0x0000,0x0000,0x0000,0x0000,0x0000,0x0000,0x0000,
  0x0000,0x0000,0x0000,0x0000,0x0000,0x0000,0x0000,0x0000,0x0000,0x0000,0x0000,0x0000,
  0x0000,0x0000,0x0000,0x0000,0x0000,0x0000,0x0000,0x0861,0x0841,0x10a2,0x1082,0x0841,
  0x0840,0x00c5,0x0af6,0x0af5,0x0ad5,0x1358,0x0319,0x03bb,0x8ddb,0xf73b,0xff5b,0xf75c,
  0xf75c,0xf77c,0xff9d,0xffdd,0xffdd,0xffbe,0xe7bf,0xbf5f,0x8edf,0x567f,0x2dff,0x15bf,
  0x0d1e,0x0d5f,0x2cda,0x0000,0x0000,0x0000,0x0000,0x0000,0x0000,0x0000,0x0000,0x0000,
  0x0000,0x0000,0x0000,0x0000,0x0000,0x0000,0x0000,0x0000,0x0000,0x0000,0x0000,0x0000,
  0x0000,0x0000,0x0000,0x0000,0x0000,0x0000,0x0000,0x0000,0x0000,0x0000,0x0000,0x0000,
  0x1082,0x0841,0x1081,0x0041,0x0000,0x00e9,0x0b16,0x02b5,0x9557,0xadfa,0x0339,0x141b,
  0x039b,0x3cdc,0x9e3c,0xcefc,0xe75d,0xe77d,0xdf5e,0xb6fe,0x769e,0x4e3f,0x461f,0x3e1f,
  0x2ddf,0x059f,0x059f,0x055f,0x051f,0x04bc,0x1ace,0x0000,0x0000,0x0000,0x0000,0x0000,
  0x0000,0x0000,0x0000,0x0000,0x0000,0x0000,0x0000,0x0000,0x0000,0x0000,0x0000,0x0000,
  0x0000,0x0000,0x0000,0x0000,0x0000,0x0000,0x0000,0x0000,0x0000,0x0000,0x0000,0x0000,
  0x0000,0x0000,0x0000,0x0000,0x0861,0x0861,0x0020,0x0020,0x0000,0x014c,0x0b37,0x02b5,
  0x74b7,0x9579,0x4c99,0xef3b,0x961c,0x03fd,0x043d,0x04bd,0x14fe,0x0d1e,0x051f,0x053f,
  0x057f,0x0dbf,0x3dff,0x35ff,0x2dff,0x0dbf,0x059f,0x055f,0x051f,0x1a6e,0x28e2,0x0041,
  0x0000,0x0000,0x0000,0x0000,0x0000,0x0000,0x0000,0x0000,0x0000,0x0000,0x0000,0x0000,
  0x0000,0x0000,0x0000,0x0000,0x0000,0x0000,0x0000,0x0000,0x0000,0x0000,0x0000,0x0000,
  0x0000,0x0000,0x0000,0x0000,0x0000,0x0000,0x0000,0x0000,0x0000,0x0861,0x0020,0x0000,
  0x0000,0x01ef,0x1357,0x0295,0x02f7,0x02f9,0x8559,0xff9b,0xffbc,0xae9d,0x1cbd,0x047d,
  0x04be,0x153e,0x661f,0xbf3f,0xe79f,0xaf3f,0x3e1f,0xa71f,0x4e3f,0x057f,0x057f,0x055f,
  0x047d,0x1946,0x4a28,0x18c3,0x0000,0x0000,0x0000,0x0000,0x0000,0x0000,0x0000,0x0000,
  0x0000,0x0000,0x0000,0x0000,0x0000,0x0000,0x0000,0x0000,0x0000,0x0000,0x0000,0x0000,
  0x0000,0x0000,0x0000,0x0000,0x0000,0x0000,0x0000,0x0000,0x0000,0x0000,0x0000,0x0000,
  0x0000,0x0000,0x0000,0x0000,0x0041,0x1314,0x0b56,0x0ab5,0xc639,0xa5da,0xbe5a,0xa63b,
  0x7dbb,0xcefd,0xe75d,0xbedd,0xbefe,0xdf5e,0xfffe,0xfffe,0xffdf,0xffff,0x76bf,0xf7df,
  0x565f,0x057f,0x057f,0x055f,0x041b,0x0021,0x39c6,0x2965,0x0000,0x0000,0x0000,0x0000,
  0x0000,0x0000,0x0000,0x0000,0x0000,0x0000,0x0000,0x0000,0x0000,0x0000,0x0000,0x0000,
  0x0000,0x0000,0x0000,0x0000,0x0000,0x0000,0x0000,0x0000,0x0000,0x0000,0x0000,0x0000,
  0x0000,0x0000,0x0000,0x0000,0x0000,0x0000,0x0000,0x0000,0x08c3,0x2417,0x0b15,0x0295,
  0x5457,0x6cd9,0x1bfa,0x03bb,0x34dc,0x045c,0x2d1e,0x4d9e,0x2d7e,0x157f,0x35df,0xa6ff,
  0xffff,0xbf5f,0x4e5f,0x3e1f,0x0d9f,0x059f,0x055f,0x053f,0x03da,0x0001,0x2104,0x39c7,
  0x0841,0x0000,0x0000,0x0000,0x0000,0x0000,0x0000,0x0000,0x0000,0x0000,0x0000,0x0000,
  0x0000,0x0000,0x0000,0x0000,0x0000,0x0000,0x0000,0x0000,0x0000,0x0000,0x0000,0x0000,
  0x0000,0x0000,0x0000,0x0000,0x0000,0x0000,0x0000,0x0000,0x0000,0x0000,0x0000,0x0000,
  0x1167,0x2418,0x02d4,0x0af5,0x0317,0x0338,0x039a,0x0bfb,0xb69c,0x3d1d,0xaebe,0x04be,
  0x661e,0x765f,0x051f,0x057f,0xa71f,0xcf7f,0x4e3f,0x3e1f,0x059f,0x059f,0x055f,0x051f,
  0x0399,0x0001,0x10a2,0x31a6,0x10a2,0x0000,0x0000,0x0000,0x0000,0x0000,0x0000,0x0000,
  0x0000,0x0000,0x0000,0x0000,0x0000,0x0000,0x0000,0x0000,0x0000,0x0000,0x0000,0x0000,
  0x0000,0x0000,0x0000,0x0000,0x0000,0x0000,0x0000,0x0000,0x0000,0x0000,0x0000,0x0000,
  0x0000,0x0000,0x0000,0x0000,0x224c,0x13d9,0x4c16,0xc5f7,0xbe39,0xd6ba,0xae3b,0x1c3b,
  0x555c,0x455d,0xef7e,0x049e,0xcf3e,0x8e9e,0x04df,0x057f,0x0d9f,0xa6ff,0xdf9f,0xffff,
  0x3e1f,0x055f,0x055f,0x04ff,0x03ba,0x08c5,0x0841,0x3186,0x18e3,0x0000,0x0000,0x0000,
  0x0000,0x0000,0x0000,0x0000,0x0000,0x0000,0x0000,0x0000,0x0000,0x0000,0x0000,0x0000,
  0x0000,0x0000,0x0000,0x0000,0x0000,0x0000,0x0000,0x0000,0x0000,0x0000,0x0000,0x0000,
  0x0000,0x0000,0x0000,0x0000,0x0000,0x0000,0x0000,0x0000,0x2b10,0x0b98,0x84f7,0x6c97,
  0xb5f9,0x753a,0xbe9b,0x759c,0xbebd,0x6ddd,0xc6fe,0x049e,0xe77e,0x55ff,0x8e9f,0x461f,
  0x461f,0x2ddf,0x25df,0x86bf,0x35ff,0x055f,0x055f,0x04df,0x0c1a,0x1126,0x0000,0x2965,
  0x2124,0x0000,0x0000,0x0000,0x0000,0x0000,0x0000,0x0000,0x0000,0x0000,0x0000,0x0000,
  0x0000,0x0000,0x0000,0x0000,0x0000,0x0000,0x0000,0x0000,0x0000,0x0000,0x0000,0x0000,
  0x0000,0x0000,0x0000,0x0000,0x0000,0x0000,0x0000,0x0000,0x0000,0x0000,0x0000,0x0000,
  0x2b94,0x0b77,0x8517,0x4418,0x9599,0x445a,0xae3b,0x85dc,0x8e3d,0x963d,0x967e,0x0cde,
  0xf7be,0xdf7e,0xc75f,0x4e3f,0xefbf,0x3e1f,0xa71f,0x1ddf,0x9eff,0x25df,0x053f,0x04bf,
  0x141a,0x10c4,0x0000,0x2104,0x2965,0x0020,0x0000,0x0000,0x0000,0x0000,0x0000,0x0000,
  0x0000,0x0000,0x0000,0x0000,0x0000,0x0000,0x0000,0x0000,0x0000,0x0000,0x0000,0x0000,
  0x0000,0x0000,0x0000,0x0000,0x0000,0x0000,0x0000,0x0000,0x0000,0x0000,0x0000,0x0000,
  0x0000,0x0000,0x0000,0x0862,0x23b6,0x1b96,0x8d37,0x5c77,0x9599,0x751a,0xa63b,0xa63c,
  0x7ddd,0xbedd,0x6dfd,0x357e,0xf7be,0xfffe,0x2ddf,0x4e3f,0xd77f,0x2dff,0xf7df,0x25df,
  0x5e5f,0x159f,0x053f,0x04bf,0x1418,0x0861,0x0001,0x18c3,0x3186,0x0861,0x0000,0x0000,
  0x0000,0x0000,0x0000,0x0000,0x0000,0x0000,0x0000,0x0000,0x0000,0x0000,0x0000,0x0000,
  0x0000,0x0000,0x0000,0x0000,0x0000,0x0000,0x0000,0x0000,0x0000,0x0000,0x0000,0x0000,
  0x0000,0x0000,0x0000,0x0000,0x0000,0x0000,0x0000,0x0905,0x23f7,0x1335,0x2b76,0x2356,
  0x2bd8,0x447a,0x44ba,0x85dc,0x3cfc,0xa67d,0xdf5d,0x967e,0xbf1e,0x8e7e,0xd77f,0x769f,
  0xdf9f,0x7ebf,0xd79f,0x057f,0x055f,0x055f,0x051e,0x04bf,0x1bd6,0x0000,0x0041,0x1082,
  0x3185,0x10a2,0x0000,0x0000,0x0000,0x0000,0x0000,0x0000,0x0000,0x0000,0x0000,0x0000,
  0x0000,0x0000,0x0000,0x0000,0x0000,0x0000,0x0000,0x0000,0x0000,0x0000,0x4208,0xa514,
  0xc5f7,0xa514,0x39e7,0x0000,0x0000,0x0000,0x0000,0x0000,0x0000,0x0000,0x0000,0x11a9,
  0x1bd8,0x0af4,0x12d4,0x0296,0x02d8,0x0359,0x039b,0x03fb,0x041c,0x047d,0x1cfe,0x2d3e,
  0x3d7e,0x153f,0x9edf,0x1dbf,0xaf3f,0xefdf,0xb73f,0x055f,0x057f,0x055f,0x04de,0x04df,
  0x1b53,0x0000,0x0062,0x0861,0x2965,0x18e3,0x0000,0x0000,0x0000,0x0000,0x0000,0x0000,
  0x0000,0x0000,0x0000,0x0000,0x0000,0x0000,0x0000,0x0000,0x0000,0x0000,0x0000,0x0000,
  0x0000,0x4a28,0xc5f7,0xd699,0xf79e,0xffff,0xffff,0x5acb,0x0000,0x0000,0x0000,0x0000,
  0x0000,0x0000,0x0000,0x632d,0x8517,0x94d3,0xbd74,0x9516,0x1b78,0x0339,0x039b,0x03dc,
  0x043c,0x24dd,0x24fd,0x04be,0x049e,0x051f,0x053f,0x86df,0x565f,0xdf9f,0x7e9f,0x055f,
  0x0d7f,0x055f,0x04be,0x0cff,0x1aae,0x0000,0x0062,0x0861,0x2124,0x2124,0x0000,0x0000,
  0x0000,0x0000,0x0000,0x0000,0x0000,0x0000,0x0000,0x0000,0x0000,0x0000,0x0000,0x0000,
  0x0000,0x0000,0x0000,0x0000,0x18a2,0xad33,0xad13,0xa4f3,0xbd95,0xef7d,0xffff,0xf79e,
  0x18e3,0x0000,0x0000,0x0000,0x0000,0x0000,0x0000,0x8c51,0xc5d6,0xb574,0xb574,0xd637,
  0xce38,0x8539,0x6d1a,0x8ddb,0xc6dc,0xef5c,0xf77c,0xdf3d,0x7e3e,0x051f,0x053f,0x96ff,
  0xf7df,0xbf3f,0x0d9f,0x053f,0x053f,0x053f,0x049e,0x151f,0x11c9,0x0000,0x0841,0x0861,
  0x18c3,0x2965,0x0020,0x0000,0x0000,0x0000,0x0000,0x0000,0x0000,0x0000,0x0000,0x0000,
  0x0000,0x0000,0x0000,0x0000,0x0000,0x0000,0x0000,0x0000,0x4208,0xb575,0xad13,0xad33,
  0xa513,0xc617,0xffde,0xffff,0x6b4d,0x0000,0x0000,0x0000,0x0000,0x0000,0x0000,0x9cf3,
  0x7bae,0x8c2f,0xbdb5,0xc617,0xde99,0xef1a,0xf73b,0xff7b,0xf77c,0xf77c,0xf77d,0xff9d,
  0xffdd,0xc71e,0x45ff,0x059f,0x1dbf,0x0d7f,0x159f,0x563f,0x869e,0x7e9e,0x357e,0x0cbd,
  0x0905,0x0000,0x0020,0x10a2,0x18c3,0x2124,0x10a2,0x0020,0x0020,0x0020,0x0000,0x0000,
  0x0000,0x0000,0x0000,0x0000,0x0000,0x0000,0x0000,0x0000,0x0000,0x0000,0x0000,0x0000,
  0x4a69,0xb575,0xa513,0xad33,0xad34,0xad33,0xef5c,0xe71b,0x2965,0x39c7,0x18c3,0x0000,
  0x0000,0x0000,0x0861,0x4228,0x1081,0x1081,0x9470,0xc5d6,0xd658,0xdeba,0xe6fb,0xef3b,
  0xef5c,0xf77c,0xf77d,0xf79d,0xf79d,0xffbd,0xffbe,0xd75e,0xb71f,0xc79f,0xefbf,0xffde,
  0xfffe,0xffbd,0xf77c,0x9db8,0x0000,0x0000,0x0000,0x0841,0x0000,0x2104,0xa534,0xb596,
  0x0000,0x0000,0x0000,0x0020,0x0000,0x0000,0x0000,0x0000,0x0000,0x0000,0x0000,0x0000,
  0x0000,0x0000,0x0000,0x0000,0x31a6,0xb574,0xa513,0xad13,0xad33,0xa4f2,0xd699,0xd679,
  0x0000,0x9471,0xef7d,0x18e3,0x0041,0x10a2,0x10a2,0x18e3,0x31a6,0x0861,0x39c6,0xbd74,
  0xbdb5,0xce37,0xde99,0xe6fa,0xef3b,0xef5c,0xf77c,0xf77d,0xf79d,0xf79d,0xf77d,0xffde,
  0xff9c,0xce17,0xdeb9,0xf7be,0xdf3c,0xe73d,0xf79e,0xff9e,0x8c71,0x0020,0x0882,0x5b0d,
  0x8430,0xe6fb,0xffff,0xef5d,0x8430,0x528a,0x0861,0x0000,0x0000,0x0000,0x0000,0x0000,
  0x0000,0x0000,0x0000,0x0000,0x0000,0x0000,0x0000,0x0000,0x1082,0xa4d2,0xa513,0xa513,
  0xad13,0xad13,0xbdb6,0xef7d,0x18e3,0x4207,0xdeba,0x5aca,0x0841,0x2945,0x39c7,0x39a6,
  0x18e3,0x0020,0x10a2,0xad13,0xc5d6,0xc5f6,0xce16,0xce37,0xd678,0xdeb9,0xe6fa,0xef1b,
  0xef3c,0xef3c,0xf75c,0xd699,0x39e7,0x2104,0x4208,0xb5b7,0xdebb,0xef3c,0xf77d,0xef7d,
  0xffff,0x9cf3,0x2104,0xce59,0xe71c,0xef5c,0xe73c,0xef7d,0xffff,0xffff,0xd69a,0x8c71,
  0x52aa,0x0841,0x0000,0x0000,0x0000,0x0000,0x0000,0x0000,0x0000,0x0000,0x0000,0x0000,
  0x0000,0x736d,0xb554,0xa4f3,0xad13,0xad13,0xad54,0xf77d,0x4228,0x0000,0x39c6,0xb596,
  0x39c7,0x39c6,0x18e3,0x0861,0x18e3,0x3186,0x2124,0x4a48,0x8c2f,0xad13,0xbdb5,0xc5f6,
  0xce17,0xc5f6,0xce17,0xce37,0xd657,0xd658,0xdeb9,0x630b,0x0820,0x1904,0x424a,0xb5b6,
  0xd699,0xef3c,0xe71b,0xe71b,0xe6fb,0xf79e,0x4a28,0x5269,0xad54,0xce79,0xf77d,0xffbe,
  0xf7be,0xffdf,0xffff,0xffff,0xffff,0xce79,0x39e7,0x0000,0x0000,0x0000,0x0000,0x0000,
  0x0000,0x0000,0x0000,0x0000,0x0000,0x2104,0xad34,0xa4f3,0xa513,0xad13,0xa4f3,0xf77d,
  0x6b6d,0x0000,0x4228,0xffff,0x6b4d,0x0000,0x2944,0x4228,0x4a69,0x39e7,0x2945,0x18c2,
  0x18c2,0x2924,0x4207,0x5aca,0x8c0f,0xce16,0xad13,0xa512,0xad33,0xad33,0xb533,0x83ee,
  0x2965,0x0861,0x2986,0xb595,0xe71b,0xe6fb,0xe6fb,0xe6fb,0xe6fb,0xef1b,0xb5b6,0x4aab,
  0xad55,0xd67a,0xe73c,0xf7be,0xef5d,0xf77d,0xffbe,0xf79e,0xf77d,0xffdf,0xffff,0x5acb,
  0x0000,0x0020,0x0000,0x0000,0x0000,0x0000,0x0000,0x0000,0x0000,0x0000,0x62eb,0xb554,
  0xa4f3,0xad33,0x9cd2,0xe6fb,0xbdd7,0x0861,0x0861,0xd699,0xb596,0x52aa,0x738e,0x52ca,
  0x4a48,0x4a48,0x4a48,0x4a28,0x39c6,0x3185,0x2944,0x2103,0x2944,0x7bce,0x2964,0x31a6,
  0x4207,0x5269,0x5aca,0x83ee,0x4207,0x1082,0x39c7,0xce58,0xe6fb,0xe6fb,0xe6fb,0xe6fb,
  0xe6fb,0xe71b,0xce38,0x6b6e,0x73ae,0xb575,0xc618,0xdefb,0xffdf,0xdeba,0xbdb6,0xdeba,
  0xef5c,0xf79d,0xbdb6,0x31a6,0x0000,0x0000,0x0000,0x0000,0x0000,0x0000,0x0000,0x0000,
  0x0861,0x5acb,0x94b2,0xad34,0xa4f3,0xad13,0xa4f2,0xbdd6,0xffde,0x39c7,0x0000,0xad34,
  0xce79,0x6b6d,0x736d,0x738e,0x7bce,0x7b8d,0x6b4c,0x6b2b,0x62ea,0x5aa9,0x5289,0x5268,
  0x4a48,0x5aa9,0x39c6,0x39a5,0x3185,0x3165,0x3185,0x3185,0x4207,0x630c,0x62eb,0xe6fb,
  0xdeba,0xdeda,0xdeda,0xe6fa,0xe6fb,0xe6fb,0xdeda,0xd6ba,0xc617,0xad34,0x9491,0xbdb6,
  0xef5d,0xe71b,0xc5d6,0xc5f7,0xd679,0xdeba,0x4a69,0x0000,0x0000,0x0000,0x0000,0x0000,
  0x0000,0x0000,0x0000,0x0020,0x9cd3,0xc617,0xb575,0xa513,0xad13,0xad33,0xad33,0xad33,
  0xffbe,0x6b6d,0x0861,0xb595,0xad55,0xa514,0xc5f7,0xce58,0xd678,0xce37,0xbdd6,0xb554,
  0xa4f3,0x9c91,0x8c2f,0x7bad,0x83ee,0xd699,0x7bad,0x6b0b,0x62ea,0x630b,0x6b2b,0x738d,
  0xa513,0x4228,0x630c,0xe6fa,0xdeba,0xdeda,0xdeda,0xdeda,0xdeda,0xdeda,0xdeda,0xe71b,
  0xef5d,0xf79d,0xe71b,0xd699,0xe6fb,0xf79d,0xffff,0xffff,0xffff,0xffff,0xffff,0xad55,
  0x0000,0x0000,0x0000,0x0000,0x0000,0x0000,0x0000,0x0000,0x41e7,0x7bce,0x8c30,0x9cb2,
  0xad34,0xad33,0xad33,0xa513,0xef3c,0x7bcf,0x5289,0xce59,0xd679,0xdedb,0xdedb,0xdeda,
  0xe6fa,0xe6fb,0xe6fb,0xe6fb,0xe6fa,0xdeda,0xdeb9,0xd658,0xc5f6,0xef5c,0xd658,0xb575,
  0x9470,0x7bce,0x7bce,0xa513,0xa4f3,0x0861,0x8c30,0xe6da,0xd699,0xdeba,0xdeba,0xdeba,
  0xdeba,0xdeba,0xe6fb,0xef3c,0xef3c,0xef5d,0xf79d,0xf7be,0xffbe,0xf77d,0xd679,0xc617,
  0xbdd7,0xb5b6,0x94b2,0x4208,0x0000,0x0000,0x0000,0x0000,0x0000,0x0000,0x0000,0x0000,
  0x0000,0x0000,0x0841,0x2124,0x8410,0xad13,0xb554,0xb554,0xce38,0x9491,0xbdd6,0xdeda,
  0xe6fb,0xe6fb,0xe6fb,0xe71b,0xe71b,0xe71b,0xe71b,0xe71b,0xe71b,0xe71b,0xe71b,0xe71b,
  0xef3b,0xe71b,0xe6fa,0xdeb9,0xc5f7,0x9cb2,0x83ef,0x9491,0x8c30,0x2124,0xbdb6,0xdeda,
  0xde99,0xdeb9,0xdeb9,0xdeb9,0xd699,0xdeba,0xe73c,0xef3c,0xf77d,0xf79d,0xf77d,0xef7d,
  0xf79e,0xe6fb,0x39c7,0x0000,0x0000,0x0000,0x0000,0x0000,0x0000,0x0000,0x0000,0x0000,
  0x0000,0x0000,0x0000,0x0000,0x738e,0xa514,0x18e3,0x2924,0xce38,0xad34,0xad54,0xb574,
  0xbdd6,0xd699,0xef3c,0xef3c,0xe71b,0xe73c,0xef3c,0xef3c,0xef3c,0xef3c,0xef3c,0xef3c,
  0xef3c,0xef3c,0xe71b,0xe71b,0xe71b,0xe71b,0xe6da,0xdeba,0xd678,0xb575,0x8c50,0x8c2f,
  0x738d,0x632c,0xdeba,0xe6fb,0xe6fb,0xe6fb,0xdeda,0xdeda,0xdeba,0xe73c,0xef5c,0xef3c,
  0xef5c,0xef5d,0xef7d,0xef7d,0xef5d,0xef7d,0xf7be,0x528a,0x0000,0x0020,0x0020,0x0000,
  0x0000,0x0000,0x0000,0x0000,0x0000,0x0000,0x0000,0x0000,0x4228,0x632c,0x10a2,0x18e3,
  0xbd95,0xf77c,0xffde,0xfffe,0xffff,0xffff,0xef5c,0xef5c,0xef5c,0xef3c,0xef3c,0xef5c,
  0xef3c,0xef3c,0xef3c,0xef5c,0xef5c,0xef3c,0xef3c,0xef3c,0xef1b,0xef1b,0xdeda,0xd679,
  0xc5f7,0xad54,0x9491,0x8c2f,0x736d,0x9491,0xdeda,0xdeba,0xdeda,0xdeda,0xe6fb,0xe6fb,
  0xe71b,0xef5d,0xe73c,0xf77d,0xf7be,0xffbe,0xffdf,0xffdf,0xffff,0xffff,0xffff,0x52aa,
  0x0000,0x0000,0x0000,0x0000,0x0000,0x0000,0x0000,0x0000,0x0000,0x0000,0x0000,0x0000,
  0x0000,0x0000,0x0000,0x0000,0x0000,0x3165,0x630b,0x83ef,0x8c51,0x9cb2,0xd699,0xf77d,
  0xef7d,0xef3c,0xef3c,0xef3c,0xe71b,0xe71b,0xef3c,0xef3c,0xef5c,0xef5c,0xef5c,0xef5c,
  0xef5c,0xef3c,0xe71b,0xe6da,0xd679,0xbdb6,0xa4f2,0x8c2f,0x738d,0x8c50,0xe6fb,0xdeda,
  0xdeda,0xdeda,0xdeda,0xdeba,0xe71c,0xef5d,0xffff,0xf79d,0xe6fb,0xdeda,0xdeda,0xd69a,
  0xbdd7,0x8c30,0x3185,0x0000,0x0000,0x0000,0x0000,0x0000,0x0000,0x0000,0x0000,0x0000,
  0x0000,0x0000,0x0000,0x0000,0x0000,0x0020,0x0000,0x0000,0x0000,0x0000,0x0000,0x0000,
  0x0000,0x0000,0xbdb6,0xffff,0xffff,0xffde,0xffde,0xffff,0xffff,0xffff,0xffff,0xffde,
  0xef5d,0xef5c,0xf75c,0xf77d,0xf77d,0xef5d,0xef5c,0xef3c,0xef5c,0xe71b,0xd699,0xad54,
  0x840f,0x62eb,0xa4f3,0xdeb9,0xdeba,0xdeba,0xd699,0xdedb,0xef5d,0xffff,0x738e,0x18c3,
  0x1082,0x0020,0x0020,0x0000,0x0000,0x0000,0x0000,0x0000,0x0000,0x0000,0x0000,0x0000,
  0x0000,0x0000,0x0000,0x0000,0x0000,0x0000,0x0000,0x0000,0x0000,0x0000,0x0000,0x0000,
  0x0000,0x0000,0x0020,0x0020,0x0020,0x0000,0x2924,0x7bce,0xad34,0xbdf7,0xc5f7,0xb595,
  0x94b2,0x7bef,0x7bce,0xa4d2,0xf77d,0xffbe,0xf77d,0xef7d,0xf77d,0xf79d,0xffff,0xffff,
  0xffde,0xf79d,0xffbe,0xffde,0xf77d,0xdeba,0xc617,0xdeda,0xf77d,0xf77d,0xf79d,0xffff,
  0xffff,0xb575,0x0000,0x4228,0xd6ba,0x8c50,0x0000,0x0000,0x0000,0x0020,0x0000,0x0000,
  0x0000,0x0000,0x0000,0x0000,0x0000,0x0000,0x0000,0x0000,0x0000,0x0000,0x0000,0x0000,
  0x0000,0x0000,0x0000,0x0000,0x0000,0x0000,0x0000,0x0000,0x0000,0x0000,0x0000,0x0000,
  0x0000,0x0000,0x0000,0x0000,0x0000,0x0000,0x0000,0x0000,0x6b4c,0xe6fa,0xffbe,0xffff,
  0xffff,0xffde,0xc618,0x630c,0x3186,0x2944,0x31a6,0x5aca,0x9471,0xbdd6,0xd69a,0xdeda,
  0xdeda,0xd679,0xbdb6,0x8c51,0x4208,0x0000,0x0000,0x0861,0x3165,0x2104,0x0000,0x0000,
  0x0000,0x0000,0x0000,0x0000,0x0000,0x0000,0x0000,0x0000,0x0000,0x0000,0x0000,0x0000,
  0x0000,0x0000,0x0000,0x0000,0x0000,0x0000,0x0000,0x0000,0x0000,0x0000,0x0000,0x0000,
  0x0000,0x0000,0x0000,0x0020,0x0000,0x0000,0x0000,0x0000,0x0020,0x0020,0x0020,0x0000,
  0x0000,0x1081,0x31a6,0x4a28,0x4208,0x2124,0x0000,0x0000,0x0000,0x0000,0x0000,0x0000,
  0x0000,0x0000,0x0000,0x0020,0x0020,0x0000,0x0000,0x0000,0x0000,0x0000,0x0000,0x0000,
  0x0000,0x0000,0x0000,0x0000,0x0000,0x0000,0x0000,0x0000,0x0000,0x0000,0x0000,0x0000,
  0x0000,0x0000,0x0000,0x0000,0x0000,0x0000,0x0000,0x0000,0x0000,0x0000,0x0000,0x0000,
  0x0000,0x0000,0x0000,0x0000,0x0000,0x0000,0x0000,0x0000,0x0000,0x0000,0x0000,0x0000,
  0x0000,0x0000,0x0000,0x0000,0x0000,0x0000,0x0000,0x0000,0x0000,0x0000,0x0000,0x0020,
  0x0000,0x0000,0x0000,0x0000,0x0000,0x0000,0x0000,0x0000,0x0000,0x0000,0x0000,0x0020,
  0x0000,0x0000,0x0000,0x0000,0x0000,0x0000,0x0000,0x0000,0x0000,0x0000,0x0000,0x0000,
  0x0000,0x0000,0x0000,0x0000,0x0000,0x0000,0x0000,0x0000,0x0000,0x0000,0x0000,0x0000,
  0x0000,0x0000,0x0000,0x0000,0x0000,0x0000,0x0000,0x0000,0x0000,0x0000,0x0000,0x0000,
  0x0000,0x0000,0x0000,0x0000,0x0000,0x0000,0x0000,0x0000,0x0000,0x0000,0x0000,0x0000,
  0x0000,0x0000,0x0000,0x0000,0x0000,0x0000,0x0000,0x0000,0x0000,0x0000,0x0000,0x0000,
  0x0000,0x0000,0x0000,0x0000,0x0000,0x0000,0x0000,0x0000,0x0000,0x0000,0x0000,0x0000,
  0x0000,0x0000,0x0000,0x0000,0x0000,0x0000,0x0000,0x0000,0x0000,0x0000,0x0000,0x0000,
  0x0000,0x0000,0x0000,0x0000,0x0000,0x0000,0x0000,0x0000,0x0000,0x0000,0x0000,0x0000,
  0x0000,0x0000,0x0000,0x0000,0x0000,0x0000,0x0000,0x0000,0x0000,0x0000,0x0000,0x0000,
  0x0000,0x0000,0x0000,0x0000,0x0000,0x0000,0x0000,0x0000,0x0000,0x0000,0x0000,0x0000,
  0x0000,0x0000,0x0000,0x0000,0x0000,0x0000,0x0000,0x0000,0x0000,0x0000,0x0000,0x0000,
  0x0000,0x0000,0x0000,0x0000,0x0000,0x0000,0x0000,0x0000,0x0000,0x0000,0x0000,0x0000,
  0x0000,0x0000,0x0000,0x0000,0x0000,0x0000,0x0000,0x0000,0x0000,0x0000,0x0000,0x0000,
  0x0000,0x0000,0x0000,0x0000,0x0000,0x0000,0x0000,0x0000,0x0000,0x0000,0x0000,0x0000,
  0x0000,0x0000,0x0000,0x0000,0x0000,0x0000,0x0000,0x0000,0x0000,0x0000,0x0000,0x0000,
  0x0000,0x0000,0x0000,0x0000,0x0000,0x0000,0x0000,0x0000,0x0000,0x0000,0x0000,0x0000,
  0x0000,0x0000,0x0000,0x0000,0x0000,0x0000,0x0000,0x0000,0x0000,0x0000,0x0000,0x0000,
  0x0000,0x0000,0x0000,0x0000,0x0000,0x0000,0x0000,0x0000,0x0000,0x0000,0x0000,0x0000,
  0x0000,0x0000,0x0000,0x0000,0x0000,0x0000,0x0000,0x0000,0x0000,0x0000,0x0000,0x0000,
  0x0000,0x0000,0x0000,0x0000,0x0000,0x0000,0x0000,0x0000,0x0000,0x0000,0x0000,0x0000,
  0x0000,0x0000,0x0000,0x0000,0x0000,0x0000,0x0000,0x0000,0x0000,0x0000,0x0000,0x0000,
  0x0000,0x0000,0x0000,0x0000,0x0000,0x0000,0x0000,0x0000,0x0000,0x0000,0x0000,0x0000,
  0x0000,0x0000,0x0000,0x0000,0x0000,0x0000,0x0000,0x0000,0x0000,0x0000,0x0000,0x0000,
  0x0000,0x0000,0x0000,0x0000,0x0000,0x0000,0x0000,0x0000,0x0000,0x0000,0x0000,0x0000,
  0x0000,0x0000,0x0000,0x0000,0x0000,0x0000,0x0000,0x0000,0x0000,0x0000,0x0000,0x0000,
  0x0000,0x0000,0x0000,0x0000,0x0000,0x0000,0x0000,0x0000,0x0000,0x0000,0x0000,0x0000,
  0x0000,0x0000,0x0000,0x0000,0x0000,0x0000,0x0000,0x0000,0x0000,0x0000,0x0000,0x0000,
  0x0000,0x0000,0x0000,0x0000,0x0000,0x0000,0x0000,0x0000,0x0000,0x0000,0x0000,0x0000,
  0x0000,0x0000,0x0000,0x0000,0x0000,0x0000,0x0000,0x0000,0x0000,0x0000,0x0000,0x0000,
  0x0000,0x0000,0x0000,0x0000,0x0000,0x0000,0x0000,0x0000,0x0000,0x0000,0x0000,0x0000,
  0x0000,0x0000,0x0000,0x0000,0x0000,0x0000,0x0000,0x0000,0x0000,0x0000,0x0000,0x0000,
  0x0000,0x0000,0x0000,0x0000,0x0000,0x0000,0x0000,0x0000,0x0000,0x0000,0x0000,0x0000,
  0x0000,0x0000,0x0000,0x0000,0x0000,0x0000,0x0000,0x0000,0x0000,0x0000,0x0000,0x0000,
  0x0000,0x0000,0x0000,0x0000,0x0000,0x0000,0x0000,0x0000,0x0000,0x0000,0x0000,0x0000,
  0x0000,0x0000,0x0000,0x0000,0x0000,0x0000,0x0000,0x0000,0x0000,0x0000,0x0000,0x0000,
  0x0000,0x0000,0x0000,0x0000,0x0000,0x0000,0x0000,0x0000,0x0000,0x0000,0x0000,0x0000,
  0x0000,0x0000,0x0000,0x0000,0x0000,0x0000,0x0000,0x0000,0x0000,0x0000,0x0000,0x0000,
  0x0000,0x0000,0x0000,0x0000,0x0000,0x0000,0x0000,0x0000,0x0000,0x0000,0x0000,0x0000,
  0x0000,0x0000,0x0000,0x0000,0x0000,0x0000,0x0000,0x0000,0x0000,0x0000,0x0000,0x0000,
  0x0000,0x0000,0x0000,0x0000,0x0000,0x0000,0x0000,0x0000,0x0000,0x0000,0x0000,0x0000,
  0x0000,0x0000,0x0000,0x0000,0x0000,0x0000,0x0000,0x0000,0x0000,0x0000,0x0000,0x0000,
  0x0000,0x0000,0x0000,0x0000,0x0000,0x0000,0x0000,0x0000,0x0000,0x0000,0x0000,0x0000,
  0x0000,0x0000,0x0000,0x0000,0x0000,0x0000,0x0000,0x0000,0x0000,0x0000,0x0000,0x0000,
  0x0000,0x0000,0x0000,0x0000,0x0000,0x0000,0x0000,0x0000,0x0000,0x0000,0x0000,0x0000,
  0x0000,0x0000,0x0000,0x0000,0x0000,0x0000,0x0000,0x0000,0x0000,0x0000,0x0000,0x0000,
  0x0000,0x0000,0x0000,0x0000,0x0000,0x0000,0x0000,0x0000,0x0000,0x0000,0x0000,0x0000,
  0x0000,0x0000,0x0000,0x0000,0x0000,0x0000,0x0000,0x0000,0x0000,0x0000,0x0000,0x0000,
  0x0000,0x0000,0x0000,0x0000,0x0000,0x0000,0x0000,0x0000,0x0000,0x0000,0x0000,0x0000,
  0x0000,0x0000,0x0000,0x0000,0x0000,0x0000,0x0000,0x0000,0x0000,0x0000,0x0000,0x0000,
  0x0000,0x0000,0x0000,0x0000,0x0000,0x0000,0x0000,0x0000,0x0000,0x0000,0x0000,0x0000,
  0x0000,0x0000,0x0000,0x0000,0x0000,0x0000,0x0000,0x0000,0x0000,0x0000,0x0000,0x0000,
  0x0000,0x0000,0x0000,0x0000,0x0000,0x0000,0x0000,0x0000,0x0000,0x0000,0x0000,0x0000,
  0x0000,0x0000,0x0000,0x0000,0x0000,0x0000,0x0000,0x0000,0x0000,0x0000,0x0000,0x0000,
  0x0000,0x0000,0x0000,0x0000,0x0000,0x0000,0x0000,0x0000,0x0000,0x0000,0x0000,0x0000,
  0x0000,0x0000,0x0000,0x0000,0x0000,0x0000,0x0000,0x0000,0x0000,0x0000,0x0000,0x0000,
  0x0000,0x0000,0x0000,0x0000,0x0000,0x0000,0x0000,0x0000,0x0000,0x0000,0x0000,0x0000,
  0x0000,0x0000,0x0000,0x0000,0x0000,0x0000,0x0000,0x0000,0x0000,0x0000,0x0000,0x0000,
  0x0000,0x0000,0x0000,0x0000,0x0000,0x0000,0x0000,0x0000,0x0000,0x0000,0x0000,0x0000,
  0x0000,0x0000,0x0000,0x0000,0x0000,0x0000,0x0000,0x0000,0x0000,0x0000,0x0000,0x0000,
  0x0000,0x0000,0x0000,0x0000,0x0000,0x0000,0x0000,0x0000,0x0000,0x0000,0x0000,0x0000,
  0x0000,0x0000,0x0000,0x0000,0x0000,0x0000,0x0000,0x0000,0x0000,0x0000,0x0000,0x0000,
  0x0000,0x0000,0x0000,0x0000,0x0000,0x0000,0x0000,0x0000,0x0000,0x0000,0x0000,0x0000,
  0x0000,0x0000,0x0000,0x0000,0x0000,0x0000,0x0000,0x0000,0x0000,0x0000,0x0000,0x0000,
  0x0000,0x0000,0x0000,0x0000,0x0000,0x0000,0x0000,0x0000,0x0000,0x0000,0x0000,0x0000,
  0x0000,0x0000,0x0000,0x0000,0x0000,0x0000,0x0000,0x0000,0x0000,0x0000,0x0000,0x0000,
  0x0000,0x0000,0x0000,0x0000,0x0000,0x0000,0x0000,0x0000,0x0000,0x0000,0x0000,0x0000,
  0x0000,0x0000,0x0000,0x0000,0x0000,0x0000,0x0000,0x0000,0x0000,0x0000,0x0000,0x0000,
  0x0000,0x0000,0x0000,0x0000,0x0000,0x0000,0x0000,0x0000,0x0000,0x0000,0x0000,0x0000,
  0x0000,0x0000,0x0000,0x0000,0x0000,0x0000,0x0000,0x0000,0x0000,0x0000,0x0000,0x0000,
  0x0000,0x0000,0x0000,0x0000,0x0000,0x0000,0x0000,0x0000,0x0000,0x0000,0x0000,0x0000,
  0x0000,0x0000,0x0000,0x0000,0x0000,0x0000,0x0000,0x0000,0x0000,0x0000,0x0000,0x0000,
};
static const uint8_t MILKY_SPENT_MASK[] PROGMEM = {
  0xff,0xff,0xff,0xff,0xff,0xff,0xff,0xff,0xff,0xff,0xff,0xff,0xff,0xff,0xff,0xff,
  0xff,0xff,0xff,0xff,0xff,0xff,0xff,0xff,0xff,0xff,0xff,0xff,0xff,0xff,0xff,0xff,
  0xff,0xff,0xff,0xff,0xff,0xff,0xff,0xff,0xff,0xff,0xff,0xff,0xff,0xff,0xff,0xff,
  0xff,0xff,0xff,0xff,0xff,0xff,0xff,0xff,0xff,0xff,0xff,0xff,0xff,0xff,0xff,0xff,
  0xff,0xff,0xff,0xff,0xff,0xff,0xff,0xff,0xff,0xff,0xff,0xff,0xff,0xff,0xff,0xff,
  0xff,0xff,0xff,0xff,0xff,0xff,0xff,0xff,0xff,0xff,0xff,0xff,0xff,0xff,0xff,0xff,
  0xff,0xff,0xff,0xff,0xff,0xff,0xff,0xff,0xff,0xff,0xff,0xff,0xff,0xff,0xff,0xff,
  0xff,0xff,0xff,0xff,0xff,0xff,0xff,0xff,0xff,0xff,0xff,0xff,0xff,0xff,0xff,0xff,
  0xff,0xff,0xff,0xff,0xff,0xff,0xff,0xff,0xff,0xff,0xff,0xff,0xff,0xff,0xff,0xff,
  0xff,0xff,0xff,0xff,0xff,0xff,0xff,0xff,0xff,0xff,0xff,0xff,0xff,0xff,0xff,0xff,
  0xff,0xff,0xff,0xff,0xff,0xff,0xff,0xff,0xff,0xff,0xff,0xff,0xff,0xff,0xff,0xff,
  0xff,0xff,0xff,0xff,0xff,0xff,0xff,0xff,0xff,0xff,0xff,0xff,0xff,0xff,0xff,0xff,
  0xff,0xff,0xff,0xff,0xff,0xff,0xff,0xff,0xff,0xff,0xff,0xff,0xff,0xff,0xff,0xff,
  0xff,0xff,0xff,0xff,0xff,0xff,0xff,0xff,0xff,0xff,0xff,0xff,0xff,0xff,0xff,0xff,
  0xff,0xff,0xff,0xff,0xff,0xff,0xff,0xff,0xff,0xff,0xff,0xff,0xff,0xff,0xff,0xff,
  0xff,0xff,0xff,0xff,0xff,0xff,0xff,0xff,0xff,0xff,0xff,0xff,0xff,0xff,0xff,0xff,
  0xff,0xff,0xff,0xff,0xff,0xff,0xff,0xff,0xff,0xff,0xff,0xff,0xff,0xff,0xff,0xff,
  0xff,0xff,0xff,0xff,0xff,0xff,0xff,0xff,0xff,0xff,0xff,0xff,0xff,0xff,0xff,0xff,
  0xff,0xff,0xff,0xff,0xff,0xff,0xff,0xff,0xff,0xff,0xff,0xff,0xff,0xff,0xff,0xff,
  0xff,0xff,0xff,0xff,0xff,0xff,0xff,0xff,0xff,0xff,0xff,0xff,0xff,0xff,0xff,0xff,
  0xff,0xff,0xff,0xff,0xff,0xff,0xff,0xff,0xff,0xff,0xff,0xff,0xff,0xff,0xff,0xff,
  0xff,0xff,0xff,0xff,0xff,0xff,0xff,0xff,0xff,0xff,0xff,0xff,0xff,0xff,0xff,0xff,
  0xff,0xff,0xff,0xff,0xff,0xff,0xff,0xff,0xff,0xff,0xff,0xff,0xff,0xff,0xff,0xff,
  0xff,0xff,0xff,0xff,0xff,0xff,0xff,0xff,0xff,0xff,0xff,0xff,0xff,0xff,0xff,0xff,
  0xff,0xff,0xff,0xff,0xff,0xff,0xff,0xff,0xff,0xff,0xff,0xff,0xff,0xff,0xff,0xff,
  0xff,0xff,0xff,0xff,0xff,0xff,0xff,0xff,0xff,0xff,0xff,0xff,0xff,0xff,0xff,0xff,
  0xff,0xff,0xff,0xff,0xff,0xff,0xff,0xff,0xff,0xff,0xff,0xff,0xff,0xff,0xff,0xff,
  0xff,0xff,0xff,0xff,0xff,0xff,0xff,0xff,0xff,0xff,0xff,0xff,0xff,0xff,0xff,0xff,
  0xff,0xff,0xff,0xff,0xff,0xff,0xff,0xff,0xff,0xff,0xff,0xff,0xff,0xff,0xff,0xff,
  0xff,0xff,0xff,0xff,0xff,0xff,0xff,0xff,0xff,0xff,0xff,0xff,0xff,0xff,0xff,0xff,
  0xff,0xff,0xff,0xff,0xff,0xff,0xff,0xff,0xff,0xff,0xff,0xff,0xff,0xff,0xff,0xff,
  0xff,0xff,0xff,0xff,0xff,0xff,0xff,0xff,0xff,0xff,0xff,0xff,0xff,0xff,0xff,0xff,
  0xff,0xff,0xff,0xff,0xff,0xff,0xff,0xff,0xff,0xff,0xff,0xff,0xff,0xff,0xff,0xff,
  0xff,0xff,0xff,0xff,0xff,0xff,0xff,0xff,0xff,0xff,0xff,0xff,0xff,0xff,0xff,0xff,
  0xff,0xff,0xff,0xff,0xff,0xff,0xff,0xff,0xff,0xff,0xff,0xff,0xff,0xff,0xff,0xff,
  0xff,0xff,0xff,0xff,0xff,0xff,0xff,0xff,0xff,0xff,0xff,0xff,0xff,0xff,0xff,0xff,
  0xff,0xff,0xff,0xff,0xff,0xff,0xff,0xff,0xff,0xff,0xff,0xff,0xff,0xff,0xff,0xff,
  0xff,0xff,0xff,0xff,0xff,0xff,0xff,0xff,0xff,0xff,0xff,0xff,0xff,0xff,0xff,0xff,
  0xff,0xff,0xff,0xff,0xff,0xff,0xff,0xff,0xff,0xff,0xff,0xff,0xff,0xff,0xff,0xff,
  0xff,0xff,0xff,0xff,0xff,0xff,0xff,0xff,0xff,0xff,0xff,0xff,0xff,0xff,0xff,0xff,
  0xff,0xff,0xff,0xff,0xff,0xff,0xff,0xff,0xff,0xff,0xff,0xff,0xff,0xff,0xff,0xff,
  0xff,0xff,0xff,0xff,0xff,0xff,0xff,0xff,0xff,0xff,0xff,0xff,0xff,0xff,0xff,0xff,
  0xff,0xff,0xff,0xff,0xff,0xff,0xff,0xff,0xff,0xff,0xff,0xff,0xff,0xff,0xff,0xff,
  0xff,0xff,0xff,0xff,0xff,0xff,0xff,0xff,0xff,0xff,0xff,0xff,0xff,0xff,0xff,0xff,
  0xff,0xff,0xff,0xff,0xff,0xff,0xff,0xff,0xff,0xff,0xff,0xff,0xff,0xff,0xff,0xff,
  0xff,0xff,0xff,0xff,0xff,0xff,0xff,0xff,0xff,0xff,0xff,0xff,0xff,0xff,0xff,0xff,
  0xff,0xff,0xff,0xff,0xff,0xff,0xff,0xff,0xff,0xff,0xff,0xff,0xff,0xff,0xff,0xff,
  0xff,0xff,0xff,0xff,0xff,0xff,0xff,0xff,0xff,0xff,0xff,0xff,0xff,0xff,0xff,0xff,
};
static const MilkySprite MILKY_SPENT = { MILKY_SPENT_PX, MILKY_SPENT_MASK, 64, 96 };

// estop: milky-shrug-01.png  77x96
static const uint16_t MILKY_ESTOP_PX[] PROGMEM = {
  0x0000,0x0000,0x0000,0x0000,0x0000,0x0000,0x0000,0x0000,0x0000,0x0000,0x0000,0x0000,
  0x0000,0x0000,0x0000,0x0000,0x0000,0x0000,0x0000,0x0000,0x0000,0x0000,0x0000,0x0000,
  0x0000,0x0000,0x0000,0x0000,0x0000,0x0000,0x0000,0x0000,0x0000,0x0000,0x0000,0x0000,
  0x0000,0x0000,0x0000,0x0000,0x0000,0x0000,0x0000,0x0000,0x0000,0x0000,0x0000,0x0000,
  0x0000,0x0000,0x0000,0x0000,0x0000,0x0000,0x0000,0x0000,0x0000,0x0000,0x0000,0x0000,
  0x0000,0x0000,0x0000,0x0000,0x0000,0x0000,0x0000,0x0000,0x0000,0x0000,0x0000,0x0000,
  0x0000,0x0000,0x0000,0x0000,0x0000,0x0000,0x0000,0x0000,0x0000,0x0000,0x0000,0x0000,
  0x0000,0x0000,0x0000,0x0000,0x0000,0x0000,0x0000,0x0000,0x0000,0x0000,0x0000,0x0000,
  0x0000,0x0000,0x0000,0x0000,0x0000,0x0000,0x0000,0x0000,0x0000,0x0000,0x0000,0x0000,
  0x0000,0x0000,0x0000,0x0000,0x0000,0x0000,0x0000,0x0000,0x0000,0x0000,0x0000,0x0000,
  0x0000,0x0000,0x0000,0x0000,0x0000,0x0000,0x0000,0x0000,0x0000,0x0000,0x0000,0x0000,
  0x0000,0x0000,0x0000,0x0000,0x0000,0x0000,0x0000,0x0000,0x0000,0x0000,0x0000,0x0000,
  0x0000,0x0000,0x0000,0x0000,0x0000,0x0000,0x0000,0x0000,0x0000,0x0000,0x0000,0x0000,
  0x0000,0x0000,0x0000,0x0000,0x0000,0x0000,0x0000,0x0000,0x0000,0x0000,0x0000,0x0000,
  0x0000,0x0000,0x0000,0x0000,0x0000,0x0000,0x0000,0x0000,0x0000,0x0000,0x0000,0x0000,
  0x0000,0x0000,0x0000,0x0000,0x0000,0x0000,0x0000,0x0000,0x0000,0x0000,0x0000,0x0000,
  0x0000,0x0000,0x0000,0x0000,0x0000,0x0000,0x0000,0x0000,0x0000,0x0000,0x0000,0x0000,
  0x0000,0x0000,0x0000,0x0000,0x0000,0x0000,0x0000,0x0000,0x0000,0x0000,0x0000,0x0000,
  0x0000,0x0000,0x0000,0x0000,0x0000,0x0000,0x0000,0x0000,0x0000,0x0000,0x0000,0x0000,
  0x0000,0x0000,0x0000,0x0000,0x0000,0x0000,0x0000,0x0000,0x0000,0x0000,0x0000,0x0000,
  0x0000,0x0000,0x0000,0x0000,0x0000,0x0000,0x0000,0x0000,0x0000,0x0000,0x0000,0x0000,
  0x0000,0x0000,0x0000,0x0000,0x0000,0x0000,0x0000,0x0000,0x0000,0x0000,0x0000,0x0000,
  0x0000,0x0000,0x0000,0x0000,0x0000,0x0000,0x0000,0x0000,0x0000,0x0000,0x0000,0x0000,
  0x0000,0x0000,0x0000,0x0000,0x0000,0x0000,0x0000,0x0000,0x0000,0x0000,0x0000,0x0000,
  0x0000,0x0000,0x0000,0x0000,0x0000,0x0000,0x0000,0x0000,0x0000,0x0000,0x0000,0x0000,
  0x0000,0x0000,0x0000,0x0000,0x0000,0x0000,0x0000,0x0000,0x0000,0x0000,0x0000,0x0000,
  0x0000,0x0000,0x0000,0x0000,0x0000,0x0000,0x0000,0x0000,0x0000,0x0000,0x0000,0x0000,
  0x0000,0x0000,0x0000,0x0000,0x0000,0x0000,0x0000,0x0000,0x0000,0x0000,0x0000,0x0000,
  0x0000,0x0000,0x0000,0x0000,0x0000,0x0000,0x0000,0x0000,0x0000,0x0000,0x0000,0x0000,
  0x0000,0x0000,0x0000,0x0000,0x0000,0x0000,0x0000,0x0000,0x0000,0x0000,0x0000,0x0000,
  0x0000,0x0000,0x0000,0x0000,0x0000,0x0000,0x0000,0x0000,0x0000,0x0000,0x0000,0x0000,
  0x0000,0x0000,0x0000,0x0000,0x0000,0x0000,0x0000,0x0000,0x0000,0x0000,0x0000,0x0000,
  0x0000,0x0000,0x0000,0x0000,0x0000,0x0000,0x0000,0x0000,0x0000,0x0000,0x0000,0x0000,
  0x0000,0x0000,0x0000,0x0000,0x0000,0x0000,0x0000,0x0000,0x0000,0x0000,0x0000,0x0000,
  0x0000,0x0000,0x0000,0x0000,0x0000,0x0000,0x0000,0x0000,0x0000,0x0000,0x0000,0x0000,
  0x0000,0x08e3,0x1aad,0x1393,0x1416,0x0c37,0x0c16,0x0bd4,0x0b31,0x0a6c,0x0167,0x0082,
  0x0000,0x0000,0x0000,0x0000,0x0000,0x0000,0x0000,0x0000,0x0000,0x0000,0x0000,0x0000,
  0x0000,0x0000,0x0000,0x0000,0x0000,0x0000,0x0000,0x0000,0x0000,0x0000,0x0000,0x0000,
  0x0000,0x0000,0x0000,0x0000,0x0000,0x0000,0x0000,0x0000,0x0000,0x0000,0x0000,0x0000,
  0x0000,0x0000,0x0000,0x0000,0x0000,0x0000,0x0000,0x0000,0x0000,0x0000,0x0000,0x0000,
  0x0000,0x0000,0x0000,0x0000,0x0000,0x0000,0x0000,0x0000,0x0000,0x0000,0x0000,0x0000,
  0x0000,0x0000,0x0000,0x0000,0x0000,0x19a7,0x2cba,0x0c7c,0x04bd,0x051f,0x059f,0x0ddf,
  0x161f,0x265f,0x2e5f,0x363f,0x259d,0x1477,0x12ef,0x0966,0x0000,0x0000,0x0000,0x0000,
  0x0000,0x0000,0x0000,0x0000,0x0000,0x0000,0x0000,0x0000,0x0000,0x0000,0x0000,0x0000,
  0x0000,0x0000,0x0000,0x0000,0x0000,0x0000,0x0000,0x0000,0x0000,0x0000,0x0000,0x0000,
  0x0000,0x0000,0x0000,0x0000,0x0000,0x0000,0x0000,0x0000,0x0000,0x0000,0x0000,0x0000,
  0x0000,0x0000,0x0000,0x0000,0x0000,0x0000,0x0000,0x0000,0x0000,0x0000,0x0000,0x0000,
  0x0000,0x0000,0x0000,0x0000,0x0000,0x0000,0x0000,0x0000,0x0000,0x0000,0x2c15,0x0b98,
  0x02d6,0x0398,0x041b,0x047c,0x04fd,0x055e,0x159e,0x2dff,0x5e5f,0x8eff,0x973f,0x5edf,
  0x3e3f,0x34f8,0x226b,0x0000,0x0000,0x0000,0x0000,0x0000,0x0000,0x0000,0x0000,0x0000,
  0x0000,0x0000,0x0000,0x0000,0x0000,0x0000,0x0000,0x0000,0x0000,0x0000,0x0000,0x0000,
  0x0000,0x0000,0x0000,0x0000,0x0000,0x0000,0x0000,0x0000,0x0000,0x0000,0x0000,0x0000,
  0x0000,0x0000,0x0000,0x0000,0x0000,0x0000,0x0000,0x0000,0x0000,0x0000,0x0000,0x0000,
  0x0000,0x0000,0x0000,0x0000,0x0000,0x0000,0x0000,0x0000,0x0000,0x0000,0x0000,0x0000,
  0x0000,0x0000,0x0882,0x2c78,0x0315,0x0316,0x03b9,0x043b,0x049c,0x04dd,0x053e,0x057e,
  0x0d9f,0x25ff,0x563f,0x769f,0x767f,0x4e3f,0x3e5f,0x3e9f,0x4495,0x0861,0x0000,0x0000,
  0x0000,0x0000,0x0000,0x0000,0x0000,0x0000,0x0000,0x0000,0x0000,0x0000,0x0000,0x0000,
  0x0000,0x0000,0x0000,0x0000,0x0000,0x0000,0x0000,0x0000,0x0000,0x0000,0x0000,0x0000,
  0x0000,0x0000,0x0000,0x0000,0x0000,0x0000,0x0000,0x0000,0x0000,0x0000,0x0000,0x0000,
  0x0000,0x0000,0x0000,0x0000,0x0000,0x0000,0x0000,0x0000,0x0000,0x0000,0x0000,0x0000,
  0x0000,0x0000,0x0000,0x0000,0x0000,0x0000,0x0000,0x1146,0x34ba,0x02d6,0x0338,0x03fb,
  0x047d,0x04fe,0x053e,0x057f,0x059f,0x15bf,0x2dff,0x461f,0x4e3f,0x3e1f,0x25ff,0x25df,
  0x159e,0x2e9f,0x3bb1,0x0000,0x0000,0x0000,0x0000,0x0000,0x0000,0x0000,0x0000,0x0000,
  0x0000,0x0000,0x0000,0x0000,0x0000,0x0000,0x0000,0x0000,0x0000,0x0000,0x0000,0x0000,
  0x0000,0x0000,0x0000,0x0000,0x0000,0x0000,0x0000,0x0000,0x0000,0x0000,0x0000,0x0000,
  0x0000,0x0000,0x0000,0x0000,0x0000,0x0000,0x0000,0x0000,0x0000,0x0000,0x0000,0x0000,
  0x0000,0x0000,0x0000,0x0000,0x0000,0x0000,0x0000,0x0000,0x0000,0x0000,0x0000,0x0000,
  0x11ea,0x13d6,0x0ab2,0x12f2,0x1334,0x1375,0x0bd6,0x0c59,0x04db,0x053d,0x0dbf,0x363f,
  0x4e7f,0x567f,0x3e1f,0x25df,0x1dbf,0x0d9e,0x05bf,0x34d8,0x0000,0x0000,0x0000,0x0000,
  0x0000,0x0000,0x0000,0x0000,0x0000,0x0000,0x0000,0x0000,0x0000,0x0000,0x0000,0x0000,
  0x0000,0x0000,0x0000,0x0000,0x0000,0x0000,0x0000,0x0000,0x0000,0x0000,0x0000,0x0000,
  0x0000,0x0000,0x0000,0x0000,0x0000,0x0000,0x0000,0x0000,0x0000,0x0000,0x0000,0x0000,
  0x0000,0x0000,0x0000,0x0000,0x0000,0x0000,0x0000,0x0000,0x0000,0x0000,0x0000,0x0000,
  0x0000,0x0000,0x0000,0x0000,0x0000,0x0042,0x7c94,0x7c92,0x5bf1,0x4370,0x32cd,0x2aae,
  0x2aad,0x228e,0x22cf,0x2352,0x3435,0x34d8,0x355c,0x361f,0x1e1f,0x15ff,0x059e,0x0ddf,
  0x2bf4,0x0000,0x0000,0x0000,0x0000,0x0000,0x0000,0x0000,0x0000,0x0000,0x0000,0x0000,
  0x0000,0x0000,0x0000,0x0000,0x0000,0x0000,0x0000,0x0000,0x0000,0x0000,0x0000,0x0000,
  0x0000,0x0000,0x0000,0x0000,0x0000,0x0000,0x0000,0x0000,0x0000,0x0000,0x0000,0x0000,
  0x0000,0x0000,0x0000,0x0000,0x0000,0x0000,0x0000,0x0000,0x0000,0x0000,0x0000,0x0000,
  0x0000,0x0000,0x0000,0x0000,0x0000,0x0000,0x0000,0x0000,0x0000,0x0000,0x0000,0x73ae,
  0xadd8,0x6c53,0x4bf2,0x2330,0x22ef,0x22ef,0x22ef,0x22ef,0x32ce,0x7452,0x7c73,0x5bd2,
  0x2331,0x1bd5,0x0cdb,0x053e,0x1e1f,0x2aed,0x0000,0x0000,0x0000,0x0000,0x0000,0x0000,
  0x0000,0x0000,0x0000,0x0000,0x0000,0x0000,0x0000,0x0000,0x0000,0x0000,0x0000,0x0000,
  0x0000,0x0000,0x0000,0x0000,0x0000,0x0000,0x0000,0x0000,0x0000,0x0000,0x0000,0x0000,
  0x0000,0x0000,0x0000,0x0000,0x0000,0x0000,0x0000,0x0000,0x0000,0x0000,0x0000,0x0000,
  0x0000,0x0000,0x0000,0x0000,0x0000,0x0000,0x0000,0x0000,0x0000,0x0000,0x0000,0x0000,
  0x0000,0x0000,0x0020,0x0000,0x73cf,0xb63a,0xadd8,0x8d16,0x43b2,0x3371,0x1af0,0x12cf,
  0x026e,0x43b1,0x84d5,0x84f5,0x5bf2,0x2ace,0x3b2f,0x3b2f,0x2b72,0x1d1c,0x11a8,0x0000,
  0x0000,0x0000,0x0000,0x0000,0x0000,0x0000,0x0000,0x0000,0x0000,0x0000,0x0000,0x0000,
  0x0000,0x0000,0x0000,0x0000,0x0000,0x0000,0x0000,0x0000,0x0000,0x0000,0x0000,0x0000,
  0x0000,0x0000,0x0000,0x0000,0x0000,0x0000,0x0000,0x0000,0x0000,0x0000,0x0000,0x0000,
  0x0000,0x0000,0x0000,0x0000,0x0000,0x0000,0x0000,0x0000,0x0000,0x0000,0x0000,0x0000,
  0x0000,0x0000,0x0000,0x0000,0x0000,0x0000,0x0000,0x0000,0x0861,0xbe18,0xa5d8,0xce9a,
  0xa596,0x94f4,0x8cf4,0x84d4,0x7493,0x6453,0x8d16,0xc67a,0xc65a,0x6c74,0x43d2,0x5c33,
  0x7493,0xc638,0x19ca,0x0021,0x0000,0x0000,0x0000,0x0000,0x0000,0x0000,0x0000,0x0000,
  0x0000,0x0000,0x0000,0x0000,0x0000,0x0000,0x0000,0x0000,0x0000,0x0000,0x0000,0x0000,
  0x0000,0x0000,0x0000,0x0000,0x0000,0x0000,0x0000,0x0000,0x0000,0x0000,0x0000,0x0000,
  0x0000,0x0000,0x0000,0x0000,0x0000,0x0000,0x0000,0x0000,0x0000,0x0000,0x0000,0x0000,
  0x0000,0x0000,0x0000,0x0000,0x0000,0x0000,0x0000,0x0000,0x0000,0x0000,0x0000,0x0020,
  0x0000,0x8431,0xbe7a,0xc659,0xc67a,0xa597,0x9d35,0x9d35,0x9d35,0x9d56,0xa576,0xd6db,
  0xef9e,0xe73d,0xadd8,0x9d76,0x8d15,0xb639,0x6b6d,0x0000,0x0000,0x0000,0x0000,0x0000,
  0x0000,0x0000,0x0000,0x0000,0x0000,0x0000,0x0000,0x0000,0x0000,0x0000,0x0000,0x0000,
  0x0000,0x0000,0x0000,0x0000,0x0000,0x0000,0x0000,0x0000,0x0000,0x0000,0x0000,0x0000,
  0x0000,0x0000,0x0000,0x0000,0x0000,0x0000,0x0000,0x0000,0x0000,0x0000,0x0000,0x0000,
  0x0000,0x0000,0x0000,0x0000,0x0000,0x0000,0x0000,0x0000,0x0000,0x0000,0x0000,0x0000,
  0x0000,0x0000,0x0000,0x0020,0x0000,0x5acb,0xcebb,0xbe19,0xce9a,0xb618,0xadb7,0xadb7,
  0xa597,0xa597,0xadb7,0xb5f8,0xef7e,0xffff,0xf7bf,0xbe39,0xb5f8,0xa5b7,0xc6bb,0x41e7,
  0x0000,0x0000,0x0000,0x0000,0x0000,0x0000,0x0000,0x0000,0x0000,0x0000,0x0000,0x0000,
  0x0000,0x0000,0x0000,0x0000,0x0000,0x0000,0x0000,0x0000,0x0000,0x0000,0x0000,0x0000,
  0x0000,0x0000,0x0000,0x0000,0x0000,0x0000,0x0000,0x0000,0x0000,0x0000,0x0000,0x0000,
  0x0000,0x0000,0x0000,0x0000,0x0000,0x0000,0x0000,0x0000,0x0000,0x0000,0x0000,0x0000,
  0x0000,0x0000,0x0000,0x0000,0x0000,0x0000,0x0000,0x0000,0x0000,0x39e7,0xe73c,0xd6db,
  0xe73c,0xe75d,0xe73c,0xdf1c,0xdefb,0xd6bb,0xce9a,0xc67a,0xc67a,0xe75d,0xf7be,0xef9e,
  0xc67a,0xbe39,0xa5b7,0xcebb,0x4a69,0x0000,0x0000,0x0000,0x0000,0x0000,0x0000,0x0000,
  0x0000,0x0000,0x0000,0x0000,0x0000,0x0000,0x0000,0x0000,0x0000,0x0000,0x0000,0x0000,
  0x0000,0x0000,0x0000,0x0000,0x0000,0x0000,0x0000,0x0000,0x0000,0x0000,0x0000,0x0000,
  0x0000,0x0000,0x0000,0x0000,0x0000,0x0000,0x0000,0x0000,0x0000,0x0000,0x0000,0x0000,
  0x0000,0x0000,0x0000,0x0000,0x0000,0x0000,0x0000,0x0000,0x0000,0x0000,0x0000,0x0000,
  0x0000,0x18e3,0xd6bb,0xe71b,0xe6fb,0xef5c,0xf79d,0xffbe,0xffde,0xffde,0xffdf,0xffdf,
  0xffbe,0xf7be,0xffdf,0xf7bf,0xf79e,0xd6db,0xbe59,0xbe39,0xcebb,0x8451,0x0000,0x0000,
  0x0000,0x0000,0x0000,0x0000,0x0000,0x0000,0x0000,0x0000,0x0000,0x0000,0x0000,0x0000,
  0x0000,0x0000,0x0000,0x0000,0x0000,0x0000,0x0000,0x0000,0x0000,0x0000,0x0000,0x0000,
  0x0000,0x0000,0x0000,0x0000,0x0000,0x0000,0x0000,0x0000,0x0000,0x0000,0x0000,0x0000,
  0x0000,0x0000,0x0000,0x0000,0x0000,0x0000,0x0000,0x0000,0x0000,0x0000,0x0000,0x0000,
  0x0000,0x0000,0x0000,0x0000,0x0000,0x0000,0xad76,0xef5d,0xe6fb,0xef3b,0xf77d,0xf79d,
  0xf79d,0xf79d,0xffbe,0xffbe,0xffde,0xffde,0xffdf,0xffff,0xffff,0xffff,0xffdf,0xf79e,
  0xe75d,0xcebb,0xce7a,0x0861,0x0000,0x0000,0x0000,0x0000,0x0000,0x0000,0x0000,0x0000,
  0x0000,0x0000,0x0000,0x0000,0x0000,0x0000,0x0000,0x0000,0x0000,0x0000,0x0000,0x0000,
  0x0000,0x0000,0x0000,0x0000,0x0000,0x0000,0x0000,0x0000,0x0000,0x0000,0x0000,0x0000,
  0x0000,0x0000,0x0000,0x0000,0x0000,0x0000,0x0000,0x0000,0x0000,0x0000,0x0000,0x0000,
  0x0000,0x0000,0x0000,0x0000,0x0000,0x0000,0x0000,0x0000,0x0000,0x0000,0x6b4d,0xef7d,
  0xdeda,0xef3c,0xef5c,0xf77d,0xf79d,0xf7be,0xffbe,0xffde,0xffde,0xffde,0xffde,0xffdf,
  0xffff,0xffff,0xffff,0xffff,0xffff,0xffff,0xffbe,0xffff,0x630c,0x0000,0x0020,0x0000,
  0x0000,0x0000,0x0000,0x0000,0x0000,0x0000,0x0000,0x0000,0x0000,0x0000,0x0000,0x0000,
  0x0000,0x0000,0x0000,0x0000,0x0000,0x0000,0x0000,0x0000,0x0000,0x0000,0x0000,0x0000,
  0x0000,0x0000,0x0000,0x0000,0x0000,0x0000,0x0000,0x0000,0x0000,0x0000,0x0000,0x0000,
  0x0000,0x0000,0x0000,0x0000,0x0000,0x0000,0x0000,0x0000,0x0000,0x0000,0x0000,0x0000,
  0x0000,0x0000,0x18e3,0xdedb,0xd69a,0xe6fa,0xef3c,0xf77d,0xf79d,0xf7bd,0xffbe,0xffbe,
  0xffde,0xffde,0xffde,0xffde,0xffff,0xffff,0xffff,0xffff,0xffff,0xffde,0xffde,0xffbe,
  0xffff,0xbdf8,0x0000,0x0000,0x0000,0x0000,0x0000,0x0000,0x0000,0x0000,0x0000,0x0000,
  0x0000,0x0000,0x0000,0x0000,0x0000,0x0000,0x0000,0x0000,0x0000,0x0000,0x0000,0x0000,
  0x0000,0x0000,0x0000,0x0000,0x0000,0x0000,0x0000,0x0000,0x0000,0x0000,0x0000,0x0000,
  0x0000,0x0000,0x0000,0x0000,0x0000,0x0000,0x0000,0x0000,0x0000,0x0000,0x0000,0x0000,
  0x0000,0x0000,0x0000,0x0000,0x0000,0x0000,0x0000,0x8c72,0xe6fb,0xd678,0xe71b,0xef5c,
  0xf77d,0xf79d,0xf79d,0xf7be,0xffbe,0xffde,0xffde,0xffde,0xffde,0xffff,0xffff,0xffff,
  0xffff,0xffff,0xffff,0xffdf,0xffde,0xffbe,0xf7be,0x3186,0x0000,0x0000,0x0000,0x0000,
  0x0000,0x0000,0x0000,0x0000,0x0000,0x0000,0x0000,0x0000,0x0000,0x0000,0x0000,0x0000,
  0x0000,0x0000,0x0000,0x0000,0x0000,0x0000,0x0000,0x0000,0x0000,0x0000,0x0000,0x0000,
  0x0000,0x0000,0x0000,0x0000,0x0000,0x0000,0x0000,0x0000,0x0000,0x0000,0x0000,0x0000,
  0x0000,0x0000,0x0000,0x0000,0x0000,0x0000,0x0000,0x0000,0x0000,0x0000,0x0000,0x2124,
  0xdedb,0xce38,0xdeb9,0xe71b,0xef3c,0xef5c,0xffbe,0xffff,0xffff,0xffbe,0xffde,0xffde,
  0xffde,0xffde,0xffff,0xffff,0xffff,0xffff,0xffff,0xffff,0xffdf,0xffdf,0xffbe,0xffff,
  0x8410,0x0000,0x0020,0x0000,0x0000,0x0000,0x0000,0x0000,0x0000,0x0000,0x0000,0x0000,
  0x0000,0x0000,0x0000,0x0000,0x0000,0x0000,0x0000,0x0000,0x0000,0x0000,0x0000,0x0000,
  0x0000,0x0000,0x0000,0x0000,0x0000,0x0000,0x0000,0x0000,0x0000,0x0000,0x0000,0x0000,
  0x0000,0x0000,0x0000,0x0000,0x0000,0x0000,0x0000,0x0000,0x0000,0x0000,0x0000,0x0000,
  0x0000,0x0000,0x0000,0x0000,0x8410,0xdedb,0xce38,0xdeda,0xef3b,0xffde,0xffff,0xdeda,
  0x9471,0xce79,0xffdf,0xffbe,0xffde,0xffde,0xffde,0xffff,0xffff,0xffff,0xffff,0xffff,
  0xffff,0xffff,0xffdf,0xffde,0xffff,0xc618,0x0000,0x0000,0x0000,0x0000,0x0000,0x0000,
  0x0000,0x0000,0x0000,0x0000,0x0000,0x0000,0x0000,0x0000,0x0000,0x0000,0x0000,0x0000,
  0x0000,0x0000,0x0000,0x0000,0x0000,0x0000,0x0000,0x0000,0x0000,0x0000,0x0000,0x0000,
  0x0000,0x0000,0x0000,0x0000,0x0000,0x0000,0x0000,0x0000,0x0000,0x0000,0x0000,0x0000,
  0x0000,0x0000,0x0000,0x0000,0x0000,0x0000,0x0000,0x0000,0x0861,0xc638,0xce38,0xd658,
  0xe6da,0xef3c,0x8c51,0x4208,0x0841,0x0000,0x94b2,0xffff,0xf79d,0xffbe,0xffde,0xffde,
  0xffdf,0xffdf,0xffdf,0xffff,0xffff,0xffff,0xffdf,0xffdf,0xffde,0xffde,0xe75d,0x18e3,
  0x0000,0x0000,0x0000,0x0000,0x0000,0x0000,0x0000,0x0000,0x0000,0x0000,0x0000,0x0000,
  0x0000,0x0000,0x0000,0x0000,0x0000,0x0000,0x0000,0x0000,0x0000,0x0000,0x0000,0x0000,
  0x0000,0x0000,0x0000,0x0000,0x0000,0x0000,0x0000,0x0000,0x0000,0x0000,0x0000,0x0000,
  0x0000,0x0000,0x0000,0x0000,0x0000,0x0000,0x0000,0x0000,0x0000,0x0000,0x0000,0x0000,
  0x0000,0x4a49,0xdedb,0xc5d6,0xd658,0xe71b,0xd699,0x4208,0x4207,0x7bae,0xb595,0xf77d,
  0xffbe,0xffbe,0xffbe,0xffde,0xffde,0xffff,0xffff,0xffff,0xffdf,0xffff,0xffff,0xffdf,
  0xffdf,0xffde,0xffbe,0xffdf,0x4208,0x0000,0x0000,0x0000,0x0000,0x0000,0x0000,0x0000,
  0x0000,0x0000,0x0000,0x0000,0x0000,0x0000,0x0000,0x0000,0x0000,0x0000,0x0000,0x0000,
  0x0000,0x0000,0x0000,0x0000,0x0000,0x0000,0x0000,0x0000,0x0000,0x0000,0x0000,0x0000,
  0x0000,0x0000,0x0000,0x0000,0x0000,0x0000,0x0000,0x0000,0x0000,0x0000,0x0000,0x0000,
  0x0000,0x0000,0x0000,0x0000,0x0000,0x0000,0x8c51,0xd699,0xc5d6,0xd679,0xe6fb,0xef3b,
  0xffbd,0xffde,0xfffe,0xffde,0xf79d,0xf79d,0xffbe,0xffbe,0xffbe,0xffff,0xc638,0x738e,
  0xf7be,0xffff,0xffdf,0xffff,0xffdf,0xffdf,0xffde,0xffbe,0xffff,0x632c,0x0000,0x0020,
  0x0000,0x0000,0x0000,0x0000,0x0000,0x0000,0x0000,0x0000,0x0000,0x0000,0x0000,0x0000,
  0x0000,0x0000,0x0000,0x0000,0x0000,0x0000,0x0000,0x0000,0x0000,0x0000,0x0000,0x0000,
  0x0000,0x0000,0x0000,0x0000,0x0000,0x0000,0x0000,0x0000,0x0000,0x0000,0x0000,0x0000,
  0x0000,0x0000,0x0000,0x0000,0x0000,0x0000,0x0000,0x0000,0x0000,0x0000,0x0000,0xb5b6,
  0xc617,0xc5f7,0xde99,0xe71b,0xef3c,0xef5c,0xf79d,0xf79d,0xf77d,0xf77d,0xf79d,0xffbe,
  0xffbe,0xffbe,0xffff,0xc5f7,0x1061,0x5aeb,0xdedb,0xffff,0xffde,0xffde,0xffde,0xffde,
  0xf7be,0xffff,0x7bcf,0x0000,0x0020,0x0000,0x0000,0x0000,0x0000,0x0000,0x0000,0x0000,
  0x0000,0x0000,0x0000,0x0000,0x0000,0x0000,0x0000,0x0000,0x0000,0x0000,0x0000,0x0000,
  0x0000,0x0000,0x0000,0x0000,0x0000,0x0000,0x0000,0x0000,0x0000,0x0000,0x0000,0x0000,
  0x0000,0x0000,0x0000,0x0000,0x0000,0x0000,0x0000,0x0000,0x0000,0x0000,0x0000,0x0000,
  0x0000,0x0000,0x0000,0x18e3,0xd679,0xbdd6,0xc617,0xdeb9,0xef1b,0xef3c,0xf77d,0xffff,
  0xffff,0xffff,0xf79d,0xf79d,0xffbe,0xffbe,0xffbe,0xffde,0xffff,0xbdd6,0x39c7,0x18c3,
  0x8430,0xffff,0xffde,0xffde,0xffde,0xffbe,0xffff,0x8430,0x0000,0x0020,0x0000,0x0000,
  0x0000,0x0000,0x0000,0x0000,0x0000,0x0000,0x0000,0x0000,0x0000,0x0000,0x0000,0x0000,
  0x0000,0x0000,0x0000,0x0000,0x0000,0x0000,0x0000,0x0000,0x0000,0x0000,0x0000,0x0000,
  0x0000,0x0000,0x0000,0x0000,0x0000,0x0000,0x0000,0x0000,0x0000,0x0000,0x0000,0x0000,
  0x0000,0x0000,0x0000,0x0000,0x0000,0x0000,0x0000,0x0000,0x4228,0xdeba,0xbdb5,0xce17,
  0xe6fa,0xb595,0x8c30,0xad54,0x8c30,0x8430,0xbdf7,0xef5c,0xf7bd,0xf7be,0xffbe,0xffde,
  0xffde,0xf7be,0xffff,0xffde,0xbdb6,0xb5b6,0xffff,0xffde,0xffde,0xffde,0xf79d,0xffff,
  0x8430,0x0000,0x0020,0x0000,0x0000,0x0000,0x0000,0x0000,0x0000,0x0000,0x0000,0x0000,
  0x0000,0x0000,0x0000,0x0000,0x0000,0x0000,0x0000,0x0000,0x0000,0x0000,0x0000,0x0000,
  0x0000,0x0000,0x0000,0x0000,0x0000,0x0000,0x0000,0x0000,0x0000,0x0000,0x0000,0x0000,
  0x0000,0x0000,0x0000,0x0000,0x0000,0x0000,0x0000,0x0000,0x0000,0x0000,0x0000,0x0020,
  0x0000,0x6b6d,0xd6ba,0xbdb5,0xce37,0xe6da,0xa513,0xdedb,0x94b2,0x0020,0x31a6,0x8c30,
  0xdeba,0xffde,0xf79d,0xffbe,0xffde,0xffbe,0xffbe,0xffff,0xffff,0xffff,0xffff,0xffde,
  0xffde,0xffde,0xffde,0xf79d,0xffff,0x73ae,0x0000,0x0020,0x0000,0x0000,0x0000,0x0000,
  0x0000,0x0000,0x0000,0x0000,0x0000,0x0000,0x0000,0x0000,0x0000,0x0000,0x0000,0x0000,
  0x0000,0x0000,0x0000,0x0000,0x0000,0x0000,0x0000,0x0000,0x0000,0x0000,0x0000,0x0000,
  0x0000,0x0000,0x0000,0x0000,0x4228,0xd6ba,0x738e,0x0000,0x0000,0x0000,0x0000,0x0000,
  0x0000,0x0000,0x0000,0x0000,0x0000,0x0000,0x9492,0xce59,0xbdb6,0xd658,0xd658,0xc638,
  0xef5d,0x10a2,0x0000,0xbdf7,0x7bef,0xdeba,0xffde,0xf7be,0xf7be,0xffff,0xce38,0x8c71,
  0x9cd2,0xc618,0xf79e,0xffff,0xffff,0xffde,0xffde,0xffbe,0xf79d,0xffff,0x5aeb,0x0000,
  0x0020,0x0000,0x0000,0x0000,0x0000,0x0000,0x0000,0x0000,0x0000,0x0000,0x0000,0x0000,
  0x0000,0x0000,0x0000,0x0000,0x0000,0x0000,0x0000,0x0000,0x0000,0x0000,0x0000,0x0000,
  0x0000,0x0000,0x0000,0x0000,0x0000,0x0000,0x0000,0x0020,0x0000,0x94b2,0xffff,0xef7d,
  0x0841,0x0000,0x0000,0x0000,0x0000,0x0000,0x0000,0x0000,0x0000,0x0000,0x0000,0xad75,
  0xc617,0xbdb6,0xd658,0xce38,0xce59,0xc638,0x0000,0x0000,0x0861,0x18e3,0xef3c,0xffbe,
  0xf79d,0xffbe,0xffbe,0xd6ba,0x3186,0x0000,0x73ae,0x8c50,0xbdb6,0xef3c,0xffde,0xffbe,
  0xffbe,0xf79d,0xf7be,0x39e7,0x0000,0x0000,0x0000,0x0000,0x0000,0x0000,0x0000,0x0000,
  0x0000,0x0000,0x0000,0x0000,0x0000,0x0000,0x0000,0x0000,0x0000,0x0000,0x0000,0x0000,
  0x0000,0x0000,0x0000,0x0000,0x0000,0x0000,0x0000,0x0000,0x0000,0x4a49,0x3186,0x0000,
  0x0000,0x0000,0x4a69,0xe71b,0xffdf,0x8c51,0x0000,0x0000,0x0000,0x0000,0x0000,0x0000,
  0x0000,0x0000,0x0000,0x1082,0xc638,0xbdd6,0xc5f6,0xd678,0xd678,0xbdd7,0xdedb,0x2104,
  0x0020,0x0000,0x62eb,0xffff,0xf79d,0xffbe,0xffbe,0xffff,0x94b2,0x0000,0x2104,0xad55,
  0x8430,0xdedb,0xb595,0xffff,0xffbe,0xffbe,0xf7bd,0xe73c,0x18e3,0x0000,0x0000,0x0000,
  0x0000,0x0000,0x0000,0x0000,0x0000,0x0000,0x0020,0x0000,0x0000,0x0000,0x0000,0x0000,
  0x0000,0x0000,0x0000,0x0000,0x0000,0x0000,0x0000,0x0000,0x0000,0x0000,0x0000,0x0000,
  0x0000,0x630c,0xffff,0xffdf,0x9492,0x2945,0x0000,0x0841,0xbdb6,0xf79e,0xffff,0xc618,
  0x18e3,0x0000,0x0000,0x0000,0x0000,0x0000,0x0000,0x0000,0x2965,0xd69a,0xbdb6,0xc617,
  0xd679,0xe6da,0xbdf7,0xce59,0xb596,0x4a49,0x62ec,0xe6fb,0xffbe,0xf79d,0xffbe,0xffbe,
  0xffff,0x7bef,0x0000,0x0020,0x0000,0x73ae,0xffff,0xdeda,0xffff,0xffbe,0xffbe,0xffbe,
  0xce79,0x0020,0x0000,0x0000,0x0000,0x0000,0x0000,0x0000,0x0000,0x0000,0x0000,0x0000,
  0x0000,0x0000,0x0000,0x0000,0x0000,0x0000,0x0000,0x0000,0x0000,0x0000,0x0000,0x0000,
  0x0000,0x0000,0x0000,0x0000,0x0000,0x3186,0xef5d,0xffdf,0xf79e,0xffff,0xf79e,0xc618,
  0xd69a,0xe73c,0xef5d,0xf79e,0xffff,0xb596,0x0000,0x0000,0x0000,0x0000,0x0000,0x0000,
  0x0000,0x528a,0xdeba,0xbd95,0xce17,0xde99,0xe6fa,0xe6fb,0xc638,0xce58,0xd679,0xef5c,
  0xf7bd,0xf79d,0xf7be,0xffbe,0xffbe,0xffff,0xb596,0x10a2,0x0020,0x0841,0xd69a,0xe73c,
  0xe71b,0xffff,0xffbe,0xf79d,0xffdf,0xad75,0x0000,0x0000,0x0000,0x0000,0x0000,0x0000,
  0x0000,0x0000,0x0000,0x18e3,0x6b4d,0x1082,0x0000,0x0000,0x0000,0x0000,0x0000,0x0000,
  0x0000,0x0000,0x0000,0x0000,0x0000,0x0000,0x0000,0x0000,0x0000,0x0000,0x4a48,0xf79e,
  0xf79e,0xef7d,0xf79e,0xf77d,0xef7d,0xffdf,0xef7d,0xf77d,0xf7be,0xffbf,0xf7be,0xce59,
  0x2104,0x0000,0x0000,0x0000,0x0020,0x0000,0x7bcf,0xd69a,0xb595,0xce17,0xdeb9,0xe71b,
  0xef3c,0xf77c,0xef3c,0xffde,0xf79d,0xef5c,0xf77d,0xf79d,0xf7be,0xf79d,0xffbe,0xef3c,
  0x9cf3,0x738e,0xbdf7,0xef7d,0xd679,0xffde,0xffde,0xffbe,0xf79d,0xffff,0x8430,0x0000,
  0x0020,0x0000,0x0000,0x0000,0x0000,0x0000,0x0000,0x0000,0xc618,0xffff,0x9cd3,0x0000,
  0x0020,0x0000,0x0000,0x0000,0x0000,0x0000,0x0000,0x0000,0x0000,0x0000,0x0000,0x0000,
  0x0000,0x0000,0x0000,0x0020,0x7bae,0xc617,0xdeda,0xffdf,0xffdf,0xef3c,0xf79e,0xffbf,
  0xffff,0xffff,0xffdf,0xef7d,0xffff,0x738e,0x0000,0x0020,0x0000,0x0000,0x0000,0x94d3,
  0xce58,0xbdb6,0xce37,0xdeb9,0xe71b,0xef5c,0xef7c,0xef3b,0x9cb2,0xf77d,0xffff,0xffde,
  0xffde,0xffde,0xffff,0xffff,0xffff,0xef7d,0xe71c,0xe6fc,0xd69a,0xf7be,0xffde,0xffbe,
  0xffbe,0xf79d,0xffff,0x630c,0x0000,0x0020,0x0000,0x0000,0x0000,0x0000,0x0000,0x18c3,
  0x9492,0xffff,0xffff,0x8c51,0x0000,0x0020,0x0000,0x0020,0x0000,0x0000,0x0000,0x0000,
  0x0000,0x0000,0x0000,0x0000,0x0000,0x0000,0x0000,0x0000,0x0000,0x0000,0x3186,0x83ef,
  0xe71c,0xffff,0xffff,0xffdf,0xffdf,0xffdf,0xf7be,0xf77e,0xffdf,0xffdf,0x39a7,0x0000,
  0x0000,0x0000,0x0000,0x0000,0x7cd6,0xc5f7,0xc5f6,0xc617,0xdeb9,0xe71b,0xef5c,0xf75c,
  0xe6fb,0x1061,0x31a6,0xa4f3,0xde99,0xef3c,0xef5c,0xd6ba,0x9471,0x738d,0xffde,0xf7be,
  0xf79e,0xffff,0xffde,0xffde,0xffde,0xffbe,0xf79d,0xf7be,0x39e7,0x0000,0x0000,0x0000,
  0x0000,0x0000,0x0020,0x9492,0xef7d,0xffff,0xffff,0xb596,0x0000,0x0000,0x0000,0x0000,
  0x0000,0x0000,0x0000,0x0000,0x0000,0x0000,0x0000,0x0000,0x0000,0x0000,0x0000,0x0000,
  0x0000,0x0000,0x0000,0x0000,0x0000,0x4a49,0xb575,0xdeba,0xe71b,0xef3c,0xdeba,0xd679,
  0xef7d,0xffff,0x8c71,0x0000,0x0000,0x0000,0x0000,0x0000,0x10a2,0x54d8,0x43f6,0xbdd7,
  0xde78,0xdeb9,0xe71b,0xef3c,0xef5c,0xef7d,0x3966,0x0000,0x0000,0x0000,0x18a2,0x18a2,
  0x1020,0x0000,0x0820,0xef5c,0xffff,0xffdf,0xffde,0xffde,0xffde,0xffbe,0xffbe,0xf79d,
  0xe73c,0x18e3,0x0000,0x0000,0x0000,0x0000,0x31a6,0x94b2,0xffff,0xffdf,0xf7be,0xffff,
  0xad55,0x3186,0x0841,0x1082,0x4208,0x8430,0x4a49,0x0000,0x0000,0x0000,0x0000,0x0000,
  0x0000,0x0000,0x0000,0x0000,0x0000,0x0000,0x0000,0x0000,0x0000,0x0000,0x0000,0x0000,
  0x18e3,0x39c7,0x4a49,0x9cb2,0xce58,0xe6fb,0x8430,0x2945,0x18e3,0x0000,0x0000,0x0000,
  0x0000,0x10a2,0x3bb3,0x02f6,0x1336,0x6cf8,0xc67a,0xf73b,0xef3c,0xe71b,0xffbe,0x9430,
  0x1000,0x5104,0x48e4,0x1800,0x1800,0x1000,0x0000,0x62eb,0xffff,0xffbe,0xffde,0xffde,
  0xf7de,0xf7be,0xf7be,0xffbe,0xffde,0xce7a,0x0020,0x0000,0x0000,0x0000,0x4208,0xffff,
  0xe73c,0xef3d,0xffbf,0xffdf,0xffbf,0xffff,0xffdf,0xdedb,0xe73c,0xffbe,0xffff,0xf79e,
  0x10a2,0x0000,0x0000,0x0000,0x0000,0x0000,0x0000,0x0000,0x0000,0x0000,0x0000,0x0000,
  0x0000,0x0000,0x0000,0x0000,0x0000,0x0000,0x0000,0x0000,0x2104,0x7bce,0x39e7,0x0000,
  0x31a6,0x2945,0x0841,0x0000,0x0000,0x18c3,0x0820,0x0a2e,0x0336,0x02d5,0x0358,0x141a,
  0x6d7b,0xdefc,0xff7c,0xef5c,0xe75c,0x9b2d,0xeaed,0xfbd1,0xe34f,0xf3f2,0x9188,0x4186,
  0xef5c,0xffde,0xf7be,0xffde,0xfffe,0xfffe,0xfffe,0xffde,0xf79d,0xbf3f,0x3cd7,0x0000,
  0x0000,0x0020,0x0000,0x6b4d,0xffff,0xdedb,0xdedb,0xffbe,0xffff,0xffff,0xffdf,0xffdf,
  0xffdf,0xf7be,0xf79e,0xef5d,0xffff,0x630c,0x0000,0x0020,0x0000,0x0000,0x0000,0x0000,
  0x0000,0x0000,0x0000,0x0000,0x0000,0x0000,0x0000,0x0000,0x0000,0x0000,0x0000,0x0000,
  0x0000,0x0000,0x0000,0x0841,0x0841,0x18e3,0x39c7,0x1082,0x0000,0x18e3,0x10c3,0x0000,
  0x01ef,0x02f5,0x0316,0x0399,0x03ba,0x03fb,0x149c,0x9e5c,0xff9c,0xf77c,0xef5c,0xd555,
  0xe473,0xec93,0xecf5,0xe576,0xf77d,0xffff,0xffde,0xfffe,0xffde,0xd77e,0x9efe,0x769f,
  0x4e1e,0x255d,0x055f,0x1330,0x0000,0x0000,0x0000,0x0000,0x31c7,0xe73d,0xf77d,0xc5f7,
  0xd69a,0xef3c,0xf79e,0xf7be,0xf79e,0xef5d,0xf79e,0xffff,0xef3c,0xbdd7,0x2104,0x0000,
  0x0000,0x0000,0x0000,0x0000,0x0000,0x0000,0x0000,0x0000,0x0000,0x0000,0x0000,0x0000,
  0x0000,0x0000,0x0000,0x0000,0x0000,0x0000,0x0000,0x0000,0x0020,0x10a2,0x0841,0x31a6,
  0x2124,0x0861,0x18c3,0x18c3,0x0841,0x01cf,0x02d5,0x0316,0x0bd9,0x44fb,0x0c5b,0x043c,
  0x045c,0x5dbc,0xe77d,0xff9c,0xef3b,0xe73b,0xe71b,0xef5c,0xffff,0xfffe,0xffde,0xdf9e,
  0x8edf,0x463f,0x0dbf,0x057f,0x055f,0x053e,0x04dd,0x0d3e,0x21e9,0x1061,0x0000,0x0000,
  0x0020,0x0841,0x8431,0xffde,0xc618,0xb575,0xce38,0xd699,0xdeba,0xdeda,0xd699,0xbdd6,
  0x738e,0x39c7,0x0000,0x0000,0x0000,0x0000,0x0000,0x0000,0x0000,0x0000,0x0000,0x0000,
  0x0000,0x0000,0x0000,0x0000,0x0000,0x0000,0x0000,0x0000,0x0000,0x0000,0x0000,0x0000,
  0x0000,0x0000,0x1082,0x0841,0x18e3,0x31a7,0x2104,0x2986,0x18c2,0x0001,0x0211,0x02b5,
  0x02f6,0x4cb9,0xffdc,0x5d7c,0x043c,0x049c,0x045c,0x1d1d,0x967d,0xef7e,0xff9d,0xffbd,
  0xffde,0xef7e,0xaf1e,0x565f,0x25df,0x059f,0x0d9f,0x0dbf,0x0d9f,0x057e,0x053e,0x04fe,
  0x047b,0x39e8,0x2944,0x0020,0x0000,0x1082,0x0020,0x0861,0x9492,0xd679,0x9cd2,0x39e7,
  0x4a28,0x41e7,0x41e7,0x2965,0x0841,0x0000,0x0000,0x0000,0x0000,0x0000,0x0000,0x0000,
  0x0000,0x0000,0x0000,0x0000,0x0000,0x0000,0x0000,0x0000,0x0000,0x0000,0x0000,0x0000,
  0x0000,0x0000,0x0000,0x0000,0x0000,0x0000,0x0000,0x0020,0x10a2,0x0841,0x18e3,0x31a6,
  0x18e4,0x0000,0x00a5,0x0212,0x02b4,0x0357,0x1bf9,0xc69b,0x6dbc,0x4d5c,0xc71d,0x5ddd,
  0x047d,0x04bd,0x1d3d,0x45be,0x4dfe,0x3dde,0x0d7e,0x055f,0x057f,0x057f,0x565f,0x3e1f,
  0x057f,0x059f,0x055e,0x051e,0x051e,0x03b7,0x20e3,0x4208,0x18e3,0x0841,0x0061,0x0861,
  0x0000,0x0841,0x3186,0x10a2,0x0000,0x0000,0x0000,0x0000,0x0000,0x0000,0x0000,0x0000,
  0x0000,0x0000,0x0000,0x0000,0x0000,0x0000,0x0000,0x0000,0x0000,0x0000,0x0000,0x0000,
  0x0000,0x0000,0x0000,0x0000,0x0000,0x0000,0x0000,0x0000,0x0000,0x0000,0x0000,0x0000,
  0x0000,0x0861,0x1082,0x0861,0x0861,0x0000,0x0882,0x122d,0x01f1,0x02f5,0x0378,0x03b9,
  0x041b,0x041b,0x9e5c,0xffdd,0xffbe,0x65fd,0x04bd,0x04dd,0x04de,0x04de,0x04fe,0x159e,
  0x769f,0xaf3f,0x769f,0x15bf,0x463f,0x2ddf,0x057f,0x055e,0x051d,0x051f,0x0313,0x0000,
  0x2965,0x2965,0x0861,0x0862,0x0861,0x1082,0x0861,0x0000,0x0000,0x0000,0x0000,0x0000,
  0x0000,0x0000,0x0000,0x0000,0x0000,0x0000,0x0000,0x0000,0x0000,0x0000,0x0000,0x0000,
  0x0000,0x0000,0x0000,0x0000,0x0000,0x0000,0x0000,0x0000,0x0000,0x0000,0x0000,0x0000,
  0x0000,0x0000,0x0000,0x0000,0x0000,0x0000,0x0000,0x0821,0x0841,0x0021,0x0000,0x10e4,
  0x2b73,0x0232,0x0316,0x0358,0x54fa,0xd6fc,0x4d1b,0xc6dc,0xffbd,0xff9d,0xfffe,0xaede,
  0x459d,0x2d7d,0x55fe,0xa6de,0xf7df,0xffff,0xffff,0xffff,0x463f,0xbf5f,0x767f,0x053f,
  0x055e,0x051d,0x04de,0x02d2,0x0000,0x0041,0x18c3,0x0862,0x1082,0x1082,0x10a2,0x0000,
  0x0000,0x0000,0x0000,0x0000,0x0000,0x0000,0x0000,0x0000,0x0000,0x0000,0x0000,0x0000,
  0x0000,0x0000,0x0000,0x0000,0x0000,0x0000,0x0000,0x0000,0x0000,0x0000,0x0000,0x0000,
  0x0000,0x0000,0x0000,0x0000,0x0000,0x0000,0x0000,0x0000,0x0000,0x0000,0x0000,0x0000,
  0x0000,0x0000,0x0000,0x0000,0x21a7,0x4457,0x0273,0x0316,0x0378,0x2c59,0xbe7b,0xd6fc,
  0x9e3c,0x557c,0x2d1c,0x55bd,0xc71e,0xdf7e,0xd75e,0xbf3e,0xbf3f,0xdf7f,0xffff,0xf7df,
  0xefbf,0x565f,0x25df,0x055f,0x055e,0x055e,0x051d,0x04de,0x0b33,0x0000,0x0041,0x0041,
  0x0861,0x1082,0x18c3,0x0020,0x0000,0x0000,0x0000,0x0000,0x0000,0x0000,0x0000,0x0000,
  0x0000,0x0000,0x0000,0x0000,0x0000,0x0000,0x0000,0x0000,0x0000,0x0000,0x0000,0x0000,
  0x0000,0x0000,0x0000,0x0000,0x0000,0x0000,0x0000,0x0000,0x0000,0x0000,0x0000,0x0000,
  0x0000,0x0000,0x0000,0x0000,0x0000,0x0000,0x0000,0x0000,0x0000,0x328b,0x4458,0x0273,
  0x0337,0x0398,0x0399,0x03da,0x03fb,0x03fb,0x043c,0x559d,0x55de,0x04dd,0x259e,0x0d3e,
  0x053e,0x051e,0x055e,0x6e7e,0xffff,0xa6ff,0x159f,0x2ddf,0x0d9f,0x055e,0x055e,0x04fd,
  0x055f,0x0b32,0x0000,0x0020,0x0861,0x1082,0x1082,0x0020,0x0000,0x0000,0x0000,0x0000,
  0x0000,0x0000,0x0000,0x0000,0x0000,0x0000,0x0000,0x0000,0x0000,0x0000,0x0000,0x0000,
  0x0000,0x0000,0x0000,0x0000,0x0000,0x0000,0x0000,0x0000,0x0000,0x0000,0x0000,0x0000,
  0x0000,0x0000,0x0000,0x0000,0x0000,0x0000,0x0000,0x0000,0x0000,0x0000,0x0000,0x0000,
  0x0000,0x0000,0x434f,0x3418,0x0273,0x1b97,0xadf9,0xce9b,0x7dbb,0x6d9b,0x5d9c,0x045c,
  0x863d,0x763d,0x763e,0xcf5f,0x04fe,0xcf5f,0x6e3e,0x051e,0x053e,0x665f,0xefbf,0xb71f,
  0xf7df,0xd77f,0x053e,0x053e,0x04fd,0x0d7f,0x0acf,0x0000,0x0000,0x0000,0x0000,0x0000,
  0x0000,0x0000,0x0000,0x0000,0x0000,0x0000,0x0000,0x0000,0x0000,0x0000,0x0000,0x0000,
  0x0000,0x0000,0x0000,0x0000,0x0000,0x0000,0x0000,0x0000,0x0000,0x0000,0x0000,0x0000,
  0x0000,0x0000,0x0000,0x0000,0x0000,0x0000,0x0000,0x0000,0x0000,0x0000,0x0000,0x0000,
  0x0000,0x0000,0x0000,0x0000,0x0000,0x0000,0x0000,0x53f2,0x23b6,0x0274,0x3c37,0xd6ba,
  0x859a,0xf75c,0xd6fc,0xf77d,0x2d1d,0x75fd,0x2d3d,0xaefe,0xaefe,0x053e,0xffff,0x4dfe,
  0x051e,0x0d7e,0x053e,0x2dff,0x563f,0x665f,0x7e9f,0x561f,0x157e,0x04dd,0x0d7f,0x0a4b,
  0x0000,0x0000,0x0000,0x0000,0x0000,0x0000,0x0000,0x0000,0x0000,0x0000,0x0000,0x0000,
  0x0000,0x0000,0x0000,0x0000,0x0000,0x0000,0x0000,0x0000,0x0000,0x0000,0x0000,0x0000,
  0x0000,0x0000,0x0000,0x0000,0x0000,0x0000,0x0000,0x0000,0x0000,0x0000,0x0000,0x0000,
  0x0000,0x0000,0x0000,0x0000,0x0000,0x0000,0x0000,0x0000,0x0000,0x0000,0x0000,0x0000,
  0x5c75,0x1b55,0x0274,0x5cb8,0x9dda,0x1c3a,0xd6fc,0x147b,0xe73d,0x557c,0xef7e,0x5dfe,
  0xc71e,0x7e5e,0x1d7e,0xffdf,0x4dfe,0xd77f,0x561e,0x96df,0x15bf,0x35fe,0x35df,0x051e,
  0xbf1e,0x257e,0x04dd,0x0d5e,0x0188,0x0000,0x0000,0x0000,0x0000,0x0000,0x0000,0x0000,
  0x0000,0x0000,0x0000,0x0000,0x0000,0x0000,0x0000,0x0000,0x0000,0x0000,0x0000,0x0000,
  0x0000,0x0000,0x0000,0x0000,0x0000,0x0000,0x0000,0x0000,0x0000,0x0000,0x0000,0x0000,
  0x0000,0x0000,0x0000,0x0000,0x0000,0x0000,0x0000,0x0000,0x0000,0x0000,0x0000,0x0000,
  0x0000,0x0000,0x0000,0x0000,0x0882,0x5cb7,0x0af4,0x0294,0x8d58,0x859a,0x54fa,0xc6bc,
  0x1c9b,0xe75d,0x457d,0xe77e,0x3d7d,0xe79f,0x4dde,0x3dbe,0xffff,0xefbf,0x9eff,0x35ff,
  0xffff,0x1dbf,0xc75f,0x8ebf,0x053f,0x053e,0x051e,0x04dd,0x0d3d,0x00e4,0x0000,0x0000,
  0x0000,0x0000,0x0000,0x0000,0x0000,0x0000,0x0000,0x0000,0x0000,0x0000,0x0000,0x0000,
  0x0000,0x0000,0x0000,0x0000,0x0000,0x0000,0x0000,0x0000,0x0000,0x0000,0x0000,0x0000,
  0x0000,0x0000,0x0000,0x0000,0x0000,0x0000,0x0000,0x0000,0x0000,0x0000,0x0000,0x0000,
  0x0000,0x0000,0x0000,0x0000,0x0000,0x0000,0x0000,0x0000,0x0000,0x1925,0x5cd8,0x02b3,
  0x02d5,0x6cd8,0x4499,0x6d5a,0x961b,0x3cfb,0xef5d,0x559d,0xef9e,0x3d9e,0xffde,0x257e,
  0x663e,0xf7df,0xffdf,0x2dde,0x3e1f,0xefbf,0x055f,0xdf9f,0x561f,0x051e,0x053e,0x04fd,
  0x04fe,0x0cdb,0x0061,0x0000,0x0000,0x0000,0x0000,0x0000,0x0000,0x0000,0x0000,0x0000,
  0x0000,0x0000,0x0000,0x0000,0x0000,0x0000,0x0000,0x0000,0x0000,0x0000,0x0000,0x0000,
  0x0000,0x0000,0x0000,0x0000,0x0000,0x0000,0x0000,0x0000,0x0000,0x0000,0x0000,0x0000,
  0x0000,0x0000,0x0000,0x0000,0x0000,0x0000,0x0000,0x0000,0x0000,0x0000,0x0000,0x0000,
  0x0000,0x0000,0x4208,0x7519,0x0273,0x02f5,0x0317,0x0358,0x141a,0x0c1a,0x24bb,0x5d9c,
  0x3d7d,0xaebd,0x1d1d,0xf7be,0xc71e,0xb6fe,0xbf1f,0x8e9e,0xefbf,0x4e3f,0xffff,0xaefe,
  0xf7df,0x2dbe,0x053e,0x053e,0x04fd,0x0d3e,0x0c78,0x0000,0x0000,0x0000,0x0000,0x0000,
  0x0000,0x0000,0x0000,0x0000,0x0000,0x0000,0x0000,0x0000,0x0000,0x0000,0x0000,0x0000,
  0x0000,0x0000,0x0000,0x0000,0x0000,0x0000,0x0000,0x0000,0x0000,0x0000,0x0000,0x0000,
  0x0000,0x0000,0x0000,0x0000,0x0000,0x0000,0x0000,0x0000,0x0000,0x0000,0x0000,0x0000,
  0x0000,0x0000,0x0000,0x0000,0x0000,0x0000,0x0000,0x5aec,0xce59,0x7c94,0x7cd6,0x7d17,
  0x2c18,0x039a,0x03fa,0x041b,0x043b,0x047c,0x049c,0x04bd,0x2d5d,0x357d,0x45be,0x45be,
  0x0d5e,0x9eff,0x159f,0x6e7f,0xb71f,0xef9f,0x157e,0x053e,0x053e,0x04dd,0x053f,0x03d5,
  0x0000,0x0000,0x0000,0x0000,0x0000,0x0000,0x0000,0x0000,0x0000,0x0000,0x0000,0x0000,
  0x0000,0x0000,0x0000,0x0000,0x0000,0x0000,0x0000,0x0000,0x0000,0x0000,0x0000,0x0000,
  0x0000,0x0000,0x0000,0x0000,0x0000,0x0000,0x0000,0x0000,0x0000,0x0000,0x0000,0x0000,
  0x0000,0x0000,0x0000,0x0000,0x0000,0x0000,0x0000,0x0000,0x0000,0x0000,0x0000,0x0000,
  0x7bcf,0xce59,0xbd95,0xce17,0xe698,0xde99,0x54da,0x03da,0x041b,0x045b,0x047c,0x047c,
  0x049d,0x04bd,0x04dd,0x04bd,0x04de,0x053e,0x051e,0x86bf,0x86bf,0xb73f,0xb71f,0x051e,
  0x051e,0x053e,0x357d,0x6e5f,0x53b1,0x0000,0x0000,0x0000,0x0000,0x0000,0x0000,0x0000,
  0x0000,0x0000,0x0000,0x0000,0x0000,0x0000,0x0000,0x0000,0x0000,0x0000,0x0000,0x0000,
  0x0000,0x0000,0x0000,0x0000,0x0000,0x0000,0x0000,0x0000,0x0000,0x0000,0x0000,0x0000,
  0x0000,0x0000,0x0000,0x0000,0x0000,0x0000,0x0000,0x0000,0x0000,0x0000,0x0000,0x0000,
  0x0000,0x0000,0x0000,0x0000,0x0000,0x94b3,0xce38,0xbdb6,0xc617,0xd679,0xdeda,0xef1b,
  0x85bb,0x249b,0x0c7b,0x14bc,0x457c,0x967d,0xc71d,0xc71d,0x9e9d,0x359e,0x04fe,0x053e,
  0x5e5e,0xdf9f,0xb71f,0x0d5e,0x051e,0x561e,0xd75e,0xff9d,0xffff,0x6b4d,0x0000,0x0020,
  0x0000,0x0000,0x0000,0x0000,0x0000,0x0000,0x0000,0x0000,0x0000,0x0000,0x0000,0x0000,
  0x0000,0x0000,0x0000,0x0000,0x0000,0x0000,0x0000,0x0000,0x0000,0x0000,0x0000,0x0000,
  0x0000,0x0000,0x0000,0x0000,0x0000,0x0000,0x0000,0x0000,0x0000,0x0000,0x0000,0x0000,
  0x0000,0x0000,0x0000,0x0000,0x0000,0x0000,0x0000,0x0000,0x0000,0x0000,0xad55,0xc617,
  0xbdd6,0xce37,0xde99,0xe6fa,0xe71b,0xff7c,0xef3c,0xd71c,0xdf3d,0xff9d,0xffbd,0xffbd,
  0xffbd,0xffdd,0xffbe,0x96be,0x259e,0x053e,0x053e,0x053e,0x259e,0xa6fe,0xfffe,0xffde,
  0xf77d,0xf7be,0x4249,0x0000,0x0000,0x0000,0x0000,0x0000,0x0000,0x0000,0x0000,0x0000,
  0x0000,0x0000,0x0000,0x0000,0x0000,0x0000,0x0000,0x0000,0x0000,0x0000,0x0000,0x0000,
  0x0000,0x0000,0x0000,0x0000,0x0000,0x0000,0x0000,0x0000,0x0000,0x0000,0x0000,0x0000,
  0x0000,0x0000,0x0000,0x0000,0x0000,0x0000,0x0000,0x0000,0x0000,0x0000,0x0000,0x0000,
  0x0000,0x0000,0x0000,0xad55,0xc5f7,0xbd95,0xc5f6,0xd678,0xe6da,0xef1b,0xef3c,0xf77c,
  0xf79d,0xf79d,0xf79d,0xf79d,0xf79e,0xf79d,0xf79e,0xffbe,0xfffe,0xf7be,0xbf3e,0xaefe,
  0xc73e,0xf7de,0xfffe,0xffbe,0xf7be,0xf79d,0xef7d,0x2965,0x0000,0x0000,0x0000,0x0000,
  0x0000,0x0000,0x0000,0x0000,0x0000,0x0000,0x0000,0x0000,0x0000,0x0000,0x0000,0x0000,
  0x0000,0x0000,0x0000,0x0000,0x0000,0x0000,0x0000,0x0000,0x0000,0x0000,0x0000,0x0000,
  0x0000,0x0000,0x0000,0x0000,0x0000,0x0000,0x0000,0x0000,0x0000,0x0000,0x0000,0x0000,
  0x0000,0x0000,0x0000,0x0000,0x0000,0x0000,0x0000,0x0000,0x9492,0xc618,0xb554,0xbdb5,
  0xc617,0xd678,0xdeb9,0xe71b,0xef3c,0xef5c,0xf77d,0xf77d,0xf79d,0xf79d,0xf7be,0xffbe,
  0xffbe,0xf7be,0xffde,0xfffe,0xfffe,0xfffe,0xffde,0xffbe,0xffbe,0xf7be,0xf79d,0xdefb,
  0x10a2,0x0000,0x0000,0x0000,0x0000,0x0000,0x0000,0x0000,0x0000,0x0000,0x0000,0x0000,
  0x0000,0x0000,0x0000,0x0000,0x0000,0x0000,0x0000,0x0000,0x0000,0x0000,0x0000,0x0000,
  0x0000,0x0000,0x0000,0x0000,0x0000,0x0000,0x0000,0x0000,0x0000,0x0000,0x0000,0x0000,
  0x0000,0x0000,0x0000,0x0000,0x0000,0x0000,0x0000,0x0000,0x0000,0x0000,0x0000,0x0000,
  0x0000,0x3a08,0xd69a,0xbd95,0xc5b5,0xc5d6,0xc5f6,0xce37,0xd678,0xdeda,0xe71b,0xef3c,
  0xef5c,0xf77d,0xf79d,0xf79d,0xf7be,0xffbe,0xffbe,0xffde,0xffde,0xffde,0xffde,0xffde,
  0xffde,0xffbe,0xf79d,0xf7be,0xc638,0x0000,0x0000,0x0000,0x0000,0x0000,0x0000,0x0000,
  0x0000,0x0000,0x0000,0x0000,0x0000,0x0000,0x0000,0x0000,0x0000,0x0000,0x0000,0x0000,
  0x0000,0x0000,0x0000,0x0000,0x0000,0x0000,0x0000,0x0000,0x0000,0x0000,0x0000,0x0000,
  0x0000,0x0000,0x0000,0x0000,0x0000,0x0000,0x0000,0x0000,0x0000,0x0000,0x0000,0x0000,
  0x0000,0x0000,0x0000,0x0000,0x0000,0x0000,0x0000,0x73cf,0xbe18,0xa534,0xad34,0xb533,
  0xb4d2,0xbcf2,0xc513,0xcd74,0xd5d6,0xde37,0xde99,0xe6fa,0xef3b,0xef5c,0xf79d,0xf79d,
  0xf7bd,0xffbe,0xffbe,0xffbe,0xffbe,0xffbe,0xf79d,0xf77d,0xffde,0x9492,0x0000,0x0000,
  0x0000,0x0000,0x0000,0x0000,0x0000,0x0000,0x0000,0x0000,0x0000,0x0000,0x0000,0x0000,
  0x0000,0x0000,0x0000,0x0000,0x0000,0x0000,0x0000,0x0000,0x0000,0x0000,0x0000,0x0000,
  0x0000,0x0000,0x0000,0x0000,0x0000,0x0000,0x0000,0x0000,0x0000,0x0000,0x0000,0x0000,
  0x0000,0x0000,0x0000,0x0000,0x0000,0x0000,0x0000,0x0000,0x0000,0x0000,0x0000,0x0000,
  0x0000,0x31e7,0x5b6e,0x8b8e,0xa28b,0xaa4a,0xbaab,0xcb0d,0xdb8f,0xe3d0,0xe431,0xec92,
  0xecf4,0xe575,0xe5f7,0xe658,0xe699,0xe6da,0xe71a,0xef3b,0xf75c,0xf77c,0xf77d,0xf77d,
  0xef5c,0xf79e,0x39e7,0x0000,0x0000,0x0000,0x0000,0x0000,0x0000,0x0000,0x0000,0x0000,
  0x0000,0x0000,0x0000,0x0000,0x0000,0x0000,0x0000,0x0000,0x0000,0x0000,0x0000,0x0000,
  0x0000,0x0000,0x0000,0x0000,0x0000,0x0000,0x0000,0x0000,0x0000,0x0000,0x0000,0x0000,
  0x0000,0x0000,0x0000,0x0000,0x0000,0x0000,0x0000,0x0000,0x0000,0x0000,0x0000,0x0000,
  0x0000,0x0000,0x0000,0x0000,0x0000,0x0000,0x0000,0x0821,0xab8f,0xbaed,0xb28b,0xbaab,
  0xc2ac,0xcb0d,0xdb8f,0xebd0,0xf3f1,0xf432,0xfc72,0xfcb4,0xf4f5,0xf515,0xed35,0xe555,
  0xd5b5,0xd637,0xde99,0xdeb9,0xde99,0xe75d,0x8c71,0x0000,0x0000,0x0000,0x0000,0x0000,
  0x0000,0x0000,0x0000,0x0000,0x0000,0x0000,0x0000,0x0000,0x0000,0x0000,0x0000,0x0000,
  0x0000,0x0000,0x0000,0x0000,0x0000,0x0000,0x0000,0x0000,0x0000,0x0000,0x0000,0x0000,
  0x0000,0x0000,0x0000,0x0000,0x0000,0x0000,0x0000,0x0000,0x0000,0x0000,0x0000,0x0000,
  0x0000,0x0000,0x0000,0x0000,0x0000,0x0000,0x0000,0x0000,0x0000,0x0000,0x0000,0x0000,
  0x0000,0x4166,0xb2ec,0xaa6a,0xb24a,0xc2cc,0xc2cc,0xcaed,0xdb4e,0xe3b0,0xebf1,0xec11,
  0xf432,0xf452,0xfc73,0xfc93,0xfc93,0xf493,0xdc92,0xacf3,0xadd6,0xa596,0x6b8e,0x0020,
  0x0000,0x0000,0x0000,0x0000,0x0000,0x0000,0x0000,0x0000,0x0000,0x0000,0x0000,0x0000,
  0x0000,0x0000,0x0000,0x0000,0x0000,0x0000,0x0000,0x0000,0x0000,0x0000,0x0000,0x0000,
  0x0000,0x0000,0x0000,0x0000,0x0000,0x0000,0x0000,0x0000,0x0000,0x0000,0x0000,0x0000,
  0x0000,0x0000,0x0000,0x0000,0x0000,0x0000,0x0000,0x0000,0x0000,0x0000,0x0000,0x0000,
  0x0000,0x0000,0x0000,0x0000,0x0000,0x0861,0x0020,0x4925,0xe3d0,0xdbb0,0xaa09,0xbacc,
  0xc2ec,0xc2ec,0xc2ec,0xd32d,0xe3af,0xebf0,0xebd0,0xe3d0,0xebd0,0xec11,0xf432,0xf411,
  0xec52,0x528a,0x18e3,0x0000,0x0000,0x0000,0x0000,0x0000,0x0000,0x0000,0x0000,0x0000,
  0x0000,0x0000,0x0000,0x0000,0x0000,0x0000,0x0000,0x0000,0x0000,0x0000,0x0000,0x0000,
  0x0000,0x0000,0x0000,0x0000,0x0000,0x0000,0x0000,0x0000,0x0000,0x0000,0x0000,0x0000,
  0x0000,0x0000,0x0000,0x0000,0x0000,0x0000,0x0000,0x0000,0x0000,0x0000,0x0000,0x0000,
  0x0000,0x0000,0x0000,0x0000,0x0000,0x0000,0x0000,0x0000,0x0000,0x0000,0x10a2,0x0000,
  0x59c7,0xfcb4,0xfcf5,0xba6a,0xaa4a,0xc34d,0xc32d,0xbacc,0xbaab,0xd34e,0xdb8f,0xcacc,
  0xd2ed,0xec52,0xe3d0,0xdb4e,0xe3d0,0x826a,0x0020,0x0000,0x0000,0x0000,0x0000,0x0000,
  0x0000,0x0000,0x0000,0x0000,0x0000,0x0000,0x0000,0x0000,0x0000,0x0000,0x0000,0x0000,
  0x0000,0x0000,0x0000,0x0000,0x0000,0x0000,0x0000,0x0000,0x0000,0x0000,0x0000,0x0000,
  0x0000,0x0000,0x0000,0x0000,0x0000,0x0000,0x0000,0x0000,0x0000,0x0000,0x0000,0x0000,
  0x0000,0x0000,0x0000,0x0000,0x0000,0x0000,0x0000,0x0000,0x0000,0x0000,0x0000,0x0000,
  0x0000,0x0000,0x0000,0x18c3,0x0000,0x8249,0xfc93,0xf493,0x4945,0x69c7,0xaa6a,0xb2ab,
  0xc32d,0xc2cc,0xd32e,0xd34e,0xa208,0xdb4e,0xfe19,0xecd4,0x9a09,0x4904,0x31c7,0x2965,
  0x0000,0x0000,0x0000,0x0000,0x0000,0x0000,0x0000,0x0000,0x0000,0x0000,0x0000,0x0000,
  0x0000,0x0000,0x0000,0x0000,0x0000,0x0000,0x0000,0x0000,0x0000,0x0000,0x0000,0x0000,
  0x0000,0x0000,0x0000,0x0000,0x0000,0x0000,0x0000,0x0000,0x0000,0x0000,0x0000,0x0000,
  0x0000,0x0000,0x0000,0x0000,0x0000,0x0000,0x0000,0x0000,0x0000,0x0000,0x0000,0x0000,
  0x0000,0x0000,0x0000,0x0000,0x0000,0x0000,0x0000,0x0000,0x18c3,0x0000,0x3904,0xe411,
  0x7a29,0x0000,0x18a2,0x91a7,0x9987,0x69a7,0x7229,0xc36e,0x8a6a,0x8249,0xdb6f,0xfdf8,
  0xc431,0x0841,0x0000,0x39c7,0x4a49,0x0861,0x0000,0x0000,0x0000,0x0000,0x0000,0x0000,
  0x0000,0x0000,0x0000,0x0000,0x0000,0x0000,0x0000,0x0000,0x0000,0x0000,0x0000,0x0000,
  0x0000,0x0000,0x0000,0x0000,0x0000,0x0000,0x0000,0x0000,0x0000,0x0000,0x0000,0x0000,
  0x0000,0x0000,0x0000,0x0000,0x0000,0x0000,0x0000,0x0000,0x0000,0x0000,0x0000,0x0000,
  0x0000,0x0000,0x0000,0x0000,0x0000,0x0000,0x0000,0x0000,0x0000,0x0000,0x0000,0x0000,
  0x0000,0x18c3,0x0000,0x0020,0xa534,0x0861,0x0000,0x30e3,0xa1e9,0xa1e9,0x2082,0x0000,
  0x20e3,0x0000,0x1061,0xcb4e,0xfd36,0xa34e,0x0000,0x1041,0x18e3,0x528a,0x2104,0x0000,
  0x0000,0x0000,0x0000,0x0000,0x0000,0x0000,0x0000,0x0000,0x0000,0x0000,0x0000,0x0000,
  0x0000,0x0000,0x0000,0x0000,0x0000,0x0000,0x0000,0x0000,0x0000,0x0000,0x0000,0x0000,
  0x0000,0x0000,0x0000,0x0000,0x0000,0x0000,0x0000,0x0000,0x0000,0x0000,0x0000,0x0000,
  0x0000,0x0000,0x0000,0x0000,0x0000,0x0000,0x0000,0x0000,0x0000,0x0000,0x0000,0x0000,
  0x0000,0x0000,0x0000,0x0000,0x0000,0x0000,0x18c3,0x0000,0x2124,0xef3c,0x2945,0x0000,
  0x20a2,0xc2ac,0xb28b,0x1041,0x0000,0x0000,0x0000,0x0000,0x928a,0xec52,0x3904,0x0000,
  0x1082,0x0841,0x39e7,0x3186,0x0020,0x0000,0x0000,0x0000,0x0000,0x0000,0x0000,0x0000,
  0x0000,0x0000,0x0000,0x0000,0x0000,0x0000,0x0000,0x0000,0x0000,0x0000,0x0000,0x0000,
  0x0000,0x0000,0x0000,0x0000,0x0000,0x0000,0x0000,0x0000,0x0000,0x0000,0x0000,0x0000,
  0x0000,0x0000,0x0000,0x0000,0x0000,0x0000,0x0000,0x0000,0x0000,0x0000,0x0000,0x0000,
  0x0000,0x0000,0x0000,0x0000,0x0000,0x0000,0x0000,0x0000,0x0000,0x0000,0x0020,0x18c3,
  0x0020,0x10a2,0x4a28,0x0861,0x0000,0x0000,0x6a29,0x6a8a,0x0000,0x0000,0x0000,0x0000,
  0x0000,0x39c7,0x7bae,0x0000,0x0000,0x0841,0x0841,0x2945,0x31a6,0x0861,0x0000,0x0000,
  0x0000,0x0000,0x0000,0x0000,0x0000,0x0000,0x0000,0x0000,0x0000,0x0000,0x0000,0x0000,
  0x0000,0x0000,0x0000,0x0000,0x0000,0x0000,0x0000,0x0000,0x0000,0x0000,0x0000,0x0000,
  0x0000,0x0000,0x0000,0x0000,0x0000,0x0000,0x0000,0x0000,0x0000,0x0000,0x0000,0x0000,
  0x0000,0x0000,0x0000,0x0000,0x0000,0x0000,0x0000,0x0000,0x0000,0x0000,0x0000,0x0000,
  0x0000,0x0000,0x0000,0x0000,0x0861,0x0841,0x18c3,0x0841,0x0000,0x0000,0x0000,0x4a69,
  0x738e,0x0000,0x0020,0x0000,0x0000,0x0000,0x2945,0x528a,0x0000,0x0000,0x0841,0x0861,
  0x18c3,0x31a6,0x10a2,0x0000,0x0000,0x0000,0x0000,0x0000,0x0000,0x0000,0x0000,0x0000,
  0x0000,0x0000,0x0000,0x0000,0x0000,0x0000,0x0000,0x0000,0x0000,0x0000,0x0000,0x0000,
  0x0000,0x0000,0x0000,0x0000,0x0000,0x0000,0x0000,0x0000,0x0000,0x0000,0x0000,0x0000,
  0x0000,0x0000,0x0000,0x0000,0x0000,0x0000,0x0000,0x0000,0x0000,0x0000,0x0000,0x0000,
  0x0000,0x0000,0x0000,0x0000,0x0000,0x0000,0x0000,0x0000,0x4a28,0x4208,0x0020,0x10a2,
  0x18c3,0x10a2,0x0000,0x0000,0x6b4d,0x9cd3,0x0000,0x0000,0x0000,0x0000,0x0000,0x632c,
  0xad55,0x0000,0x0000,0x0000,0x1082,0x1082,0x2104,0x2124,0x4a49,0x18c3,0x0000,0x0000,
  0x0000,0x0000,0x0000,0x0000,0x0000,0x0000,0x0000,0x0000,0x0000,0x0000,0x0000,0x0000,
  0x0000,0x0000,0x0000,0x0000,0x0000,0x0000,0x0000,0x0000,0x0000,0x0000,0x0000,0x0000,
  0x0000,0x0000,0x0000,0x0000,0x0000,0x0000,0x0000,0x0000,0x0000,0x0000,0x0000,0x0000,
  0x0000,0x0000,0x0000,0x0000,0x0000,0x0000,0x0000,0x0000,0x0000,0x0000,0x0020,0x0000,
  0x5acb,0xf75d,0xf7be,0xce59,0x4a49,0x2945,0xb575,0x5acb,0x0000,0x0841,0x0841,0x0000,
  0x0000,0x0000,0x0020,0x0000,0x8c50,0xdedb,0x0000,0x0000,0x4228,0x2944,0x0000,0x7bcf,
  0xe6fb,0xffff,0xdefb,0x0861,0x0020,0x0020,0x0000,0x0000,0x0000,0x0000,0x0000,0x0000,
  0x0000,0x0000,0x0000,0x0000,0x0000,0x0000,0x0000,0x0000,0x0000,0x0000,0x0000,0x0000,
  0x0000,0x0000,0x0000,0x0000,0x0000,0x0000,0x0000,0x0000,0x0000,0x0000,0x0000,0x0000,
  0x0000,0x0000,0x0000,0x0000,0x0000,0x0000,0x0000,0x0000,0x0000,0x0000,0x0000,0x0000,
  0x0000,0x0000,0x0000,0x0000,0x0000,0x4a49,0x6b4c,0xb575,0xffff,0xffff,0xef3c,0xffff,
  0xad55,0x0000,0x0000,0x0000,0x0000,0x0000,0x0000,0x0000,0x0000,0x18a2,0x2945,0x0000,
  0x18a2,0xce38,0xc5f7,0xad75,0xffff,0xffff,0xc638,0xa534,0x10a2,0x0000,0x0000,0x0000,
  0x0000,0x0000,0x0000,0x0000,0x0000,0x0000,0x0000,0x0000,0x0000,0x0000,0x0000,0x0000,
  0x0000,0x0000,0x0000,0x0000,0x0000,0x0000,0x0000,0x0000,0x0000,0x0000,0x0000,0x0000,
  0x0000,0x0000,0x0000,0x0000,0x0000,0x0000,0x0000,0x0000,0x0000,0x0000,0x0000,0x0000,
  0x0000,0x0000,0x0000,0x0000,0x0000,0x0000,0x0000,0x10a2,0x5269,0x6b4d,0x31a6,0x0020,
  0x18e3,0x6b4c,0xbdb6,0xc5f7,0xb596,0x4208,0x0000,0x0000,0x0000,0x0000,0x0000,0x0000,
  0x0000,0x0000,0x0000,0x0000,0x0000,0x0841,0x8c50,0xce58,0xb595,0xb575,0x630c,0x2104,
  0x2104,0x630c,0x630c,0x39c7,0x0000,0x0000,0x0000,0x0000,0x0000,0x0000,0x0000,0x0000,
  0x0000,0x0000,0x0000,0x0000,0x0000,0x0000,0x0000,0x0000,0x0000,0x0000,0x0000,0x0000,
  0x0000,0x0000,0x0000,0x0000,0x0000,0x0000,0x0000,0x0000,0x0000,0x0000,0x0000,0x0000,
  0x0000,0x0000,0x0000,0x0000,0x0000,0x0000,0x0000,0x0000,0x0000,0x0000,0x0000,0x736e,
  0xe6fb,0xffbe,0xffbe,0xe71c,0x630c,0x18c3,0x2104,0x2965,0x2104,0x0841,0x2104,0x0020,
  0x0000,0x0000,0x0000,0x0000,0x0000,0x0000,0x0000,0x0000,0x0000,0x0000,0x0020,0x3186,
  0x2104,0x1082,0x0861,0x0000,0x2924,0xb575,0xf79e,0xffdf,0xffff,0xc638,0x2965,0x0000,
  0x0000,0x0000,0x0000,0x0000,0x0000,0x0000,0x0000,0x0000,0x0000,0x0000,0x0000,0x0000,
  0x0000,0x0000,0x0000,0x0000,0x0000,0x0000,0x0000,0x0000,0x0000,0x0000,0x0000,0x0000,
  0x0000,0x0000,0x0000,0x0000,0x0000,0x0000,0x0000,0x0000,0x0000,0x0000,0x0000,0x0000,
  0x0000,0x0000,0x0000,0x6b4d,0xffbe,0xf77d,0xf79e,0xf7be,0xffff,0xffdf,0x6b4d,0x2965,
  0x2124,0x2104,0x10a2,0x2945,0x10a2,0x0000,0x0020,0x0000,0x0000,0x0000,0x0000,0x0000,
  0x0000,0x0020,0x0000,0x18e3,0x2965,0x0020,0x10a2,0x18c3,0x0841,0xa534,0xffff,0xf79e,
  0xf7be,0xf7be,0xffff,0xe71c,0x18c3,0x0000,0x0000,0x0000,0x0000,0x0000,0x0000,0x0000,
  0x0000,0x0000,0x0000,0x0000,0x0000,0x0000,0x0000,0x0000,0x0000,0x0000,0x0000,0x0000,
  0x0000,0x0000,0x0000,0x0000,0x0000,0x0000,0x0000,0x0000,0x0000,0x0000,0x0000,0x0000,
  0x0000,0x0000,0x0000,0x0000,0x0000,0x0000,0x0000,0x1082,0xc5f7,0xe6fb,0xf77d,0xf7be,
  0xffff,0xffdf,0xffff,0xbdf7,0x18e3,0x2104,0x18e3,0x18c3,0x18e3,0x0841,0x0000,0x0000,
  0x0000,0x0000,0x0000,0x0000,0x0000,0x0000,0x0000,0x0000,0x10a2,0x18e3,0x10a2,0x18e3,
  0x0020,0x39a6,0xe6fb,0xe71c,0xf79e,0xffdf,0xffff,0xf79e,0xffff,0x8410,0x0000,0x0020,
  0x0000,0x0000,0x0000,0x0000,0x0000,0x0000,0x0000,0x0000,0x0000,0x0000,0x0000,0x0000,
  0x0000,0x0000,0x0000,0x0000,0x0000,0x0000,0x0000,0x0000,0x0000,0x0000,0x0000,0x0000,
  0x0000,0x0000,0x0000,0x0000,0x0000,0x0000,0x0000,0x0000,0x0000,0x0000,0x0020,0x0000,
  0x3186,0xc618,0xd679,0xef7d,0xf79e,0xffbe,0xffdf,0xffff,0xe71c,0x2945,0x1082,0x1082,
  0x0861,0x31a6,0x7bcf,0x6b6d,0x630c,0x4a69,0x39c7,0x3186,0x39c7,0x528a,0x738e,0x8c50,
  0x9cf3,0x73ae,0x10a2,0x0861,0x18c3,0x0000,0x6b4d,0xde9a,0xdedb,0xef7d,0xf79e,0xffbf,
  0xf7be,0xffff,0xad75,0x0000,0x0000,0x0000,0x0000,0x0000,0x0000,0x0000,0x0000,0x0000,
  0x0000,0x0000,0x0000,0x0000,0x0000,0x0000,0x0000,0x0000,0x0000,0x0000,0x0000,0x0000,
  0x0000,0x0000,0x0000,0x0000,0x0000,0x0000,0x0000,0x0000,0x0000,0x0000,0x0000,0x0000,
  0x0000,0x0000,0x0000,0x0000,0x0000,0x4a49,0xbdf7,0xbdb6,0xe6fb,0xef7d,0xf79e,0xf7be,
  0xffdf,0xe73c,0x2945,0x39c7,0x83ef,0xad75,0xe73c,0xce38,0xa534,0xb575,0xad75,0xad55,
  0xad34,0xad34,0xad34,0xad34,0xad55,0xb596,0xc5f7,0x9cb2,0x630c,0x4208,0x10a2,0x738e,
  0xce38,0xce59,0xef3c,0xf77d,0xf79e,0xf79e,0xf7be,0xc618,0x3186,0x10a2,0x0000,0x0000,
  0x0000,0x0000,0x0000,0x0000,0x0000,0x0000,0x0000,0x0000,0x0000,0x0000,0x0000,0x0000,
  0x0000,0x0000,0x0000,0x0000,0x0000,0x0000,0x0000,0x0000,0x0000,0x0000,0x0000,0x0000,
  0x0000,0x0000,0x0000,0x0000,0x0000,0x0000,0x18c3,0x31a6,0x4228,0x528a,0xa514,0xc617,
  0xc5f7,0xdeba,0xe71c,0xef5d,0xf79e,0xf79e,0xef7d,0xce79,0xf77d,0xffff,0xffff,0xf79d,
  0xce38,0xc5f7,0xc5f7,0xc5f7,0xc618,0xce38,0xc618,0xbdd7,0xad55,0x9cd3,0x7bcf,0x8c30,
  0xb554,0xc5d6,0xc5d6,0xad54,0xad54,0xc5f7,0xce38,0xdedb,0xe73c,0xef7d,0xf77d,0xf77d,
  0xf7be,0xf77d,0xe71b,0xce59,0x528a,0x0000,0x0000,0x0000,0x0000,0x0000,0x0000,0x0000,
  0x0000,0x0000,0x0000,0x0000,0x0000,0x0000,0x0000,0x0000,0x0000,0x0000,0x0000,0x0000,
  0x0000,0x0000,0x0000,0x0000,0x0000,0x0000,0x0000,0x0000,0x0000,0x2965,0xc638,0xef5d,
  0xef3c,0xc617,0x9cd3,0x9cd3,0xb575,0xde9a,0xef5d,0xf79e,0xffbe,0xffdf,0xffdf,0xffdf,
  0xffff,0xef7d,0xe71b,0xe71c,0xe73c,0xe71b,0xdefb,0xe6fb,0xe6fb,0xe6fb,0xe6fb,0xe6fb,
  0xe71c,0xe71c,0xe71c,0xe6fb,0xc618,0xad54,0xa4f3,0xa4f3,0xbd95,0xc5f7,0xce17,0xdeba,
  0xef3c,0xf79e,0xf7be,0xffbe,0xf79e,0xef5d,0xef5d,0xe73c,0xdedb,0x8410,0x52aa,0x5aeb,
  0x2104,0x0000,0x0000,0x0000,0x0000,0x0000,0x0000,0x0000,0x0000,0x0000,0x0000,0x0000,
  0x0000,0x0000,0x0000,0x0000,0x0000,0x0000,0x0000,0x0000,0x0000,0x0000,0x0000,0x0000,
  0x0000,0x0000,0x10a2,0x6b4c,0x9cb2,0xad54,0xd699,0xef3c,0xce58,0xb595,0xbdb6,0xce38,
  0xdeba,0xe71c,0xef5d,0xef7d,0xef7d,0xef5c,0xef5d,0xf79d,0xf7be,0xf79d,0xef3c,0xef3c,
  0xef5c,0xef3c,0xef3c,0xef3c,0xe73c,0xe73c,0xe73c,0xef3c,0xef3c,0xef5c,0xef5c,0xef3c,
  0xdeda,0xd679,0xd679,0xdeba,0xdedb,0xe73c,0xef5d,0xef7d,0xf77d,0xf77d,0xffde,0xffff,
  0x8410,0x0000,0x4228,0xd679,0xd6ba,0x6b6d,0x0000,0x0000,0x0000,0x0000,0x0000,0x0000,
  0x0000,0x0000,0x0000,0x0000,0x0000,0x0000,0x0000,0x0000,0x0000,0x0000,0x0000,0x0000,
  0x0000,0x0000,0x0000,0x0000,0x0000,0x0000,0x0000,0x2965,0x6b6d,0x0000,0x0000,0x6b4c,
  0xe6fb,0xf79d,0xffff,0xffff,0xffff,0xffff,0xffdf,0xffde,0xffbe,0xffbe,0xf77d,0xf77d,
  0xef5c,0xef3c,0xe71c,0xef3c,0xef5c,0xef3c,0xef3c,0xef3c,0xef3c,0xef3c,0xef5c,0xef5c,
  0xef5c,0xef7d,0xef3c,0xe6fb,0xe71b,0xef3c,0xf77d,0xef5c,0xd6ba,0xc638,0xc617,0xc617,
  0xbdd7,0xbdd6,0xb5b6,0xa514,0x738e,0x18e3,0x0000,0x0000,0x0000,0x0000,0x0000,0x0000,
  0x0000,0x0000,0x0000,0x0000,0x0000,0x0000,0x0000,0x0000,0x0000,0x0000,0x0000,0x0000,
  0x0000,0x0000,0x0000,0x0000,0x0000,0x0000,0x0000,0x0000,0x0000,0x0000,0x0000,0x0000,
  0x0841,0x18c3,0x0020,0x0000,0x0000,0x0861,0x2945,0x41e7,0x4a69,0x528a,0x4a49,0x39e7,
  0x3186,0x3185,0x4228,0xe6fb,0xffff,0xf79e,0xf79e,0xffbe,0xffdf,0xffff,0xffff,0xffff,
  0xffff,0xffff,0xffff,0xffff,0xffde,0xffbe,0xf7be,0xf7be,0xf79d,0xf79e,0xffff,0xef7d,
  0x2945,0x0000,0x0000,0x0000,0x1082,0x9cf3,0xad75,0x2104,0x0000,0x0000,0x0000,0x0000,
  0x0000,0x0000,0x0000,0x0000,0x0000,0x0000,0x0000,0x0000,0x0000,0x0000,0x0000,0x0000,
  0x0000,0x0000,0x0000,0x0000,0x0000,0x0000,0x0000,0x0000,0x0000,0x0000,0x0000,0x0000,
  0x0000,0x0000,0x0000,0x0000,0x0000,0x0000,0x0000,0x0000,0x0000,0x0000,0x0000,0x0000,
  0x0000,0x0000,0x0000,0x0000,0x0000,0x0000,0x0000,0x0000,0x738d,0xad34,0xc5f7,0xd679,
  0xd679,0xce38,0xb596,0x94b2,0x83ef,0x73ae,0x7bcf,0x8c51,0xad54,0xce38,0xdeda,0xe71b,
  0xe73c,0xe6fb,0xce79,0xad75,0x6b4c,0x0020,0x0000,0x0000,0x0000,0x0020,0x31a6,0x4228,
  0x1082,0x0000,0x0020,0x0000,0x0000,0x0000,0x0000,0x0000,0x0000,0x0000,0x0000,0x0000,
  0x0000,0x0000,0x0000,0x0000,0x0000,0x0000,0x0000,0x0000,0x0000,0x0000,0x0000,0x0000,
  0x0000,0x0000,0x0000,0x0000,0x0000,0x0000,0x0000,0x0000,0x0000,0x0000,0x0000,0x0000,
  0x0000,0x0000,0x0000,0x0000,0x0000,0x0000,0x0000,0x0000,0x0000,0x0000,0x0000,0x0000,
  0x0000,0x0000,0x0000,0x0000,0x0000,0x0000,0x0000,0x0000,0x0000,0x0000,0x0000,0x0000,
  0x0000,0x0000,0x0000,0x0841,0x1081,0x1082,0x0841,0x0000,0x0000,0x0000,0x0000,0x0000,
  0x0000,0x0000,0x0000,0x0000,0x0000,0x0000,0x0000,0x0000,0x0000,0x0000,0x0000,0x0000,
  0x0000,0x0000,0x0000,0x0000,0x0000,0x0000,0x0000,0x0000,0x0000,0x0000,0x0000,0x0000,
  0x0000,0x0000,0x0000,0x0000,0x0000,0x0000,0x0000,0x0000,0x0000,0x0000,0x0000,0x0000,
  0x0000,0x0000,0x0000,0x0000,0x0000,0x0000,0x0000,0x0000,0x0000,0x0000,0x0000,0x0000,
  0x0000,0x0000,0x0000,0x0000,0x0000,0x0000,0x0000,0x0000,0x0000,0x0000,0x0000,0x0000,
  0x0000,0x0020,0x0020,0x0020,0x0020,0x0000,0x0000,0x0000,0x0000,0x0000,0x0000,0x0000,
  0x0000,0x0000,0x0020,0x0000,0x0000,0x0000,0x0000,0x0000,0x0000,0x0000,0x0000,0x0000,
  0x0000,0x0000,0x0000,0x0000,0x0000,0x0000,0x0000,0x0000,0x0000,0x0000,0x0000,0x0000,
  0x0000,0x0000,0x0000,0x0000,0x0000,0x0000,0x0000,0x0000,0x0000,0x0000,0x0000,0x0000,
  0x0000,0x0000,0x0000,0x0000,0x0000,0x0000,0x0000,0x0000,0x0000,0x0000,0x0000,0x0000,
  0x0000,0x0000,0x0000,0x0000,0x0000,0x0000,0x0000,0x0000,0x0000,0x0000,0x0000,0x0000,
  0x0000,0x0000,0x0000,0x0000,0x0000,0x0000,0x0000,0x0000,0x0000,0x0000,0x0000,0x0000,
  0x0000,0x0000,0x0000,0x0000,0x0000,0x0000,0x0000,0x0000,0x0000,0x0000,0x0000,0x0000,
  0x0000,0x0000,0x0000,0x0000,0x0000,0x0000,0x0000,0x0000,0x0000,0x0000,0x0000,0x0000,
  0x0000,0x0000,0x0000,0x0000,0x0000,0x0000,0x0000,0x0000,0x0000,0x0000,0x0000,0x0000,
  0x0000,0x0000,0x0000,0x0000,0x0000,0x0000,0x0000,0x0000,0x0000,0x0000,0x0000,0x0000,
  0x0000,0x0000,0x0000,0x0000,0x0000,0x0000,0x0000,0x0000,0x0000,0x0000,0x0000,0x0000,
  0x0000,0x0000,0x0000,0x0000,0x0000,0x0000,0x0000,0x0000,0x0000,0x0000,0x0000,0x0000,
  0x0000,0x0000,0x0000,0x0000,0x0000,0x0000,0x0000,0x0000,0x0000,0x0000,0x0000,0x0000,
  0x0000,0x0000,0x0000,0x0000,0x0000,0x0000,0x0000,0x0000,0x0000,0x0000,0x0000,0x0000,
  0x0000,0x0000,0x0000,0x0000,0x0000,0x0000,0x0000,0x0000,0x0000,0x0000,0x0000,0x0000,
  0x0000,0x0000,0x0000,0x0000,0x0000,0x0000,0x0000,0x0000,0x0000,0x0000,0x0000,0x0000,
  0x0000,0x0000,0x0000,0x0000,0x0000,0x0000,0x0000,0x0000,0x0000,0x0000,0x0000,0x0000,
  0x0000,0x0000,0x0000,0x0000,0x0000,0x0000,0x0000,0x0000,0x0000,0x0000,0x0000,0x0000,
  0x0000,0x0000,0x0000,0x0000,0x0000,0x0000,0x0000,0x0000,0x0000,0x0000,0x0000,0x0000,
  0x0000,0x0000,0x0000,0x0000,0x0000,0x0000,0x0000,0x0000,0x0000,0x0000,0x0000,0x0000,
  0x0000,0x0000,0x0000,0x0000,0x0000,0x0000,0x0000,0x0000,0x0000,0x0000,0x0000,0x0000,
  0x0000,0x0000,0x0000,0x0000,0x0000,0x0000,0x0000,0x0000,0x0000,0x0000,0x0000,0x0000,
};
static const uint8_t MILKY_ESTOP_MASK[] PROGMEM = {
  0xff,0xff,0xff,0xff,0xff,0xff,0xff,0xff,0xff,0xf8,0xff,0xff,0xff,0xff,0xff,0xff,
  0xff,0xff,0xff,0xf8,0xff,0xff,0xff,0xff,0xff,0xff,0xff,0xff,0xff,0xf8,0xff,0xff,
  0xff,0xff,0xff,0xff,0xff,0xff,0xff,0xf8,0xff,0xff,0xff,0xff,0xff,0xff,0xff,0xff,
  0xff,0xf8,0xff,0xff,0xff,0xff,0xff,0xff,0xff,0xff,0xff,0xf8,0xff,0xff,0xff,0xff,
  0xff,0xff,0xff,0xff,0xff,0xf8,0xff,0xff,0xff,0xff,0xff,0xff,0xff,0xff,0xff,0xf8,
  0xff,0xff,0xff,0xff,0xff,0xff,0xff,0xff,0xff,0xf8,0xff,0xff,0xff,0xff,0xff,0xff,
  0xff,0xff,0xff,0xf8,0xff,0xff,0xff,0xff,0xff,0xff,0xff,0xff,0xff,0xf8,0xff,0xff,
  0xff,0xff,0xff,0xff,0xff,0xff,0xff,0xf8,0xff,0xff,0xff,0xff,0xff,0xff,0xff,0xff,
  0xff,0xf8,0xff,0xff,0xff,0xff,0xff,0xff,0xff,0xff,0xff,0xf8,0xff,0xff,0xff,0xff,
  0xff,0xff,0xff,0xff,0xff,0xf8,0xff,0xff,0xff,0xff,0xff,0xff,0xff,0xff,0xff,0xf8,
  0xff,0xff,0xff,0xff,0xff,0xff,0xff,0xff,0xff,0xf8,0xff,0xff,0xff,0xff,0xff,0xff,
  0xff,0xff,0xff,0xf8,0xff,0xff,0xff,0xff,0xff,0xff,0xff,0xff,0xff,0xf8,0xff,0xff,
  0xff,0xff,0xff,0xff,0xff,0xff,0xff,0xf8,0xff,0xff,0xff,0xff,0xff,0xff,0xff,0xff,
  0xff,0xf8,0xff,0xff,0xff,0xff,0xff,0xff,0xff,0xff,0xff,0xf8,0xff,0xff,0xff,0xff,
  0xff,0xff,0xff,0xff,0xff,0xf8,0xff,0xff,0xff,0xff,0xff,0xff,0xff,0xff,0xff,0xf8,
  0xff,0xff,0xff,0xff,0xff,0xff,0xff,0xff,0xff,0xf8,0xff,0xff,0xff,0xff,0xff,0xff,
  0xff,0xff,0xff,0xf8,0xff,0xff,0xff,0xff,0xff,0xff,0xff,0xff,0xff,0xf8,0xff,0xff,
  0xff,0xff,0xff,0xff,0xff,0xff,0xff,0xf8,0xff,0xff,0xff,0xff,0xff,0xff,0xff,0xff,
  0xff,0xf8,0xff,0xff,0xff,0xff,0xff,0xff,0xff,0xff,0xff,0xf8,0xff,0xff,0xff,0xff,
  0xff,0xff,0xff,0xff,0xff,0xf8,0xff,0xff,0xff,0xff,0xff,0xff,0xff,0xff,0xff,0xf8,
  0xff,0xff,0xff,0xff,0xff,0xff,0xff,0xff,0xff,0xf8,0xff,0xff,0xff,0xff,0xff,0xff,
  0xff,0xff,0xff,0xf8,0xff,0xff,0xff,0xff,0xff,0xff,0xff,0xff,0xff,0xf8,0xff,0xff,
  0xff,0xff,0xff,0xff,0xff,0xff,0xff,0xf8,0xff,0xff,0xff,0xff,0xff,0xff,0xff,0xff,
  0xff,0xf8,0xff,0xff,0xff,0xff,0xff,0xff,0xff,0xff,0xff,0xf8,0xff,0xff,0xff,0xff,
  0xff,0xff,0xff,0xff,0xff,0xf8,0xff,0xff,0xff,0xff,0xff,0xff,0xff,0xff,0xff,0xf8,
  0xff,0xff,0xff,0xff,0xff,0xff,0xff,0xff,0xff,0xf8,0xff,0xff,0xff,0xff,0xff,0xff,
  0xff,0xff,0xff,0xf8,0xff,0xff,0xff,0xff,0xff,0xff,0xff,0xff,0xff,0xf8,0xff,0xff,
  0xff,0xff,0xff,0xff,0xff,0xff,0xff,0xf8,0xff,0xff,0xff,0xff,0xff,0xff,0xff,0xff,
  0xff,0xf8,0xff,0xff,0xff,0xff,0xff,0xff,0xff,0xff,0xff,0xf8,0xff,0xff,0xff,0xff,
  0xff,0xff,0xff,0xff,0xff,0xf8,0xff,0xff,0xff,0xff,0xff,0xff,0xff,0xff,0xff,0xf8,
  0xff,0xff,0xff,0xff,0xff,0xff,0xff,0xff,0xff,0xf8,0xff,0xff,0xff,0xff,0xff,0xff,
  0xff,0xff,0xff,0xf8,0xff,0xff,0xff,0xff,0xff,0xff,0xff,0xff,0xff,0xf8,0xff,0xff,
  0xff,0xff,0xff,0xff,0xff,0xff,0xff,0xf8,0xff,0xff,0xff,0xff,0xff,0xff,0xff,0xff,
  0xff,0xf8,0xff,0xff,0xff,0xff,0xff,0xff,0xff,0xff,0xff,0xf8,0xff,0xff,0xff,0xff,
  0xff,0xff,0xff,0xff,0xff,0xf8,0xff,0xff,0xff,0xff,0xff,0xff,0xff,0xff,0xff,0xf8,
  0xff,0xff,0xff,0xff,0xff,0xff,0xff,0xff,0xff,0xf8,0xff,0xff,0xff,0xff,0xff,0xff,
  0xff,0xff,0xff,0xf8,0xff,0xff,0xff,0xff,0xff,0xff,0xff,0xff,0xff,0xf8,0xff,0xff,
  0xff,0xff,0xff,0xff,0xff,0xff,0xff,0xf8,0xff,0xff,0xff,0xff,0xff,0xff,0xff,0xff,
  0xff,0xf8,0xff,0xff,0xff,0xff,0xff,0xff,0xff,0xff,0xff,0xf8,0xff,0xff,0xff,0xff,
  0xff,0xff,0xff,0xff,0xff,0xf8,0xff,0xff,0xff,0xff,0xff,0xff,0xff,0xff,0xff,0xf8,
  0xff,0xff,0xff,0xff,0xff,0xff,0xff,0xff,0xff,0xf8,0xff,0xff,0xff,0xff,0xff,0xff,
  0xff,0xff,0xff,0xf8,0xff,0xff,0xff,0xff,0xff,0xff,0xff,0xff,0xff,0xf8,0xff,0xff,
  0xff,0xff,0xff,0xff,0xff,0xff,0xff,0xf8,0xff,0xff,0xff,0xff,0xff,0xff,0xff,0xff,
  0xff,0xf8,0xff,0xff,0xff,0xff,0xff,0xff,0xff,0xff,0xff,0xf8,0xff,0xff,0xff,0xff,
  0xff,0xff,0xff,0xff,0xff,0xf8,0xff,0xff,0xff,0xff,0xff,0xff,0xff,0xff,0xff,0xf8,
  0xff,0xff,0xff,0xff,0xff,0xff,0xff,0xff,0xff,0xf8,0xff,0xff,0xff,0xff,0xff,0xff,
  0xff,0xff,0xff,0xf8,0xff,0xff,0xff,0xff,0xff,0xff,0xff,0xff,0xff,0xf8,0xff,0xff,
  0xff,0xff,0xff,0xff,0xff,0xff,0xff,0xf8,0xff,0xff,0xff,0xff,0xff,0xff,0xff,0xff,
  0xff,0xf8,0xff,0xff,0xff,0xff,0xff,0xff,0xff,0xff,0xff,0xf8,0xff,0xff,0xff,0xff,
  0xff,0xff,0xff,0xff,0xff,0xf8,0xff,0xff,0xff,0xff,0xff,0xff,0xff,0xff,0xff,0xf8,
  0xff,0xff,0xff,0xff,0xff,0xff,0xff,0xff,0xff,0xf8,0xff,0xff,0xff,0xff,0xff,0xff,
  0xff,0xff,0xff,0xf8,0xff,0xff,0xff,0xff,0xff,0xff,0xff,0xff,0xff,0xf8,0xff,0xff,
  0xff,0xff,0xff,0xff,0xff,0xff,0xff,0xf8,0xff,0xff,0xff,0xff,0xff,0xff,0xff,0xff,
  0xff,0xf8,0xff,0xff,0xff,0xff,0xff,0xff,0xff,0xff,0xff,0xf8,0xff,0xff,0xff,0xff,
  0xff,0xff,0xff,0xff,0xff,0xf8,0xff,0xff,0xff,0xff,0xff,0xff,0xff,0xff,0xff,0xf8,
  0xff,0xff,0xff,0xff,0xff,0xff,0xff,0xff,0xff,0xf8,0xff,0xff,0xff,0xff,0xff,0xff,
  0xff,0xff,0xff,0xf8,0xff,0xff,0xff,0xff,0xff,0xff,0xff,0xff,0xff,0xf8,0xff,0xff,
  0xff,0xff,0xff,0xff,0xff,0xff,0xff,0xf8,0xff,0xff,0xff,0xff,0xff,0xff,0xff,0xff,
  0xff,0xf8,0xff,0xff,0xff,0xff,0xff,0xff,0xff,0xff,0xff,0xf8,0xff,0xff,0xff,0xff,
  0xff,0xff,0xff,0xff,0xff,0xf8,0xff,0xff,0xff,0xff,0xff,0xff,0xff,0xff,0xff,0xf8,
};
static const MilkySprite MILKY_ESTOP = { MILKY_ESTOP_PX, MILKY_ESTOP_MASK, 77, 96 };

enum MilkyMood { MILKY_MOOD_IDLE = 0, MILKY_MOOD_RUNNING, MILKY_MOOD_WORKING,
                 MILKY_MOOD_TIRED, MILKY_MOOD_SPENT, MILKY_MOOD_ESTOP,
                 MILKY_MOOD_COUNT };
static const MilkySprite* const MILKY_MOODS[MILKY_MOOD_COUNT] = {
  &MILKY_IDLE,
  &MILKY_RUNNING,
  &MILKY_WORKING,
  &MILKY_TIRED,
  &MILKY_SPENT,
  &MILKY_ESTOP,
};
